case,fold,expert,oof_score,train_selected_constant,v111,v113,v214,v315
0000.txt,4,v113,162,v113,162,162,161,164
0001.txt,3,v113,78,v113,77,78,79,77
0002.txt,2,v113,536,v113,531,536,532,554
0003.txt,3,v113,163,v113,163,163,167,159
0004.txt,0,v113,192,v113,197,192,200,196
0005.txt,1,v113,123,v113,124,123,132,122
0006.txt,3,v113,138,v113,138,138,134,130
0007.txt,3,v113,293,v113,295,293,298,289
0008.txt,4,v113,113,v113,116,113,115,115
0009.txt,4,v113,60,v113,60,60,61,60
0010.txt,0,v113,210,v113,216,210,209,214
0011.txt,0,v113,358,v113,373,358,391,374
0012.txt,0,v113,154,v113,149,154,154,152
0013.txt,0,v113,252,v113,257,252,244,248
0014.txt,2,v113,125,v113,123,125,129,130
0015.txt,0,v113,181,v113,180,181,171,174
0016.txt,4,v113,426,v113,429,426,445,412
0017.txt,2,v113,376,v113,373,376,403,375
0018.txt,4,v113,112,v113,109,112,114,109
0019.txt,4,v113,159,v113,168,159,167,163
0020.txt,2,v113,103,v113,108,103,103,102
0021.txt,0,v113,105,v113,103,105,108,105
0022.txt,4,v113,280,v113,277,280,281,278
0023.txt,1,v113,275,v113,283,275,284,272
0024.txt,3,v113,105,v113,106,105,105,103
0025.txt,4,v113,194,v113,201,194,202,197
0026.txt,3,v113,255,v113,257,255,273,250
0027.txt,1,v113,199,v113,196,199,201,207
0028.txt,4,v113,93,v113,94,93,97,90
0029.txt,3,v113,164,v113,166,164,163,168
0030.txt,3,v113,488,v113,485,488,474,478
0031.txt,3,v113,138,v113,139,138,143,144
0032.txt,1,v113,167,v113,172,167,168,176
0033.txt,3,v113,169,v113,170,169,166,171
0034.txt,0,v113,394,v113,407,394,401,408
0035.txt,3,v113,523,v113,514,523,543,530
0036.txt,2,v113,245,v113,249,245,248,256
0037.txt,2,v113,281,v113,274,281,286,280
0038.txt,3,v113,151,v113,147,151,154,152
0039.txt,3,v113,168,v113,168,168,168,167
0040.txt,1,v113,225,v113,233,225,219,228
0041.txt,1,v113,218,v113,219,218,226,225
0042.txt,0,v113,164,v113,158,164,163,160
0043.txt,3,v113,146,v113,146,146,139,145
0044.txt,0,v113,138,v113,139,138,144,142
0045.txt,3,v113,188,v113,185,188,186,185
0046.txt,4,v113,442,v113,445,442,475,443
0047.txt,0,v113,432,v113,441,432,468,442
0048.txt,3,v113,84,v113,83,84,84,84
0049.txt,3,v113,116,v113,113,116,117,113
0050.txt,4,v113,201,v113,199,201,203,203
0051.txt,0,v113,130,v113,130,130,131,126
0052.txt,4,v113,384,v113,379,384,389,403
0053.txt,3,v113,167,v113,166,167,178,164
0054.txt,1,v113,60,v113,63,60,62,63
0055.txt,0,v113,135,v113,132,135,142,138
0056.txt,3,v113,90,v113,90,90,91,90
0057.txt,0,v113,252,v113,247,252,263,244
0058.txt,4,v113,188,v113,192,188,194,194
0059.txt,0,v113,80,v113,80,80,83,84
0060.txt,0,v113,142,v113,140,142,141,141
0061.txt,4,v113,338,v113,335,338,354,359
0062.txt,1,v113,288,v113,283,288,288,284
0063.txt,2,v113,80,v113,80,80,80,82
0064.txt,2,v113,212,v113,213,212,225,219
0065.txt,2,v113,216,v113,210,216,215,217
0066.txt,2,v113,76,v113,75,76,79,78
0067.txt,4,v113,228,v113,225,228,238,234
0068.txt,1,v113,312,v113,314,312,333,330
0069.txt,1,v113,171,v113,173,171,176,175
0070.txt,4,v113,128,v113,127,128,136,132
0071.txt,0,v113,486,v113,482,486,499,480
0072.txt,4,v113,127,v113,126,127,126,127
0073.txt,3,v113,266,v113,266,266,277,269
0074.txt,1,v113,110,v113,111,110,111,106
0075.txt,4,v113,222,v113,228,222,228,214
0076.txt,2,v113,88,v113,86,88,89,89
0077.txt,4,v113,157,v113,152,157,162,160
0078.txt,2,v113,402,v113,409,402,420,412
0079.txt,1,v113,276,v113,279,276,296,281
0080.txt,1,v113,194,v113,199,194,205,203
0081.txt,0,v113,212,v113,219,212,216,215
0082.txt,3,v113,273,v113,263,273,291,273
0083.txt,3,v113,160,v113,157,160,164,159
0084.txt,3,v113,129,v113,129,129,142,133
0085.txt,4,v113,74,v113,74,74,75,74
0086.txt,2,v113,145,v113,143,145,148,139
0087.txt,0,v113,97,v113,98,97,96,97
0088.txt,3,v113,86,v113,86,86,86,82
0089.txt,4,v113,332,v113,341,332,350,320
0090.txt,1,v113,383,v113,389,383,416,377
0091.txt,0,v113,315,v113,320,315,327,326
0092.txt,0,v113,505,v113,537,505,477,520
0093.txt,1,v113,109,v113,110,109,107,106
0094.txt,3,v113,113,v113,110,113,114,111
0095.txt,2,v113,196,v113,205,196,195,205
0096.txt,4,v113,76,v113,76,76,75,74
0097.txt,1,v113,157,v113,161,157,161,161
0098.txt,1,v113,115,v113,116,115,120,120
0099.txt,2,v113,147,v113,151,147,155,154
0100.txt,2,v113,500,v113,481,500,518,499
0101.txt,2,v113,87,v113,87,87,86,85
0102.txt,1,v113,223,v113,227,223,227,220
0103.txt,2,v113,87,v113,88,87,91,86
0104.txt,2,v113,136,v113,133,136,135,134
0105.txt,1,v113,103,v113,104,103,103,100
0106.txt,0,v113,122,v113,123,122,122,119
0107.txt,1,v113,329,v113,326,329,353,322
0108.txt,1,v113,56,v113,56,56,56,57
0109.txt,3,v113,239,v113,238,239,240,250
0110.txt,4,v113,151,v113,156,151,159,156
0111.txt,0,v113,67,v113,67,67,67,67
0112.txt,2,v113,101,v113,100,101,102,103
0113.txt,1,v113,157,v113,156,157,158,155
0114.txt,1,v113,86,v113,86,86,86,85
0115.txt,3,v113,324,v113,324,324,342,323
0116.txt,3,v113,103,v113,104,103,109,106
0117.txt,3,v113,416,v113,427,416,432,403
0118.txt,2,v113,376,v113,381,376,379,387
0119.txt,4,v113,79,v113,79,79,80,78
0120.txt,4,v113,297,v113,311,297,318,309
0121.txt,4,v113,385,v113,399,385,395,394
0122.txt,2,v113,76,v113,76,76,76,77
0123.txt,4,v113,202,v113,202,202,211,200
0124.txt,2,v113,185,v113,177,185,181,182
0125.txt,1,v113,361,v113,374,361,362,365
0126.txt,0,v113,118,v113,120,118,121,123
0127.txt,0,v113,51,v113,51,51,51,52
0128.txt,1,v113,306,v113,310,306,305,315
0129.txt,1,v113,154,v113,157,154,155,152
0130.txt,0,v113,286,v113,283,286,285,285
0131.txt,4,v113,257,v113,258,257,253,249
0132.txt,0,v113,312,v113,304,312,309,319
0133.txt,1,v113,532,v113,534,532,588,538
0134.txt,4,v113,422,v113,418,422,444,419
0135.txt,4,v113,268,v113,264,268,265,268
0136.txt,0,v113,163,v113,169,163,161,166
0137.txt,2,v113,164,v113,164,164,159,167
0138.txt,0,v113,250,v113,254,250,268,252
0139.txt,2,v113,223,v113,226,223,231,221
0140.txt,3,v113,232,v113,231,232,236,234
0141.txt,2,v113,330,v113,319,330,342,312
0142.txt,4,v113,234,v113,242,234,249,244
0143.txt,1,v113,146,v113,146,146,148,142
0144.txt,4,v113,51,v113,51,51,51,51
0145.txt,4,v113,175,v113,177,175,179,179
0146.txt,2,v113,383,v113,381,383,399,382
0147.txt,4,v113,125,v113,125,125,124,122
0148.txt,0,v113,330,v113,330,330,336,329
0149.txt,3,v113,58,v113,58,58,58,58
0150.txt,2,v113,112,v113,111,112,117,111
0151.txt,2,v113,125,v113,125,125,123,121
0152.txt,1,v113,186,v113,190,186,195,192
0153.txt,2,v113,247,v113,253,247,257,253
0154.txt,4,v113,157,v113,157,157,170,162
0155.txt,0,v113,226,v113,228,226,240,233
0156.txt,2,v113,95,v113,94,95,95,96
0157.txt,2,v113,467,v113,469,467,515,471
0158.txt,1,v113,127,v113,122,127,127,125
0159.txt,2,v113,168,v113,175,168,174,165
0160.txt,1,v113,109,v113,109,109,110,111
0161.txt,2,v113,316,v113,321,316,335,326
0162.txt,4,v113,179,v113,180,179,184,190
0163.txt,2,v113,163,v113,163,163,161,161
0164.txt,1,v113,170,v113,162,170,169,170
0165.txt,0,v113,189,v113,187,189,189,192
0166.txt,1,v113,135,v113,135,135,138,135
0167.txt,4,v113,112,v113,111,112,115,112
0168.txt,3,v113,158,v113,158,158,165,161
0169.txt,2,v113,252,v113,251,252,269,252
0170.txt,3,v113,115,v113,115,115,115,117
0171.txt,3,v113,146,v113,143,146,144,145
0172.txt,4,v113,202,v113,196,202,205,192
0173.txt,3,v113,184,v113,187,184,187,184
0174.txt,0,v113,88,v113,88,88,90,88
0175.txt,4,v113,183,v113,183,183,193,181
0176.txt,1,v113,311,v113,305,311,323,318
0177.txt,3,v113,94,v113,98,94,99,95
0178.txt,0,v113,452,v113,450,452,490,465
0179.txt,1,v113,347,v113,353,347,348,354
0180.txt,0,v113,144,v113,137,144,145,142
0181.txt,1,v113,150,v113,150,150,160,157
0182.txt,3,v113,318,v113,318,318,344,329
0183.txt,2,v113,237,v113,245,237,233,235
0184.txt,3,v113,74,v113,73,74,73,74
0185.txt,3,v113,155,v113,154,155,159,156
0186.txt,2,v113,239,v113,236,239,253,237
0187.txt,0,v113,207,v113,206,207,204,202
0188.txt,0,v113,368,v113,370,368,397,369
0189.txt,2,v113,141,v113,134,141,135,136
0190.txt,1,v113,249,v113,255,249,264,250
0191.txt,2,v113,124,v113,126,124,127,128
0192.txt,3,v113,63,v113,63,63,63,63
0193.txt,4,v113,376,v113,378,376,430,382
0194.txt,4,v113,217,v113,221,217,206,219
0195.txt,3,v113,363,v113,373,363,367,383
0196.txt,3,v113,322,v113,316,322,345,333
0197.txt,0,v113,93,v113,93,93,93,96
0198.txt,1,v113,242,v113,244,242,247,245
0199.txt,0,v113,155,v113,155,155,151,154
0200.txt,0,v113,47,v113,47,47,47,47
0201.txt,1,v113,299,v113,297,299,316,313
0202.txt,2,v113,56,v113,56,56,56,56
0203.txt,0,v113,200,v113,197,200,195,194
0204.txt,4,v113,200,v113,204,200,202,197
0205.txt,4,v113,308,v113,313,308,334,318
0206.txt,1,v113,362,v113,347,362,362,357
0207.txt,0,v113,68,v113,68,68,68,69
0208.txt,4,v113,110,v113,112,110,109,110
0209.txt,0,v113,82,v113,82,82,84,80
0210.txt,3,v113,236,v113,233,236,229,230
0211.txt,4,v113,142,v113,138,142,144,140
0212.txt,0,v113,125,v113,125,125,125,122
0213.txt,3,v113,60,v113,60,60,62,60
0214.txt,0,v113,77,v113,77,77,80,79
0215.txt,4,v113,361,v113,363,361,382,359
0216.txt,4,v113,220,v113,221,220,226,224
0217.txt,2,v113,69,v113,69,69,67,70
0218.txt,3,v113,343,v113,336,343,346,337
0219.txt,0,v113,503,v113,510,503,537,507
0220.txt,3,v113,334,v113,343,334,360,343
0221.txt,0,v113,194,v113,202,194,199,196
0222.txt,2,v113,115,v113,115,115,110,110
0223.txt,0,v113,247,v113,240,247,248,250
0224.txt,2,v113,252,v113,246,252,253,251
0225.txt,1,v113,128,v113,128,128,130,132
0226.txt,3,v113,144,v113,150,144,148,148
0227.txt,0,v113,293,v113,291,293,290,278
0228.txt,4,v113,198,v113,194,198,188,193
0229.txt,1,v113,164,v113,168,164,169,163
0230.txt,0,v113,57,v113,56,57,57,56
0231.txt,0,v113,300,v113,300,300,315,306
0232.txt,1,v113,281,v113,282,281,300,287
0233.txt,3,v113,94,v113,94,94,94,92
0234.txt,0,v113,145,v113,147,145,147,143
0235.txt,4,v113,413,v113,412,413,428,415
0236.txt,2,v113,122,v113,123,122,118,117
0237.txt,3,v113,171,v113,173,171,169,169
0238.txt,3,v113,262,v113,260,262,264,264
0239.txt,4,v113,132,v113,132,132,141,127
0240.txt,0,v113,216,v113,215,216,218,209
0241.txt,2,v113,262,v113,253,262,255,259
0242.txt,0,v113,91,v113,92,91,97,86
0243.txt,2,v113,255,v113,260,255,262,259
0244.txt,4,v113,275,v113,279,275,287,273
0245.txt,1,v113,192,v113,196,192,200,197
0246.txt,3,v113,315,v113,313,315,327,308
0247.txt,3,v113,339,v113,345,339,350,345
0248.txt,2,v113,247,v113,248,247,252,249
0249.txt,1,v113,243,v113,243,243,255,254
0250.txt,1,v113,514,v113,517,514,569,530
0251.txt,0,v113,246,v113,252,246,254,241
0252.txt,1,v113,500,v113,493,500,474,478
0253.txt,2,v113,165,v113,165,165,167,167
0254.txt,1,v113,403,v113,408,403,433,415
0255.txt,0,v113,215,v113,212,215,219,208
0256.txt,4,v113,170,v113,170,170,167,171
0257.txt,4,v113,268,v113,274,268,296,275
0258.txt,3,v113,275,v113,279,275,279,267
0259.txt,3,v113,106,v113,104,106,103,105
0260.txt,3,v113,112,v113,113,112,116,115
0261.txt,0,v113,138,v113,138,138,142,138
0262.txt,1,v113,230,v113,230,230,235,229
0263.txt,3,v113,195,v113,200,195,213,198
0264.txt,1,v113,137,v113,138,137,144,141
0265.txt,1,v113,155,v113,153,155,161,157
0266.txt,1,v113,105,v113,108,105,113,112
0267.txt,2,v113,109,v113,110,109,110,108
0268.txt,4,v113,101,v113,105,101,103,106
0269.txt,1,v113,411,v113,403,411,424,410
0270.txt,3,v113,117,v113,116,117,125,126
0271.txt,1,v113,374,v113,382,374,405,391
0272.txt,4,v113,289,v113,301,289,306,296
0273.txt,4,v113,284,v113,290,284,298,283
0274.txt,1,v113,175,v113,178,175,186,188
0275.txt,4,v113,188,v113,192,188,206,193
0276.txt,2,v113,233,v113,236,233,243,242
0277.txt,0,v113,470,v113,469,470,474,482
0278.txt,4,v113,142,v113,142,142,143,138
0279.txt,1,v113,511,v113,516,511,565,524
0280.txt,2,v113,469,v113,476,469,501,467
0281.txt,3,v113,76,v113,76,76,76,73
0282.txt,0,v113,178,v113,179,178,184,178
0283.txt,3,v113,208,v113,202,208,208,209
0284.txt,4,v113,573,v113,570,573,589,619
0285.txt,1,v113,363,v113,367,363,380,362
0286.txt,0,v113,121,v113,122,121,122,123
0287.txt,4,v113,174,v113,172,174,173,165
0288.txt,2,v113,104,v113,105,104,103,105
0289.txt,0,v113,130,v113,130,130,134,135
0290.txt,0,v113,399,v113,409,399,414,398
0291.txt,4,v113,218,v113,213,218,226,211
0292.txt,1,v113,81,v113,82,81,83,82
0293.txt,2,v113,446,v113,438,446,472,444
0294.txt,0,v113,196,v113,198,196,205,200
0295.txt,4,v113,498,v113,496,498,524,491
0296.txt,1,v113,366,v113,366,366,389,376
0297.txt,1,v113,207,v113,206,207,224,210
0298.txt,1,v113,476,v113,487,476,539,487
0299.txt,2,v113,103,v113,103,103,100,103
0300.txt,2,v113,212,v113,216,212,221,209
0301.txt,4,v113,302,v113,298,302,307,288
0302.txt,0,v113,168,v113,172,168,166,163
0303.txt,4,v113,69,v113,68,69,68,68
0304.txt,4,v113,109,v113,105,109,113,110
0305.txt,1,v113,403,v113,407,403,409,401
0306.txt,2,v113,559,v113,576,559,579,568
0307.txt,3,v113,94,v113,92,94,97,96
0308.txt,2,v113,339,v113,340,339,365,346
0309.txt,4,v113,154,v113,151,154,153,149
0310.txt,1,v113,358,v113,360,358,366,359
0311.txt,3,v113,101,v113,102,101,102,105
0312.txt,0,v113,148,v113,147,148,154,150
0313.txt,1,v113,318,v113,306,318,313,316
0314.txt,1,v113,88,v113,89,88,92,87
0315.txt,1,v113,189,v113,190,189,187,188
0316.txt,1,v113,294,v113,303,294,313,297
0317.txt,3,v113,265,v113,265,265,285,263
0318.txt,2,v113,87,v113,85,87,86,89
0319.txt,4,v113,257,v113,251,257,259,248
0320.txt,4,v113,65,v113,65,65,65,67
0321.txt,3,v113,388,v113,395,388,384,382
0322.txt,3,v113,143,v113,144,143,145,147
0323.txt,2,v113,383,v113,386,383,390,375
0324.txt,2,v113,109,v113,117,109,113,111
0325.txt,3,v113,78,v113,77,78,77,79
0326.txt,2,v113,78,v113,80,78,77,79
0327.txt,0,v113,209,v113,199,209,208,203
0328.txt,1,v113,185,v113,183,185,184,181
0329.txt,4,v113,106,v113,106,106,110,114
0330.txt,1,v113,259,v113,267,259,270,266
0331.txt,3,v113,433,v113,434,433,442,447
0332.txt,2,v113,142,v113,141,142,143,142
0333.txt,3,v113,154,v113,154,154,157,154
0334.txt,2,v113,343,v113,331,343,339,347
0335.txt,1,v113,229,v113,228,229,231,229
0336.txt,4,v113,137,v113,135,137,138,138
0337.txt,2,v113,518,v113,513,518,528,528
0338.txt,0,v113,139,v113,132,139,131,131
0339.txt,3,v113,161,v113,158,161,164,160
0340.txt,1,v113,161,v113,163,161,166,165
0341.txt,2,v113,227,v113,229,227,236,221
0342.txt,1,v113,152,v113,154,152,157,159
0343.txt,3,v113,342,v113,354,342,350,340
0344.txt,2,v113,101,v113,101,101,103,103
0345.txt,2,v113,432,v113,436,432,453,423
0346.txt,1,v113,231,v113,234,231,233,227
0347.txt,3,v113,148,v113,148,148,148,149
0348.txt,3,v113,431,v113,435,431,455,436
0349.txt,2,v113,257,v113,266,257,264,260
0350.txt,3,v113,110,v113,108,110,112,109
0351.txt,3,v113,206,v113,203,206,214,214
0352.txt,1,v113,188,v113,189,188,186,186
0353.txt,0,v113,162,v113,162,162,167,166
0354.txt,0,v113,114,v113,113,114,111,109
0355.txt,4,v113,175,v113,177,175,176,173
0356.txt,1,v113,394,v113,390,394,366,388
0357.txt,0,v113,332,v113,334,332,347,338
0358.txt,0,v113,59,v113,59,59,61,60
0359.txt,1,v113,303,v113,306,303,304,289
0360.txt,1,v113,154,v113,152,154,154,148
0361.txt,0,v113,278,v113,277,278,290,282
0362.txt,2,v113,111,v113,114,111,114,111
0363.txt,2,v113,134,v113,137,134,132,135
0364.txt,2,v113,148,v113,148,148,150,144
0365.txt,2,v113,148,v113,149,148,156,153
0366.txt,1,v113,151,v113,151,151,150,152
0367.txt,0,v113,157,v113,156,157,156,163
0368.txt,3,v113,275,v113,281,275,278,273
0369.txt,0,v113,107,v113,107,107,106,103
0370.txt,0,v113,165,v113,166,165,163,164
0371.txt,0,v113,336,v113,334,336,350,335
0372.txt,3,v113,90,v113,90,90,91,89
0373.txt,2,v113,209,v113,221,209,220,212
0374.txt,3,v113,219,v113,218,219,224,213
0375.txt,2,v113,120,v113,120,120,123,122
0376.txt,4,v113,314,v113,308,314,303,304
0377.txt,1,v113,99,v113,96,99,99,101
0378.txt,3,v113,180,v113,178,180,186,185
0379.txt,2,v113,91,v113,91,91,90,89
0380.txt,4,v113,581,v113,582,581,646,582
0381.txt,3,v113,363,v113,368,363,390,372
0382.txt,3,v113,139,v113,142,139,141,137
0383.txt,0,v113,104,v113,106,104,101,103
0384.txt,4,v113,187,v113,183,187,202,196
0385.txt,4,v113,96,v113,96,96,98,100
0386.txt,1,v113,96,v113,95,96,94,100
0387.txt,1,v113,244,v113,248,244,251,252
0388.txt,1,v113,192,v113,199,192,201,197
0389.txt,4,v113,249,v113,243,249,249,251
0390.txt,4,v113,310,v113,318,310,328,330
0391.txt,1,v113,231,v113,226,231,233,228
0392.txt,2,v113,272,v113,288,272,269,278
0393.txt,4,v113,135,v113,138,135,139,138
0394.txt,0,v113,413,v113,421,413,458,413
0395.txt,0,v113,69,v113,69,69,70,70
0396.txt,4,v113,141,v113,145,141,149,144
0397.txt,0,v113,137,v113,133,137,136,136
0398.txt,1,v113,245,v113,241,245,262,239
0399.txt,1,v113,309,v113,317,309,325,312
0400.txt,4,v113,731,v113,743,731,747,753
0401.txt,0,v113,89,v113,89,89,92,89
0402.txt,4,v113,190,v113,194,190,202,196
0403.txt,2,v113,236,v113,237,236,242,235
0404.txt,3,v113,303,v113,309,303,325,306
0405.txt,3,v113,193,v113,195,193,208,194
0406.txt,0,v113,50,v113,50,50,50,50
0407.txt,3,v113,185,v113,186,185,199,183
0408.txt,3,v113,423,v113,417,423,427,413
0409.txt,1,v113,309,v113,310,309,323,311
0410.txt,0,v113,195,v113,198,195,194,187
0411.txt,2,v113,143,v113,146,143,150,145
0412.txt,2,v113,291,v113,289,291,321,294
0413.txt,2,v113,98,v113,98,98,99,99
0414.txt,2,v113,339,v113,348,339,348,365
0415.txt,0,v113,294,v113,298,294,292,302
0416.txt,0,v113,120,v113,118,120,118,118
0417.txt,0,v113,49,v113,49,49,50,49
0418.txt,2,v113,158,v113,158,158,156,159
0419.txt,2,v113,124,v113,123,124,120,126
0420.txt,3,v113,166,v113,166,166,175,172
0421.txt,4,v113,368,v113,362,368,379,380
0422.txt,4,v113,186,v113,196,186,205,201
0423.txt,3,v113,223,v113,224,223,222,222
0424.txt,2,v113,354,v113,360,354,381,357
0425.txt,1,v113,92,v113,92,92,92,88
0426.txt,3,v113,163,v113,157,163,162,160
0427.txt,1,v113,412,v113,415,412,426,410
0428.txt,3,v113,255,v113,257,255,259,256
0429.txt,4,v113,114,v113,113,114,112,112
0430.txt,0,v113,197,v113,201,197,209,201
0431.txt,4,v113,180,v113,175,180,183,175
0432.txt,3,v113,387,v113,379,387,392,379
0433.txt,0,v113,154,v113,152,154,152,155
0434.txt,4,v113,182,v113,181,182,199,184
0435.txt,3,v113,80,v113,80,80,76,78
0436.txt,0,v113,130,v113,131,130,132,129
0437.txt,4,v113,191,v113,189,191,189,193
0438.txt,4,v113,391,v113,393,391,426,398
0439.txt,1,v113,131,v113,132,131,137,131
0440.txt,1,v113,243,v113,252,243,258,244
0441.txt,2,v113,494,v113,498,494,519,509
0442.txt,3,v113,483,v113,472,483,484,515
0443.txt,3,v113,203,v113,213,203,211,205
0444.txt,0,v113,90,v113,90,90,94,89
0445.txt,3,v113,224,v113,223,224,234,225
0446.txt,3,v113,108,v113,107,108,107,109
0447.txt,4,v113,310,v113,316,310,314,308
0448.txt,2,v113,156,v113,156,156,167,153
0449.txt,2,v113,173,v113,173,173,170,175
0450.txt,1,v113,197,v113,207,197,204,202
0451.txt,4,v113,137,v113,137,137,142,139
0452.txt,2,v113,358,v113,359,358,383,367
0453.txt,2,v113,220,v113,220,220,220,220
0454.txt,4,v113,160,v113,162,160,164,157
0455.txt,0,v113,125,v113,122,125,122,124
0456.txt,4,v113,77,v113,77,77,77,77
0457.txt,1,v113,481,v113,473,481,485,488
0458.txt,1,v113,122,v113,123,122,126,122
0459.txt,1,v113,81,v113,81,81,84,87
0460.txt,0,v113,151,v113,152,151,148,151
0461.txt,3,v113,88,v113,88,88,87,90
0462.txt,0,v113,292,v113,297,292,296,282
0463.txt,3,v113,178,v113,183,178,184,179
0464.txt,4,v113,183,v113,187,183,194,187
0465.txt,0,v113,416,v113,421,416,438,428
0466.txt,2,v113,376,v113,371,376,392,375
0467.txt,0,v113,111,v113,111,111,113,112
0468.txt,0,v113,276,v113,278,276,289,286
0469.txt,2,v113,87,v113,86,87,89,90
0470.txt,2,v113,106,v113,104,106,106,107
0471.txt,0,v113,517,v113,529,517,531,554
0472.txt,1,v113,264,v113,263,264,276,266
0473.txt,2,v113,158,v113,161,158,163,161
0474.txt,3,v113,95,v113,94,95,93,94
0475.txt,0,v113,156,v113,152,156,144,155
0476.txt,2,v113,250,v113,249,250,245,252
0477.txt,1,v113,219,v113,223,219,221,225
0478.txt,2,v113,123,v113,124,123,124,123
0479.txt,3,v113,118,v113,120,118,116,119
0480.txt,2,v113,267,v113,272,267,286,275
0481.txt,0,v113,123,v113,123,123,132,124
0482.txt,4,v113,141,v113,145,141,144,140
0483.txt,4,v113,454,v113,461,454,487,470
0484.txt,3,v113,332,v113,326,332,343,341
0485.txt,4,v113,255,v113,275,255,280,256
0486.txt,2,v113,206,v113,207,206,205,205
0487.txt,3,v113,439,v113,445,439,463,453
0488.txt,3,v113,52,v113,52,52,51,52
0489.txt,1,v113,268,v113,264,268,279,264
0490.txt,0,v113,304,v113,301,304,327,299
0491.txt,2,v113,171,v113,172,171,184,173
0492.txt,1,v113,139,v113,140,139,140,136
0493.txt,1,v113,122,v113,121,122,120,121
0494.txt,4,v113,130,v113,130,130,132,126
0495.txt,1,v113,178,v113,179,178,185,178
0496.txt,2,v113,77,v113,77,77,81,82
0497.txt,4,v113,145,v113,143,145,151,140
0498.txt,4,v113,277,v113,271,277,290,276
0499.txt,4,v113,137,v113,139,137,136,137
