bin,total_avg,max_elapsed,0000.txt,0001.txt,0002.txt,0003.txt,0004.txt,0005.txt,0006.txt,0007.txt,0008.txt,0009.txt,0010.txt,0011.txt,0012.txt,0013.txt,0014.txt,0015.txt,0016.txt,0017.txt,0018.txt,0019.txt,0020.txt,0021.txt,0022.txt,0023.txt,0024.txt,0025.txt,0026.txt,0027.txt,0028.txt,0029.txt,0030.txt,0031.txt,0032.txt,0033.txt,0034.txt,0035.txt,0036.txt,0037.txt,0038.txt,0039.txt,0040.txt,0041.txt,0042.txt,0043.txt,0044.txt,0045.txt,0046.txt,0047.txt,0048.txt,0049.txt,0050.txt,0051.txt,0052.txt,0053.txt,0054.txt,0055.txt,0056.txt,0057.txt,0058.txt,0059.txt,0060.txt,0061.txt,0062.txt,0063.txt,0064.txt,0065.txt,0066.txt,0067.txt,0068.txt,0069.txt,0070.txt,0071.txt,0072.txt,0073.txt,0074.txt,0075.txt,0076.txt,0077.txt,0078.txt,0079.txt,0080.txt,0081.txt,0082.txt,0083.txt,0084.txt,0085.txt,0086.txt,0087.txt,0088.txt,0089.txt,0090.txt,0091.txt,0092.txt,0093.txt,0094.txt,0095.txt,0096.txt,0097.txt,0098.txt,0099.txt,label,executed_at
v001_mixed_deque,305,1569,58,160,157,198,406,830,194,171,215,125,107,233,224,301,501,739,190,285,113,817,211,110,100,145,206,88,184,226,425,369,605,209,250,206,595,94,311,379,196,172,256,132,461,280,284,264,211,476,290,259,219,181,322,215,462,377,332,348,479,105,293,422,292,436,268,218,622,306,515,235,585,669,151,346,159,489,389,142,390,104,272,479,483,293,439,315,147,158,226,516,268,142,681,147,167,317,122,791,197,275,b_mixed_deque_sa,2026-09-25T22:09:46+09:00
v002_mono_steiner,323,1609,55,201,173,230,417,854,214,186,219,124,132,280,266,304,500,790,202,274,129,881,215,114,123,182,231,96,189,215,452,426,584,202,266,227,549,126,358,349,195,195,298,151,498,328,314,292,212,461,307,276,279,189,373,217,504,403,376,374,518,108,346,432,302,432,283,234,572,346,541,262,602,742,182,353,178,496,411,172,389,135,302,486,523,348,470,288,174,160,215,530,256,160,692,168,177,318,141,795,203,312,a_mono_steiner_sa,2026-09-25T23:13:52+09:00
v003_spring_network,272,1581,50,161,151,194,350,681,174,155,187,108,112,240,205,268,426,656,167,241,108,724,173,96,97,145,191,84,169,179,369,349,504,179,240,186,466,112,285,297,172,184,250,127,391,270,263,254,174,378,269,238,216,162,300,195,425,341,314,307,446,91,275,349,241,366,256,203,497,289,467,218,534,629,158,285,153,424,333,142,329,115,256,394,412,267,400,250,149,146,198,461,217,137,566,141,157,276,116,685,176,263,c_spring_network_sa,2026-09-25T23:20:56+09:00
v004_mixed_spring,272,1479,50,160,147,188,333,695,171,154,182,107,111,228,214,270,426,651,172,246,107,721,172,97,96,147,188,85,175,174,369,344,506,181,216,187,466,112,281,306,170,184,236,127,414,276,272,254,177,387,275,233,224,160,309,190,430,348,306,312,442,93,260,346,238,383,256,197,507,285,478,217,529,616,162,284,153,432,343,143,330,106,252,395,423,262,394,247,146,146,204,456,218,138,572,142,160,279,114,670,177,275,d_mixed_spring,2026-09-26T00:04:16+09:00
v006_branch_reconnect,271,1494,50,168,146,193,333,702,171,154,187,114,113,236,209,267,418,638,168,243,106,712,173,98,97,150,196,84,167,178,374,360,507,181,206,184,471,112,278,303,172,182,245,127,403,278,261,252,177,384,264,232,218,159,301,193,427,349,301,309,461,91,282,347,238,373,254,205,502,296,454,210,520,627,159,290,149,419,342,146,323,111,253,396,417,262,396,262,149,144,198,451,217,136,562,142,158,276,115,675,179,258,f_branch_reconnect_dp,2026-09-26T00:12:05+09:00
v005_mobile_spring,273,1503,50,159,153,191,348,701,173,155,184,108,112,235,201,265,435,656,170,244,106,737,173,96,99,146,188,85,172,179,369,342,507,181,212,190,472,110,288,297,174,181,246,129,412,274,270,254,177,379,272,236,217,162,304,194,447,343,315,315,457,96,279,346,235,366,256,201,495,278,467,209,526,633,163,291,150,417,337,144,324,113,247,394,423,258,390,247,149,147,205,470,217,139,573,142,159,279,116,678,176,271,e_mobile_spring_sa,2026-09-26T00:13:26+09:00
v007_incremental,272,1546,50,165,147,193,336,683,173,155,179,112,115,233,218,268,423,650,167,242,105,739,173,97,97,151,192,84,174,175,384,357,504,180,209,192,486,112,283,312,174,178,250,127,399,282,268,253,177,383,267,241,222,160,290,195,423,336,309,306,451,93,279,353,239,378,254,197,508,291,465,208,510,635,158,289,154,412,341,143,338,122,255,390,419,268,397,252,148,143,198,443,218,136,567,138,163,274,115,684,176,264,incremental_exact,2026-09-26T01:03:49+09:00
v008_lightweight,271,1482,50,163,146,191,338,698,172,155,183,107,112,233,204,267,422,641,168,237,106,713,171,96,97,145,189,84,174,180,377,349,501,183,213,183,460,112,280,316,174,178,246,129,410,281,262,252,177,371,269,242,218,161,283,188,425,345,320,307,451,91,274,346,240,379,257,197,502,282,467,213,506,611,160,289,152,415,335,143,328,112,254,388,424,268,396,257,149,147,198,462,217,136,571,142,161,279,115,679,178,273,lightweight_all,2026-09-26T01:44:05+09:00
v009_relay_weave,290,1444,55,186,159,216,363,697,185,162,195,121,122,246,220,273,468,708,183,264,114,791,186,102,114,170,204,85,186,181,390,397,480,197,254,204,489,118,314,337,183,192,271,143,444,285,281,265,189,426,290,256,225,176,310,203,453,383,328,329,444,102,291,353,265,375,271,213,488,322,514,236,560,648,164,311,171,437,373,158,351,124,275,430,443,292,427,283,153,164,204,499,227,145,607,158,181,306,128,660,186,291,b12_relay_weave,2026-09-26T02:03:13+09:00
v010_scaffold_chain,257,1477,50,150,146,181,324,649,159,144,173,105,104,212,202,255,407,620,171,231,98,682,172,94,93,132,166,79,166,179,366,342,445,169,199,181,465,95,275,304,165,163,210,122,399,258,249,249,167,371,255,232,197,154,286,179,415,334,307,302,398,91,251,332,237,350,250,185,452,263,468,195,498,571,149,278,137,401,322,130,310,98,234,384,396,234,369,259,141,140,181,424,216,136,558,124,154,273,110,616,169,260,pro_scaffold_chain_port,2026-09-26T12:07:41+09:00
v011_network_regroup,257,1468,50,147,145,183,322,655,163,144,170,106,102,211,204,253,410,608,169,232,98,690,178,96,93,132,166,77,162,178,361,358,446,169,203,181,464,96,273,300,166,160,213,123,401,247,252,250,171,365,251,225,199,153,284,181,393,334,308,308,392,92,244,342,232,350,248,182,452,255,471,199,483,576,148,285,141,387,317,127,317,99,236,380,404,241,376,259,136,143,184,425,221,133,554,124,154,276,110,601,168,261,b14_network_regroup,2026-09-26T16:20:13+09:00
v012_pruned,242,1506,49,126,132,161,310,622,137,132,161,95,84,195,164,226,390,606,155,222,84,682,164,84,84,116,148,68,149,163,329,334,432,152,187,169,443,81,258,294,154,148,169,114,379,215,230,233,167,363,245,229,174,145,272,166,370,326,270,286,383,89,218,330,225,314,223,168,446,246,461,176,484,543,124,263,128,381,333,114,311,88,224,370,388,224,351,238,116,135,175,416,209,125,540,105,144,262,102,590,149,248,pro_pruned_port,2026-09-26T18:56:52+09:00
v013_unified,242,1524,49,135,132,158,308,612,143,131,152,98,84,200,169,236,395,614,161,229,87,671,165,82,83,115,152,67,152,165,326,318,430,156,193,180,455,73,265,277,156,148,175,113,379,213,234,229,165,365,251,217,181,145,265,172,370,320,279,286,369,79,225,317,219,317,226,173,443,250,466,179,468,554,129,273,127,390,304,112,299,80,221,367,376,224,359,243,106,137,173,408,207,116,547,112,142,267,105,589,151,238,pro_unified_refactor,2026-09-26T20:10:06+09:00
v014_joint_delivery,242,1640,49,128,130,170,307,610,145,126,164,97,90,203,179,237,402,595,157,226,85,679,163,83,84,109,147,70,140,165,339,328,429,155,188,171,452,78,261,287,149,146,166,120,380,231,235,237,166,365,244,214,185,146,252,167,391,331,277,292,361,84,224,322,220,320,221,170,438,243,467,180,471,543,136,264,127,378,303,110,306,86,230,377,375,223,359,244,111,134,172,398,203,121,558,110,138,265,104,615,155,244,joint_delivery_core,2026-09-26T21:49:30+09:00
v015_mixed_tree,239,1501,49,131,126,153,313,641,140,128,148,99,86,194,163,214,417,608,143,239,84,691,157,73,78,115,148,68,148,162,315,309,435,153,188,163,449,72,245,295,157,145,167,107,400,204,231,231,163,364,257,217,160,142,248,162,367,337,252,299,354,79,205,310,212,318,232,152,442,257,463,177,454,534,113,268,124,409,304,107,296,81,218,382,369,210,362,242,117,136,171,422,194,117,530,109,140,280,101,627,153,222,pro_mixed_tree_port,2026-09-26T21:56:37+09:00
v016_continuous_tree,240,1552,45,131,122,148,314,631,140,130,150,98,83,196,170,226,422,593,142,226,85,673,159,76,77,119,151,68,155,160,334,324,435,149,187,159,472,68,249,293,154,142,165,106,392,208,234,235,164,356,241,228,173,141,248,164,368,348,258,303,337,84,215,323,207,328,216,161,453,238,462,176,457,532,112,257,126,413,305,113,309,92,223,386,386,221,355,234,111,134,190,432,184,113,548,109,153,271,98,589,163,227,continuous_delivery_tree,2026-09-26T22:33:02+09:00
v017_timer_origin,238,1568,49,129,123,155,305,626,143,131,150,97,86,189,167,208,420,607,150,230,83,664,160,73,77,115,151,68,140,162,318,317,435,144,182,157,446,71,247,308,156,139,166,113,383,200,221,225,161,368,259,214,169,131,244,163,357,330,270,292,357,82,207,322,214,320,225,161,452,245,461,169,450,531,118,264,120,413,298,108,293,88,210,377,375,222,347,248,113,143,187,438,186,112,545,107,143,266,96,602,157,218,timer_origin_local,2026-09-26T22:54:28+09:00
v018_relay_pickup,240,1562,49,130,127,152,312,609,143,132,159,97,86,195,162,220,412,628,151,228,84,692,172,74,77,106,151,68,153,151,323,312,434,151,180,162,472,77,254,295,152,135,166,113,386,202,227,228,163,361,260,223,190,149,243,162,358,336,264,299,356,82,200,315,214,309,242,153,437,251,464,176,462,528,115,275,124,415,297,107,290,83,209,386,375,212,365,241,115,133,187,428,186,118,543,110,147,273,99,633,156,220,retained_relay_pickup,2026-09-27T01:11:52+09:00
v019_temporal_lns,235,1662,44,110,117,135,292,693,128,131,144,86,78,179,141,206,415,618,141,230,80,695,174,70,74,95,129,63,137,167,300,282,547,138,171,160,485,66,236,291,145,129,153,102,366,186,209,231,179,382,268,221,155,130,218,140,325,350,216,264,340,75,155,342,207,293,227,147,506,235,483,146,466,472,105,258,103,407,315,92,306,80,201,411,376,189,375,239,101,128,170,420,165,116,656,89,128,265,93,671,146,213,temporal_identity_lns,2026-09-27T02:07:08+09:00
v020_o3_event_lns,211,1546,43,105,108,130,271,614,118,117,129,85,75,171,125,189,386,566,131,211,75,693,150,66,70,79,122,56,131,149,273,258,451,123,154,143,415,63,216,259,133,119,141,88,330,156,190,197,151,344,232,193,146,118,196,134,289,284,202,254,298,69,156,290,173,255,202,125,425,206,417,130,414,436,89,247,101,362,277,86,279,67,177,384,338,170,327,202,99,116,158,362,155,108,586,82,117,247,83,570,126,194,o3_event_lns,2026-09-27T08:52:53+09:00
v021_paired_event_lns,210,1545,43,111,106,122,257,605,121,117,132,84,70,162,127,185,376,575,136,207,78,681,152,64,68,89,120,59,122,153,264,252,449,118,150,139,420,63,200,248,132,118,138,92,331,164,177,202,156,335,227,193,138,119,190,127,302,297,200,248,304,70,155,292,177,253,191,123,419,201,408,131,421,439,92,231,98,369,267,87,261,71,187,383,333,170,327,212,95,115,155,372,152,102,573,83,119,249,85,553,125,192,paired_event_lns,2026-09-27T09:35:56+09:00
v022_dependency_lns,210,1545,43,103,108,120,264,627,113,123,133,83,73,159,126,184,387,575,128,213,75,651,149,66,67,82,124,59,129,147,259,260,453,120,156,138,416,63,207,250,133,115,134,87,327,166,178,196,152,338,232,201,148,117,197,133,319,301,203,248,298,68,145,291,177,244,200,128,423,200,423,131,424,424,93,237,97,367,272,86,252,69,179,375,326,175,319,204,99,116,159,359,154,101,567,81,117,252,85,562,126,188,dependency_lns,2026-09-27T15:59:46+09:00
v023_lazy_trial_undo,210,1619,43,103,107,120,251,619,119,119,129,84,70,165,128,183,384,561,135,205,73,696,148,68,68,86,122,57,124,143,265,262,453,120,151,140,435,63,206,253,131,118,136,92,336,164,196,199,153,345,229,190,142,119,190,124,298,307,194,254,301,69,157,293,175,256,198,132,423,201,418,131,415,425,92,237,95,365,263,84,272,70,180,389,318,176,321,212,93,112,159,368,157,107,565,83,120,249,84,551,125,186,lazy_trial_undo,2026-09-27T16:01:35+09:00
v024_incoming_reinsertion,210,1576,43,103,108,120,267,611,119,115,127,85,69,163,126,177,382,543,128,200,74,658,153,66,69,86,124,60,129,145,264,252,450,122,151,138,436,63,197,253,133,115,137,89,324,174,194,198,152,330,233,191,141,119,202,133,295,294,201,245,300,68,158,291,177,262,208,127,420,200,433,134,421,415,90,249,93,381,261,91,266,68,177,380,341,175,322,206,94,116,158,374,154,104,563,82,117,243,82,566,129,186,incoming_reinsertion,2026-09-27T16:33:52+09:00
ablate_v024_dependency,210,1848,43,103,106,123,254,611,119,116,127,84,71,153,124,191,387,572,136,202,73,661,153,67,68,82,122,58,121,155,274,266,450,119,149,139,427,63,202,253,134,116,140,90,329,164,189,200,154,338,239,189,139,122,189,122,305,302,193,244,293,72,157,293,178,261,198,128,436,197,420,133,415,411,92,242,100,374,263,83,262,70,184,372,337,176,329,212,93,114,156,374,150,102,583,82,117,252,83,576,126,195,incoming_without_dependency,2026-09-27T16:35:45+09:00
v025_fast_math,210,1599,43,108,109,122,263,607,114,117,133,84,74,161,126,180,392,568,126,208,74,641,151,66,69,85,124,59,129,146,260,250,452,125,147,136,427,63,205,262,132,118,139,88,326,160,184,199,149,331,232,194,142,117,197,128,297,293,193,252,292,67,150,291,177,260,195,123,417,200,454,131,426,407,90,233,93,369,266,90,266,70,169,382,323,176,356,218,97,117,157,368,153,102,579,84,119,247,86,574,126,200,fast_math,2026-09-27T16:43:41+09:00
v026_late_start_lns,209,1545,43,106,111,132,255,572,114,119,124,83,71,162,126,183,383,550,127,211,74,678,150,65,68,84,118,58,121,152,263,261,458,121,142,141,446,63,207,245,131,117,137,92,324,169,182,204,149,337,229,190,140,119,197,131,307,297,198,257,313,68,156,292,168,257,195,122,415,198,420,133,424,408,88,236,96,370,271,84,263,67,181,374,320,172,321,203,97,114,155,385,153,98,563,84,122,255,85,552,130,198,late_start_lns,2026-09-27T17:26:32+09:00
v027_resampled_start_lns,211,2113,43,108,114,134,262,602,111,115,141,85,71,161,123,186,380,576,129,209,73,663,150,67,68,82,122,56,133,163,263,249,479,126,149,142,416,63,205,252,135,114,137,94,334,155,186,200,150,341,228,196,145,120,188,131,311,292,196,254,295,68,155,296,179,263,195,124,424,202,431,128,437,405,89,240,100,376,269,85,271,67,176,378,331,171,323,203,100,115,158,368,159,98,561,83,119,255,84,582,127,189,resampled_start_lns,2026-09-27T18:20:31+09:00
v027_resampled_start_lns,210,1558,43,102,111,128,268,580,115,119,126,84,73,154,129,183,383,551,127,207,73,663,153,66,70,83,126,60,127,151,270,259,479,126,150,142,429,62,219,251,133,116,140,92,335,156,184,200,151,347,232,191,147,116,196,126,303,297,199,252,307,69,160,293,178,267,198,124,422,201,443,128,411,423,89,227,95,377,269,88,263,67,188,390,326,170,313,207,96,116,158,356,150,103,575,84,118,260,85,564,126,189,resampled_start_lns_rerun_after_sleep,2026-09-27T18:26:47+09:00
v028_two_order_lns,209,1543,43,102,111,126,266,594,113,121,131,83,71,152,125,182,394,568,129,207,72,661,146,66,68,81,120,59,120,148,264,267,448,123,147,144,418,62,203,249,135,115,142,89,331,170,189,194,153,329,229,191,136,118,193,130,297,289,192,248,301,69,161,297,180,263,192,125,423,198,413,127,428,419,90,232,96,371,261,86,271,68,186,385,328,168,312,199,96,114,150,374,155,103,568,82,118,255,84,574,129,189,two_order_lns,2026-09-27T18:45:31+09:00
v029_selective_two_order_lns,210,1549,43,102,110,127,268,615,119,119,131,84,73,155,130,195,398,557,124,208,75,680,148,64,69,83,124,58,124,148,261,267,454,123,153,143,420,63,199,252,131,117,137,87,325,163,179,198,148,347,226,194,140,119,190,131,309,287,206,251,299,70,158,295,179,256,195,124,421,197,439,129,437,416,91,231,96,355,264,86,263,71,180,377,322,176,322,203,96,115,154,384,156,103,578,85,117,250,82,548,127,198,selective_two_order_lns,2026-09-27T19:48:11+09:00
v031_support_pair_fast_math,209,1549,43,108,109,132,264,603,114,116,128,84,72,161,125,178,376,554,130,208,71,659,153,67,67,81,121,57,126,149,258,259,456,122,152,140,424,63,208,254,128,117,136,88,335,172,187,204,158,346,224,195,138,123,192,131,321,283,193,246,324,69,159,293,174,248,200,125,413,196,415,134,420,421,93,229,100,367,266,87,264,69,178,379,331,175,332,208,99,114,153,362,155,99,547,85,118,252,83,563,126,183,support_pair_fast_math,2026-09-27T20:24:50+09:00
v033_capacity_lns,210,1546,43,107,111,127,258,603,117,117,130,84,74,159,132,183,382,544,123,215,74,677,146,66,67,82,125,57,121,153,257,264,450,123,147,144,413,64,207,253,133,115,143,90,335,172,185,197,152,328,228,196,137,122,193,126,298,295,205,246,303,70,154,298,172,251,201,135,421,199,429,130,418,421,90,234,96,363,261,88,272,70,182,380,331,174,327,196,97,115,154,375,157,103,579,84,115,256,86,563,129,184,capacity_all,2026-09-27T22:04:24+09:00
v035_tower_capacity_lns,209,1544,43,102,111,127,258,596,119,118,129,84,74,152,130,184,390,570,123,218,74,660,147,66,68,86,124,59,121,145,263,256,448,123,145,144,415,63,211,249,134,114,143,90,331,165,184,197,152,327,229,186,136,119,187,130,303,289,202,247,294,70,161,291,172,256,192,123,421,199,425,130,426,415,91,229,96,371,261,88,274,68,180,385,322,172,315,196,95,115,150,367,154,103,573,83,115,256,83,559,129,187,tower_capacity,2026-09-28T00:42:46+09:00
v036_inline_color_lns,211,1585,43,104,113,123,265,622,115,117,131,84,72,152,132,183,391,549,128,217,76,672,150,66,67,82,119,57,121,144,273,257,451,123,150,146,442,63,210,250,133,116,136,91,323,170,178,198,153,332,244,193,135,120,200,128,301,295,201,245,308,70,152,295,179,261,201,119,421,199,436,130,432,421,88,242,97,373,278,87,263,71,185,393,323,165,329,212,95,115,154,364,159,107,566,83,117,256,83,585,135,191,inline_color,2026-09-28T01:34:47+09:00
v037_pair_transfer_compression,208,1547,43,102,111,126,266,597,118,121,122,83,71,152,125,181,392,581,129,213,75,671,149,65,68,83,122,57,120,148,254,248,447,123,143,146,432,63,207,243,133,114,142,89,327,170,175,194,153,334,223,186,143,118,189,128,292,292,199,258,291,69,154,297,169,253,192,124,423,198,422,130,409,418,90,232,98,359,256,86,271,71,185,377,328,168,313,199,96,114,150,367,155,103,577,82,118,255,84,556,129,187,pair_transfer_compression,2026-09-28T02:04:58+09:00
v039_exact_board_lns,208,1546,43,102,111,127,259,598,113,117,131,83,70,152,125,180,377,546,129,208,74,643,149,65,68,83,120,58,120,148,254,257,447,123,156,146,416,67,206,245,133,114,137,89,323,170,186,194,156,336,228,197,143,118,190,129,301,287,203,243,302,68,161,297,180,261,192,125,423,198,426,135,409,407,90,233,99,344,270,86,263,69,176,384,325,168,314,199,100,114,150,374,155,103,549,87,115,255,84,582,129,188,exact_board_pool,2026-09-28T09:25:03+09:00
v040_search_pair_compression,208,1538,43,104,109,135,271,584,119,117,128,84,71,156,128,183,382,570,124,209,72,665,147,66,69,88,121,57,121,152,262,261,445,120,148,137,408,63,212,251,128,118,139,87,327,161,192,199,148,341,223,192,141,121,191,128,302,295,194,249,298,69,152,288,182,253,192,124,414,201,416,131,424,420,91,235,99,361,268,84,267,65,186,369,309,174,324,215,97,115,158,379,161,102,555,84,121,248,86,553,125,186,search_pair_compression,2026-09-28T09:39:31+09:00
v041_joint_window,208,1549,43,104,111,126,265,600,113,117,125,84,70,156,128,185,387,551,129,205,74,652,147,66,68,83,119,59,120,147,254,258,448,123,156,146,419,63,204,248,133,114,137,91,332,162,186,194,154,329,237,192,143,118,192,130,303,293,199,241,301,68,157,296,180,253,192,124,423,198,405,135,435,411,90,225,98,367,258,86,271,69,175,384,320,170,324,198,100,114,150,359,154,103,572,82,117,253,82,540,126,195,joint_window,2026-09-28T11:46:30+09:00
v043_cooperative_events,209,1573,43,106,106,124,258,590,116,117,129,82,70,153,127,179,391,543,132,208,74,643,144,64,70,88,122,60,120,145,277,250,460,124,145,141,410,64,204,251,133,120,139,89,335,173,178,203,149,330,225,194,138,119,200,132,317,293,191,242,305,68,155,278,182,259,191,124,414,201,479,137,445,437,89,242,102,360,264,83,263,69,175,369,320,171,312,198,95,118,153,363,159,103,538,87,119,244,83,580,126,189,cooperative_events,2026-09-28T13:50:38+09:00
v045_regional_backbone,492,1536,112,278,242,306,805,1324,279,218,326,227,171,363,293,436,830,1300,321,439,169,1363,418,157,168,271,300,136,329,338,637,710,744,307,463,379,841,103,650,652,239,299,406,192,868,416,495,327,271,799,479,413,415,277,489,360,800,704,533,509,758,196,378,463,515,776,387,392,915,524,696,327,1200,952,231,582,248,882,551,275,569,163,502,753,751,408,760,484,188,242,339,934,486,217,1140,216,241,530,187,1314,324,519,regional_backbone,2026-09-28T22:36:48+09:00
v046_shared_route_events,211,1573,43,111,112,130,263,595,116,115,125,86,73,158,127,185,399,562,128,216,76,697,153,68,66,84,122,58,127,145,270,263,468,120,147,136,422,63,210,251,136,109,138,90,327,167,180,216,155,344,225,191,136,119,195,127,305,317,199,239,309,70,152,290,177,261,198,130,402,205,432,131,417,426,91,247,98,401,264,87,259,72,177,385,336,167,319,200,94,116,151,389,162,101,602,84,117,255,83,551,131,199,shared_route_events,2026-09-28T23:08:02+09:00
v048_mono_dispatch,209,1545,43,104,111,126,268,589,118,121,122,83,72,157,125,184,388,553,127,202,75,646,150,65,68,86,120,59,120,148,252,257,462,123,156,146,417,64,207,251,131,114,138,89,325,170,177,194,154,331,237,193,136,118,194,130,307,297,199,252,299,69,157,292,180,259,193,125,423,198,424,135,424,416,89,234,98,369,254,86,277,71,177,376,333,174,317,201,97,114,158,376,155,103,562,82,117,256,82,570,129,187,mono_dispatch,2026-09-29T10:20:36+09:00
v049_coupled_routes,209,1549,43,104,111,126,258,597,118,121,125,83,71,156,125,186,387,566,129,214,74,675,148,65,68,83,120,59,120,148,267,259,447,123,150,146,420,63,206,249,133,114,138,89,328,170,183,194,153,332,233,194,143,118,194,130,315,299,206,250,291,69,154,296,179,263,192,124,423,198,435,128,433,426,89,231,98,368,270,84,262,68,175,384,328,170,326,199,100,114,150,369,155,103,566,82,117,255,84,548,129,187,coupled_routes,2026-09-29T10:32:04+09:00
v050_joint_towers,208,1548,43,104,111,126,267,593,118,121,125,83,71,157,129,187,383,573,129,216,75,658,142,65,70,82,122,57,120,146,260,254,446,123,148,144,401,63,206,245,135,114,138,89,324,168,175,194,153,327,230,193,143,118,190,130,298,295,199,253,292,69,154,295,177,261,192,125,420,198,418,128,420,411,90,222,98,358,256,84,268,71,189,379,328,168,325,209,97,114,149,350,154,103,568,86,117,253,80,539,129,185,joint_towers,2026-09-29T10:40:58+09:00
v051_joint_polish,209,1544,43,105,111,127,265,589,113,117,131,83,72,152,124,183,376,564,129,211,74,672,148,65,68,83,121,57,120,146,261,260,446,123,149,146,435,67,206,259,133,115,137,91,332,161,190,194,153,329,226,195,143,119,190,130,306,298,199,258,297,68,154,296,180,258,201,118,408,199,440,130,410,415,91,232,98,365,268,84,266,69,176,370,335,173,324,207,100,113,154,365,155,100,569,84,117,253,87,558,129,183,joint_polish,2026-09-29T11:13:39+09:00
v052_finite_cooperation,208,1571,43,102,111,125,266,591,117,118,122,83,71,152,124,185,384,542,129,206,75,664,147,65,68,83,121,60,119,150,262,254,445,123,145,146,418,63,208,251,132,114,137,89,337,159,183,197,151,335,231,192,143,118,193,124,307,283,202,249,298,70,154,298,184,262,192,125,420,198,435,130,435,394,90,232,98,362,268,86,268,67,184,375,325,168,315,198,96,114,149,377,155,103,569,82,117,253,84,538,129,185,v052_finite_endpoints,2026-09-29T11:45:37+09:00
v055_final_reductions,208,1569,43,104,111,125,257,620,118,121,125,84,72,156,124,186,381,560,129,209,75,656,142,65,68,83,119,59,120,146,262,258,445,123,151,146,412,65,209,250,129,114,137,89,328,168,182,193,153,322,229,192,143,118,190,130,290,289,192,247,292,70,154,295,172,263,193,125,420,198,435,128,430,406,89,226,98,368,267,83,274,71,181,376,322,169,322,198,97,113,149,366,155,103,566,82,118,253,84,567,129,191,final_reductions_stage1,2026-09-29T13:46:46+09:00
v056_combined_speedups,208,1569,43,102,111,127,259,582,118,121,122,83,74,152,124,190,378,552,128,210,73,662,142,67,67,82,119,57,119,144,258,257,445,123,150,144,418,63,207,244,135,114,142,90,325,168,182,197,153,324,234,192,143,119,190,128,302,287,201,247,291,69,154,296,179,262,193,125,420,198,429,130,422,405,89,236,96,375,265,88,262,70,176,380,326,168,324,198,97,115,149,355,150,103,568,82,115,255,85,567,130,189,combined_speedups_stage2,2026-09-29T14:18:39+09:00
v057_search_reductions,207,1587,43,104,108,127,266,589,117,116,128,84,70,155,126,187,382,562,129,199,75,641,144,67,68,84,118,60,124,143,248,249,448,122,157,139,417,62,214,251,130,117,138,92,321,162,187,203,149,323,234,190,138,120,187,127,305,289,194,246,302,67,158,299,179,259,192,124,416,200,417,130,416,405,88,229,95,347,264,83,264,67,181,375,321,179,317,207,95,115,158,358,152,103,563,81,119,254,84,556,124,191,search_reductions_stage3,2026-09-29T14:56:53+09:00
v800,184,2700213,43,100,104,115,234,483,107,110,120,80,69,145,119,168,331,459,119,186,70,512,133,64,65,76,115,56,118,130,234,227,382,117,138,127,373,62,183,228,120,107,130,84,292,148,163,184,139,288,205,175,135,113,174,121,264,254,185,218,269,66,141,256,158,230,182,114,359,188,354,124,362,357,87,208,92,315,234,81,236,65,159,309,282,156,275,187,92,107,143,314,147,96,451,81,114,214,78,464,120,171,手元最良参照: 90件×300秒、探索2並列、既存10件再利用 [55bd7ec7fdb3],2026-09-29T15:04:07+09:00
v059_repair_priority,206,1571,43,102,110,129,257,570,115,116,127,84,75,156,127,182,380,548,130,207,75,658,145,66,69,86,121,59,119,144,260,252,437,119,154,137,404,63,198,246,132,118,138,94,320,166,178,198,146,330,224,191,140,118,192,126,292,287,204,245,295,64,154,289,179,252,194,120,404,200,416,132,416,411,94,231,95,361,254,84,259,70,179,359,308,171,324,202,93,121,161,361,152,101,548,83,121,254,84,536,129,183,repair_priority_20260929T235018_0cd76222,2026-09-29T23:52:17+09:00
v062_deferred_passenger,207,1569,43,105,110,128,266,568,115,116,129,84,71,155,131,184,377,564,128,196,73,636,145,64,69,81,120,57,127,144,256,246,438,123,148,139,409,63,214,246,127,116,141,91,326,165,182,196,152,331,229,188,140,118,186,129,303,293,198,245,295,67,152,300,182,264,191,130,396,201,441,130,397,404,93,234,100,376,256,83,272,68,184,370,310,176,322,204,94,115,160,356,153,104,563,84,119,254,83,546,127,196,v062_submit_only,2026-09-30T00:06:54+09:00
v058_joint_priority,206,1601,43,105,107,127,247,581,112,118,133,83,70,156,125,183,366,554,127,208,73,654,148,67,68,83,117,57,125,146,258,254,442,118,151,139,416,63,207,248,135,116,140,90,323,161,193,197,149,330,220,185,142,118,189,127,312,282,194,244,293,67,150,294,181,261,195,122,418,201,411,129,414,397,90,231,98,356,259,84,258,71,178,361,325,175,321,205,95,115,156,364,147,101,568,83,119,254,83,547,126,189,joint_priority_9_1_1_1,2026-09-30T00:36:29+09:00
v064_sparse_interval_lns,207,1618,43,106,109,124,265,568,125,115,125,84,71,156,130,182,381,571,127,207,71,647,147,64,69,86,122,57,122,150,263,252,456,125,149,144,430,64,197,251,130,121,136,91,323,164,182,198,147,324,232,194,143,118,186,129,300,282,203,251,303,67,149,288,179,254,195,117,401,201,420,127,419,419,87,227,94,354,271,91,262,65,176,373,323,178,313,204,93,114,156,359,152,104,560,86,120,246,82,553,128,187,v064_sparse_submit,2026-09-30T00:42:37+09:00
v065_bounded_interval_lns,207,1576,43,102,109,128,267,549,117,118,133,83,73,155,130,184,371,549,132,198,73,636,146,64,70,86,121,57,121,147,262,247,446,120,151,144,409,63,208,254,128,113,135,92,324,170,178,201,151,339,226,195,140,122,192,126,302,298,201,253,303,70,150,294,181,244,198,130,416,200,419,129,419,421,93,226,100,360,260,84,268,67,175,393,319,169,319,210,94,116,160,363,155,101,558,87,118,249,82,566,124,188,v065_bounded_submit,2026-09-30T01:20:56+09:00
v066_repair_deferred,207,1597,43,104,110,129,265,584,115,118,127,82,74,158,125,186,376,549,131,205,75,641,150,64,69,83,124,60,126,144,255,254,442,120,145,138,421,63,211,248,133,120,138,85,328,159,181,195,148,327,229,188,141,115,188,124,303,287,196,241,297,69,150,279,170,250,202,119,409,202,436,132,418,403,90,230,102,369,262,84,270,68,178,368,316,173,326,201,95,122,154,355,152,101,551,83,125,257,83,557,127,190,v066_repair_deferred_submit,2026-09-30T01:41:54+09:00
v067_repair_joint_priority,207,1702,43,102,112,129,263,568,118,117,126,82,75,160,124,183,373,553,130,214,74,644,148,64,70,83,122,60,123,147,250,254,447,119,150,137,400,63,205,244,133,116,139,94,332,170,185,196,146,324,228,194,140,115,190,125,293,288,195,244,304,68,154,288,171,253,191,122,412,203,428,133,414,422,90,246,96,364,259,82,263,71,176,365,322,174,322,207,95,120,156,360,153,103,557,80,120,255,85,535,131,186,v067_v059_plus_v058_joint_priority,2026-09-30T01:57:11+09:00
v068_size_selector,206,1567,43,103,109,131,253,559,116,113,134,83,71,155,125,183,382,546,127,205,75,645,144,64,68,81,119,59,123,145,246,253,448,122,151,139,416,64,204,252,134,115,138,91,335,163,180,194,148,329,234,187,142,120,187,127,296,287,197,247,309,67,150,286,172,260,198,123,409,200,433,132,412,418,92,230,95,351,259,84,265,71,180,378,312,173,318,214,94,115,153,344,153,102,545,84,118,254,83,542,125,191,v068_m80_selector,2026-09-30T10:03:42+09:00
v069_indexed_repair,206,2055,43,102,111,127,259,582,112,117,127,84,73,158,125,177,377,539,126,209,76,622,148,66,70,87,121,58,124,145,269,252,448,125,155,142,414,63,203,248,136,119,134,94,319,165,186,195,150,331,224,189,142,120,185,127,292,290,195,254,282,68,153,289,177,252,191,121,399,201,421,130,423,418,89,235,95,369,255,82,264,71,180,372,315,172,323,207,96,114,152,361,152,108,539,82,120,256,83,553,126,184,v069_indexed_repair,2026-09-30T10:49:51+09:00
v070_indexed_priority,206,1567,43,107,110,133,252,563,117,116,130,83,74,156,126,183,375,541,130,207,74,642,149,65,70,83,122,60,123,144,263,261,448,120,148,136,406,63,202,244,134,118,137,89,327,165,173,197,147,329,229,195,142,115,193,127,294,290,196,242,291,68,146,289,171,257,204,122,404,201,412,130,421,422,88,235,98,348,263,84,259,71,175,360,327,174,316,203,95,121,148,360,152,98,544,82,121,254,83,571,131,192,v070_indexed_priority,2026-09-30T11:29:57+09:00
v071_refactored,206,1568,43,107,110,128,252,578,119,117,128,83,74,156,124,180,386,536,131,214,72,646,151,66,70,83,120,60,119,142,265,247,459,118,151,136,418,63,204,253,134,115,138,89,326,163,182,193,148,335,231,193,137,118,191,126,295,297,200,243,290,68,150,289,169,247,195,120,404,199,421,132,422,427,90,236,102,355,253,85,266,70,171,371,321,173,312,203,94,121,153,365,152,98,542,88,121,254,84,558,131,184,v071_refactored,2026-09-30T12:00:52+09:00
v072_joint_refactored,207,1563,43,107,111,127,253,588,112,118,123,84,73,159,122,175,369,543,128,214,73,669,145,67,69,84,122,57,125,146,249,256,448,121,146,139,421,63,209,252,127,116,141,91,321,160,179,194,147,324,235,189,142,119,193,127,302,290,199,248,298,67,153,296,175,256,188,122,424,200,428,130,410,408,90,227,101,352,271,86,259,69,179,365,319,178,318,212,93,115,159,368,154,101,549,82,117,255,83,538,126,184,v072_joint_refactored,2026-09-30T12:14:57+09:00
v076_relative_tuned,206,1571,43,102,108,125,260,567,118,117,130,84,74,152,126,185,378,558,128,211,71,655,144,65,68,81,123,57,120,144,245,253,441,120,150,136,427,63,205,246,135,114,139,89,327,159,181,193,152,328,232,186,141,121,189,126,295,284,196,243,294,69,154,285,186,258,198,126,398,195,417,130,435,405,91,235,98,359,260,85,267,69,181,356,315,165,303,209,96,115,157,359,158,103,542,83,121,250,83,534,124,192,v076_relative_tuned,2026-09-30T20:27:05+09:00
v079_nn_immediate,205,1568,43,105,110,127,251,556,116,119,126,81,74,154,133,183,372,540,132,202,78,629,142,67,69,86,122,60,125,142,248,258,438,123,145,137,406,63,204,250,133,113,138,93,324,165,182,203,148,320,232,185,143,117,188,127,297,286,194,251,303,69,156,286,179,257,198,125,403,209,417,130,412,400,90,232,99,350,266,83,262,68,182,367,315,172,319,206,96,115,157,345,154,105,544,85,117,245,89,542,125,189,v079_m3_air_20261002,2026-10-02T19:00:30+09:00
v201_floor_nn_selector,205,1585,43,101,108,129,246,550,118,114,130,84,70,154,124,181,370,554,128,206,71,621,147,65,68,82,120,57,123,141,262,255,438,122,145,137,411,63,207,249,134,118,135,89,320,154,179,198,152,327,224,190,143,119,197,127,305,286,199,246,304,69,156,285,173,252,198,123,406,198,418,128,414,423,91,223,96,354,261,85,264,69,179,363,324,165,321,206,96,114,155,361,154,103,542,80,116,247,84,533,123,189,v201_fresh_tools_in100_v201,2026-10-02T20:42:08+09:00
v202_initial_race,205,1562,43,102,109,125,253,573,116,115,121,84,74,148,126,182,366,558,130,207,72,643,145,67,67,83,122,57,120,146,261,249,456,123,146,140,406,63,210,248,132,119,135,87,320,165,181,196,149,325,230,187,138,114,194,124,299,288,194,249,290,69,152,288,171,246,191,125,394,202,423,133,417,403,88,226,99,359,262,83,258,68,179,366,317,172,330,199,94,114,155,354,149,96,560,83,116,242,83,556,125,187,v202_initial_race,2026-10-03T02:40:17+09:00
v203_floor_nn_initial_race,204,1561,43,102,106,127,256,562,119,116,124,84,72,156,129,179,349,556,129,205,73,635,147,66,69,83,122,57,121,144,253,251,438,124,145,141,419,63,210,247,132,115,139,87,307,158,174,196,152,329,219,192,139,121,190,126,284,298,193,244,298,67,151,290,170,249,196,125,402,197,413,132,414,398,88,224,98,363,257,85,265,68,172,361,318,174,310,199,93,118,153,355,152,103,534,81,117,242,83,541,125,194,v203_floor_nn_initial_race,2026-10-03T02:41:51+09:00
v204_initial_race_tuned,204,1586,43,102,112,122,251,556,112,115,132,84,73,152,129,177,363,553,131,207,72,637,145,64,66,82,119,57,118,136,264,250,443,120,148,141,420,63,215,249,124,113,137,84,315,158,184,200,152,326,235,185,136,120,192,128,297,295,197,244,305,68,152,286,174,252,194,124,389,202,404,128,405,412,88,221,98,361,264,84,243,68,180,351,324,168,303,198,95,112,151,349,158,101,532,83,118,243,84,539,126,188,v204_confirmation_c5_p15,2026-10-03T03:16:01+09:00
v205_wide_initial_race,204,1572,43,103,111,123,260,551,113,117,124,84,72,163,124,181,365,552,126,208,71,632,140,66,68,83,119,56,122,139,263,258,442,123,150,138,401,62,210,253,127,116,137,87,312,165,175,197,150,326,228,189,138,117,197,125,296,288,195,247,289,68,154,288,175,248,193,129,400,207,420,133,393,418,90,222,98,358,267,83,250,67,178,357,320,170,310,196,94,115,152,353,153,101,548,82,117,239,84,532,130,184,v205_wide_initial_race,2026-10-03T08:07:09+09:00
v206_pruned_reductions,204,1568,43,103,110,126,260,557,117,118,128,84,72,163,126,177,363,550,127,199,72,630,144,65,68,83,121,57,127,139,264,249,446,119,151,141,397,63,210,252,126,115,137,87,319,164,183,197,148,330,225,190,136,118,188,132,301,287,202,245,302,68,153,281,174,248,195,125,388,202,421,129,408,414,90,222,98,359,274,84,248,67,175,353,316,167,309,200,95,116,150,359,151,101,559,82,120,241,83,542,129,184,v206_pruned_reductions,2026-10-03T09:53:42+09:00
v207_lazy_candidate_bank,204,1577,43,99,108,125,243,546,115,119,125,84,72,155,121,181,354,555,127,205,74,644,144,65,68,80,121,57,124,136,256,257,434,120,148,143,409,63,205,254,129,118,140,88,309,163,176,200,154,333,228,191,139,120,193,124,299,286,194,246,292,66,151,293,180,248,193,129,394,195,414,131,403,406,92,228,99,347,264,85,249,65,177,352,317,170,313,201,96,115,155,352,153,102,548,84,117,241,82,542,130,184,v207_lazy_candidate_bank,2026-10-03T10:34:44+09:00
v208_mono_collection,203,1572,43,104,108,119,250,544,114,116,124,82,70,152,127,181,363,544,130,208,70,622,142,65,67,85,124,56,121,147,265,253,440,119,146,140,402,62,204,248,123,113,141,90,328,160,174,201,150,332,223,189,141,120,190,134,293,280,201,243,293,67,156,288,175,247,197,125,383,199,419,130,403,405,88,231,96,359,262,85,264,70,176,357,311,172,314,194,94,115,148,333,151,103,556,81,117,236,84,542,121,186,v208_mono_collection_normal100,2026-10-03T10:55:36+09:00
v209_color_quotient_reinsertion,202,1573,43,103,111,123,248,537,116,116,128,84,71,152,130,181,364,530,132,204,72,638,145,65,69,82,119,56,122,141,251,258,433,120,150,137,401,63,206,243,130,114,134,91,305,166,172,201,144,327,231,192,144,118,190,129,301,288,192,250,297,68,153,279,177,252,195,123,393,199,418,129,392,397,89,219,99,352,257,85,242,68,175,353,311,174,303,202,94,114,151,343,151,99,537,83,115,238,83,524,127,186,v209_color_quotient_same_local_budget,2026-10-03T11:17:02+09:00
v210_collection_color_quotient,201,1570,43,104,107,125,254,550,115,119,120,81,72,153,122,178,370,535,124,198,71,615,136,66,69,83,115,56,119,139,255,249,425,120,145,142,400,63,205,245,128,114,135,89,319,162,172,203,147,328,224,190,138,117,191,128,302,293,194,237,297,68,153,288,167,251,195,128,388,194,418,128,381,410,91,226,95,357,258,87,245,64,172,361,306,168,303,196,94,115,151,337,149,103,544,82,117,237,84,513,125,185,v210_collection_color_quotient_same_local_budget,2026-10-03T11:33:27+09:00
v211_jump_steiner_collection,202,1599,43,105,107,119,247,539,116,119,124,83,71,155,125,182,362,547,128,205,73,601,145,67,68,82,122,56,124,136,270,253,423,122,152,136,404,62,215,244,127,116,136,93,327,166,179,194,149,323,221,187,137,117,189,128,295,286,196,243,282,69,150,285,173,250,194,124,382,205,407,134,409,404,88,228,97,344,271,85,265,68,184,378,316,168,301,194,96,115,154,345,154,99,533,80,117,239,83,528,124,181,v211_jump_steiner_collection_same_local_budget,2026-10-03T13:21:46+09:00
v212_mono_packet_quotient,202,1589,43,104,110,127,249,549,114,112,124,83,70,150,122,184,352,548,127,195,73,630,138,65,70,82,116,56,123,140,265,254,421,120,148,139,399,63,207,243,129,115,138,88,317,164,170,198,150,319,225,184,138,117,193,128,295,288,192,235,305,67,153,280,166,250,191,127,404,206,408,127,401,403,93,226,99,356,260,85,261,68,187,366,313,172,292,200,93,118,150,341,152,101,543,82,120,246,84,527,126,187,v212_mono_packet_quotient_same_local_budget,2026-10-03T16:58:58+09:00
v213_atomic_color_runs,206,1570,43,101,108,126,260,536,120,117,126,80,73,152,125,182,371,559,127,211,72,628,151,66,69,83,123,58,125,153,260,256,449,120,147,144,402,63,210,250,138,116,139,87,329,170,188,205,156,322,239,199,141,118,197,130,294,301,197,253,290,68,153,288,174,252,206,123,405,203,438,136,422,421,91,222,93,363,252,85,261,66,184,358,302,174,325,209,94,116,154,352,158,107,533,82,117,247,83,533,132,188,v213_atomic_color_runs_all_phases_same_budget,2026-10-03T19:06:00+09:00
