eval_set,case,reference_S,v105_T,v105_E,v105_S,v105_wall_seconds,v105_baseline_ops,v105_pre_lns,v105_lns_attempts,v105_lns_start,v311_single_T,v311_single_E,v311_single_S,v311_single_wall_seconds,v311_single_baseline_ops,v311_single_pre_lns,v311_single_lns_attempts,v311_single_lns_start,v311_multi_T,v311_multi_E,v311_multi_S,v311_multi_wall_seconds,v311_multi_baseline_ops,v311_multi_pre_lns,v311_multi_lns_attempts,v311_multi_lns_start,multi_minus_single_T,multi_minus_v105_T_common_complete,multi_retained,multi_winner_rank,multi_winner_origin
in,0000.txt,43,43,0,43,1.8853251030000138,70,70,10504,0.0978372,43,0,43,1.8850785120000637,70,70,10810,0.0136175,43,0,43,1.8852590899999768,70,62,10731,0.0445826,0,0,4,0,-3115
in,0001.txt,100,102,0,102,1.8850732759999573,127,127,3218,0.207727,101,0,101,1.8867500480000672,127,127,3679,0.033851,105,0,105,1.8872221029999992,127,127,3334,0.114351,4,3,4,2,-3115
in,0002.txt,104,110,0,110,1.8851397519999864,147,147,3182,0.265901,111,0,111,1.8842176360000167,147,147,3711,0.0424404,107,0,107,1.887310679000052,147,133,3413,0.119552,-4,-3,4,0,-3115
in,0003.txt,115,122,0,122,1.8852583310000455,157,157,2516,0.423351,123,0,123,1.8853286570000591,157,157,2970,0.0688617,122,0,122,1.8852470419999463,157,157,2622,0.223695,-1,0,4,0,-105
in,0004.txt,234,264,0,264,1.8852927359999967,324,324,751,0.791749,252,0,252,1.8848014169999487,324,324,1644,0.113002,247,0,247,1.888030896000032,324,324,851,0.446282,-5,-17,3,1,-3114
in,0005.txt,483,945,45,4500945,1.8601822649999349,,,,,649,0,649,1.885781126999973,1155,1155,599,0.368789,723,0,723,1.8868647390000888,1155,1155,524,0.459216,74,,1,0,-105
in,0006.txt,107,121,0,121,1.8851424439999391,157,157,2944,0.224865,123,0,123,1.885378228000036,157,157,3470,0.0348783,117,0,117,1.8853448009999738,157,147,3135,0.104455,-6,-4,4,0,-3111
in,0007.txt,110,116,0,116,1.8850748459999522,138,138,2738,0.228454,115,0,115,1.8857510880000063,138,138,3104,0.0303139,119,0,119,1.885099877000016,138,137,2746,0.116296,4,3,4,2,-3115
in,0008.txt,120,132,0,132,1.8860528899999736,191,191,2347,0.248888,129,0,129,1.8851348129999224,191,191,2620,0.0389849,128,0,128,1.8859273379999877,191,182,2697,0.136384,-1,-4,4,0,-3115
in,0009.txt,80,84,0,84,1.8852656770000067,121,121,3765,0.237198,85,0,85,1.8850164360000008,121,121,4197,0.0309932,85,0,85,1.8864627140000039,121,112,3570,0.110734,0,1,4,0,-3111
in,0010.txt,69,69,0,69,1.8860545409999077,97,97,6580,0.108771,69,0,69,1.8846228939999037,97,97,6930,0.0135125,71,0,71,1.8843488139999636,97,88,6288,0.0636566,2,2,4,2,-3115
in,0011.txt,145,157,0,157,1.8871378820000473,198,198,1845,0.347059,154,0,154,1.8859184519999417,198,198,2321,0.0613561,157,0,157,1.8889893939999638,198,198,1768,0.277293,3,0,4,1,-3114
in,0012.txt,119,129,0,129,1.8848366779999424,180,180,3407,0.326544,129,0,129,1.8849803010000414,180,180,4067,0.0420666,127,0,127,1.8844233590000385,180,173,3364,0.147145,-2,-2,4,2,-3115
in,0013.txt,168,191,0,191,1.8863770799999884,278,278,1521,0.593409,179,0,179,1.8849869609999814,278,278,2200,0.0915324,184,0,184,1.885373575000017,278,273,1792,0.283431,5,-7,4,1,-105
in,0014.txt,331,361,0,361,1.8844094199999972,422,422,305,1.22032,341,0,341,1.8842507309999519,422,422,897,0.253221,348,0,348,1.884039303999998,422,422,811,0.423974,7,-13,2,0,-105
in,0015.txt,459,580,0,580,1.8872998159999952,601,601,9,1.81708,515,0,515,1.8851004079999711,601,601,661,0.330329,511,0,511,1.8853023340000163,601,601,785,0.282379,-4,-69,1,0,-105
in,0016.txt,119,129,0,129,1.8882416689999673,187,187,1982,0.316628,127,0,127,1.8865212550000479,187,187,2597,0.0466646,125,0,125,1.8842102319999867,187,185,2013,0.228948,-2,-4,4,2,-105
in,0017.txt,186,207,0,207,1.8865864020000345,244,244,1291,0.423403,211,0,211,1.8859206370000265,244,244,1664,0.0790534,204,0,204,1.8861807910000152,244,232,1398,0.340197,-7,-3,4,0,-3115
in,0018.txt,70,73,0,73,1.8853046809999796,101,101,5113,0.130736,73,0,73,1.8855921499999795,101,101,5137,0.0190928,74,0,74,1.885678624000093,101,101,4464,0.0742854,1,1,4,0,-105
in,0019.txt,512,468,122,12200468,1.860689868999998,,,,,586,0,586,1.8862244309999596,698,698,419,0.475351,592,0,592,1.8863606510000182,698,698,400,0.467554,6,,1,0,-105
in,0020.txt,133,144,0,144,1.8845010989999764,186,186,1989,0.269292,142,0,142,1.8848392830000193,186,186,2499,0.046193,145,0,145,1.885478242999966,186,185,2066,0.179619,3,1,4,1,-105
in,0021.txt,64,70,0,70,1.8852454509999461,98,98,3789,0.188807,70,0,70,1.8852586720000772,98,98,4115,0.0221806,67,0,67,1.885563378000029,98,86,4006,0.0730388,-3,-3,4,1,-3114
in,0022.txt,65,65,0,65,1.8855566700000281,93,93,6889,0.130155,65,0,65,1.885980800000084,93,93,7483,0.0178495,68,0,68,1.8852774910000107,93,84,5143,0.0851069,3,3,4,1,-3115
in,0023.txt,76,84,0,84,1.8862318599999526,121,121,4262,0.152485,88,0,88,1.8855793819999462,121,121,4447,0.0247561,84,0,84,1.8864044050000075,121,119,4295,0.113751,-4,0,4,3,-3115
in,0024.txt,115,124,0,124,1.8852428709999458,216,216,2566,0.410084,121,0,121,1.8858277989999124,216,216,3222,0.0609608,124,0,124,1.8865783050000573,216,170,2709,0.16834,3,0,4,3,-105
in,0025.txt,56,60,0,60,1.8838027850000572,86,86,6619,0.204024,60,0,60,1.8862058349999415,86,86,7318,0.0265895,57,0,57,1.8848464019999938,86,79,6682,0.0865733,-3,-3,4,0,-3111
in,0026.txt,118,129,0,129,1.884669633000044,187,187,2179,0.45643,121,0,121,1.8852029749999701,187,187,2768,0.0728222,120,0,120,1.8850055890000021,187,162,2980,0.217533,-1,-9,4,2,-3114
in,0027.txt,130,142,0,142,1.8853652689999763,237,237,2754,0.301224,138,0,138,1.884664447000091,237,237,2962,0.0492982,140,0,140,1.8860552559999633,237,205,2800,0.142066,2,-2,4,2,-105
in,0028.txt,234,254,0,254,1.8846118989999923,331,331,865,0.740018,252,0,252,1.8845601859999306,331,331,1485,0.099905,258,0,258,1.8847064739999269,331,320,993,0.519942,6,4,4,0,-3114
in,0029.txt,227,260,0,260,1.8869429310000214,310,310,814,0.842457,256,0,256,1.8850620040000194,310,310,1700,0.137286,247,0,247,1.8867100829999117,310,307,1047,0.504835,-9,-13,3,0,-3114
in,0030.txt,382,464,0,464,1.8848744030000262,539,539,278,1.33843,450,0,450,1.8843698919999952,539,539,989,0.228039,457,0,457,1.8847191419999945,539,522,793,0.388936,7,-7,2,0,-3114
in,0031.txt,117,124,0,124,1.8858868429999802,170,170,2319,0.358571,123,0,123,1.886411427999974,170,170,2685,0.0514282,119,0,119,1.8857037429999082,170,155,2697,0.183967,-4,-5,4,1,-3114
in,0032.txt,138,146,0,146,1.8844749269999284,218,218,1808,0.451297,146,0,146,1.8847397380001212,218,218,2295,0.0716255,144,0,144,1.8849752969999827,218,214,2154,0.257086,-2,-2,4,3,-3115
in,0033.txt,127,136,0,136,1.8849754660000144,184,184,2148,0.337261,136,0,136,1.88622276600006,184,184,2550,0.0580693,138,0,138,1.8889790460000313,184,175,2262,0.173121,2,2,4,3,-105
in,0034.txt,373,419,0,419,1.8847421149998809,490,490,293,1.34601,414,0,414,1.885887595999975,490,490,925,0.210032,413,0,413,1.8841113690000384,490,490,752,0.46294,-1,-6,2,0,-105
in,0035.txt,62,63,0,63,1.8857513309999376,83,83,7480,0.104124,64,0,64,1.8846161510000456,83,83,8095,0.0117951,62,0,62,1.8853895339998417,83,80,7587,0.0626416,-2,-1,4,3,-3115
in,0036.txt,183,206,0,206,1.8850907819999065,270,270,977,0.734288,207,0,207,1.8845324840001467,270,270,1358,0.108281,210,0,210,1.8865999940001075,270,270,1154,0.39579,3,4,4,1,-3115
in,0037.txt,228,253,0,253,1.8851369760000125,324,324,604,1.04756,248,0,248,1.8852718020000339,324,324,1454,0.158408,249,0,249,1.8853065660000539,324,324,1173,0.406012,1,-4,3,0,-105
in,0038.txt,120,128,0,128,1.8857014620000427,157,157,2322,0.300197,129,0,129,1.8846260880000045,157,157,2658,0.0489703,124,0,124,1.8856921369999782,157,142,2629,0.138377,-5,-4,4,3,-105
in,0039.txt,107,111,0,111,1.8850523359999443,166,166,2788,0.402503,115,0,115,1.885099369000045,166,166,3322,0.0651499,120,0,120,1.8859752829998797,166,155,2930,0.203839,5,9,4,2,-105
in,0040.txt,130,136,0,136,1.8852717649999704,189,189,2665,0.326366,139,0,139,1.8879375439998967,189,189,3101,0.0435238,141,0,141,1.8860384750000776,189,189,2950,0.217431,2,5,4,0,-105
in,0041.txt,84,87,0,87,1.8872078760000477,123,123,3410,0.174598,89,0,89,1.8854156279999188,123,123,3904,0.0283006,89,0,89,1.8863768360001814,123,107,3480,0.133352,0,2,4,1,-3115
in,0042.txt,292,313,0,313,1.8849296729999878,360,360,319,1.35462,309,0,309,1.888151938999954,360,360,1113,0.249369,315,0,315,1.8853878520001217,360,360,950,0.393052,6,2,2,0,-105
in,0043.txt,148,181,0,181,1.8856238240000494,251,251,1856,0.512431,170,0,170,1.887574739999991,251,251,2630,0.0614985,168,0,168,1.886995066000054,251,234,2220,0.258358,-2,-13,4,0,-3115
in,0044.txt,163,186,0,186,1.885473237999804,257,257,1557,0.531825,191,0,191,1.8860087780001322,257,257,1903,0.089261,180,0,180,1.8857398499999363,257,239,1686,0.267092,-11,-6,4,0,-3111
in,0045.txt,184,198,0,198,1.8856691619998855,220,220,1627,0.442157,196,0,196,1.8881400730001587,220,220,2011,0.0776977,189,0,189,1.886278996999863,220,217,2022,0.233505,-7,-9,4,0,-3115
in,0046.txt,139,147,0,147,1.8855665390001377,194,194,2505,0.261161,152,0,152,1.8892703700000766,194,194,2573,0.0352529,150,0,150,1.8864637730000595,194,181,2087,0.187987,-2,3,4,2,-3115
in,0047.txt,288,322,0,322,1.8853349649998563,392,392,576,0.897577,320,0,320,1.889288032999957,392,392,1010,0.150575,311,0,311,1.886370424000006,392,356,869,0.461487,-9,-11,3,0,-3111
in,0048.txt,205,250,0,250,1.8859608360000948,302,302,756,0.723545,234,0,234,1.885610510000106,302,302,1252,0.10874,237,0,237,1.8885151790000236,302,270,1036,0.366343,3,-13,4,0,-3111
in,0049.txt,175,183,0,183,1.8859694339998896,214,214,1355,0.563261,188,0,188,1.8859606400001212,214,214,1832,0.0842577,183,0,183,1.8860638509997898,214,207,1571,0.288139,-5,0,4,0,-3114
in,0050.txt,135,145,0,145,1.8870528349998494,207,207,2232,0.274515,140,0,140,1.8866264690000207,207,207,2833,0.0377156,145,0,145,1.8850496610000391,207,199,2857,0.133114,5,0,4,1,-3115
in,0051.txt,113,122,0,122,1.8859882240001298,163,163,2537,0.268146,119,0,119,1.88570725999989,163,163,2865,0.0420752,117,0,117,1.887035633000096,163,163,2564,0.15296,-2,-5,4,3,-3111
in,0052.txt,174,193,0,193,1.8850699390000045,262,262,1353,0.542694,183,0,183,1.8872521650000635,262,262,1886,0.0764297,194,0,194,1.8859013870001036,262,251,1397,0.359272,11,1,4,0,-3115
in,0053.txt,121,127,0,127,1.8855425360000027,193,193,2598,0.305973,124,0,124,1.8852638619998743,193,193,3276,0.040955,131,0,131,1.8855223309999474,193,175,2348,0.202925,7,4,4,3,-105
in,0054.txt,264,316,0,316,1.88565179599982,407,407,319,1.28694,290,0,290,1.884492782000052,407,407,1061,0.167734,299,0,299,1.8896205339999597,407,393,928,0.445228,9,-17,3,0,-3111
in,0055.txt,254,299,0,299,1.8869443030000639,343,343,282,1.35374,285,0,285,1.8865891729999476,343,343,1135,0.215019,285,0,285,1.8854440810000597,343,333,900,0.504971,0,-14,3,0,-3114
in,0056.txt,185,196,0,196,1.8858916010001394,258,258,1406,0.571252,191,0,191,1.886101707999842,258,258,2004,0.0888407,194,0,194,1.8925769269999364,258,258,1737,0.288676,3,-2,4,2,-3115
in,0057.txt,218,246,0,246,1.9051679780000086,289,289,1011,0.731994,240,0,240,1.8850751879999734,289,289,1519,0.126013,238,0,238,1.932631535000155,289,276,1231,0.403857,-2,-8,4,0,-3114
in,0058.txt,269,305,0,305,1.8857451399999263,438,438,583,0.885585,299,0,299,1.8876480209999045,438,438,1179,0.127065,295,0,295,1.8856793569998445,438,415,944,0.431401,-4,-10,3,0,-3114
in,0059.txt,64,68,0,68,1.8854064909999124,80,80,5798,0.154347,68,0,68,1.8849238220000188,80,80,6649,0.0197088,68,0,68,1.885003936999965,80,80,5888,0.119121,0,0,4,0,-105
in,0060.txt,141,158,0,158,1.8865998690000652,267,267,1645,0.694199,148,0,148,1.8897896239998317,267,267,2459,0.0759284,158,0,158,1.8864563119998365,267,238,2044,0.256379,10,0,4,2,-3111
in,0061.txt,256,292,0,292,1.885570558999916,315,315,1428,0.733217,289,0,289,1.8863107659999514,315,315,2152,0.104908,271,0,271,1.8853218670001297,315,315,1911,0.34134,-18,-21,4,1,-3111
in,0062.txt,158,164,0,164,1.8861475139999584,207,207,1423,0.503816,165,0,165,1.886230069000021,207,207,1867,0.0769281,173,0,173,1.8862942809998913,207,207,1603,0.271848,8,9,4,1,-3111
in,0063.txt,230,257,0,257,1.8861434529999315,351,351,768,0.794383,261,0,261,1.8849619490001714,351,351,1463,0.124353,257,0,257,1.8852017039998827,351,331,1161,0.40485,-4,0,4,0,-3114
in,0064.txt,182,189,0,189,1.8852281930001027,205,205,2194,0.394765,189,0,189,1.8855154780001158,205,205,2906,0.056338,189,0,189,1.886216117999993,205,205,2386,0.291686,0,0,4,0,-105
in,0065.txt,114,134,0,134,1.8854279399999996,181,181,2685,0.298943,137,0,137,1.8856784060001246,181,181,3153,0.0428624,136,0,136,1.88677828699997,181,181,2416,0.227457,-1,2,4,0,-105
in,0066.txt,359,450,0,450,1.8856171319998793,560,560,369,1.28175,428,0,428,1.8860558720000427,560,560,1264,0.217056,415,0,415,1.8862272869998833,560,560,935,0.38835,-13,-35,2,1,-3114
in,0067.txt,188,198,0,198,1.8850559970001086,288,288,1392,0.677932,198,0,198,1.8851912779998656,288,288,2045,0.0854886,194,0,194,1.8861933050000061,288,288,1922,0.306998,-4,-4,4,2,-3115
in,0068.txt,354,434,0,434,1.8856632590000117,463,463,139,1.50706,415,0,415,1.8850104269999974,463,463,717,0.251023,412,0,412,1.8851353810000546,463,463,574,0.491977,-3,-22,2,0,-105
in,0069.txt,124,133,0,133,1.8851483359999293,214,214,2646,0.298734,131,0,131,1.8848008810000465,214,214,3060,0.0434397,128,0,128,1.88798250800005,214,187,3139,0.149097,-3,-5,4,3,-3114
in,0070.txt,362,445,0,445,1.8841705789998286,530,530,89,1.60782,401,0,401,1.8852492850001,530,530,791,0.244013,398,0,398,1.8850653590000093,530,530,708,0.30186,-3,-47,1,0,-105
in,0071.txt,357,424,0,424,1.8876423100000466,513,513,189,1.40225,401,0,401,1.8850604009999188,513,513,873,0.208167,399,0,399,1.8846093040001506,513,513,805,0.266572,-2,-25,1,0,-105
in,0072.txt,87,92,0,92,1.8869447100000798,148,148,2931,0.355927,92,0,92,1.8853269500000351,148,148,3533,0.0426869,93,0,93,1.8851851110000553,148,128,3518,0.143947,1,1,4,2,-3115
in,0073.txt,208,239,0,239,1.885696095999947,315,315,922,0.60048,233,0,233,1.885709463000012,315,315,1380,0.108829,229,0,229,1.8873160009998173,315,315,1064,0.345026,-4,-10,4,2,-3114
in,0074.txt,92,95,0,95,1.8859137580000152,134,134,3938,0.189818,97,0,97,1.8849755630001255,134,134,4507,0.0250366,97,0,97,1.8908217509999758,134,132,3931,0.0923895,0,2,4,1,-105
in,0075.txt,315,357,0,357,1.8901791499999945,447,447,331,1.1633,346,0,346,1.8850539709999339,447,447,963,0.196791,354,0,354,1.8855084680001255,447,447,769,0.365197,8,-3,2,1,-3114
in,0076.txt,234,264,0,264,1.884135002999983,382,382,815,0.682704,267,0,267,1.8847289599998476,382,382,1215,0.108723,264,0,264,1.8852812990000984,382,349,956,0.468595,-3,0,4,0,-3114
in,0077.txt,81,87,0,87,1.8848827540000457,117,117,3844,0.142256,87,0,87,1.886466376000044,117,117,4342,0.0178059,88,0,88,1.885857748000035,117,115,3738,0.103933,1,1,4,2,-3111
in,0078.txt,236,256,0,256,1.88647578899986,323,323,1018,0.704231,249,0,249,1.890953158000002,323,323,1468,0.118528,258,0,258,1.8976864419998947,323,323,1042,0.35906,9,2,1,0,-105
in,0079.txt,65,72,0,72,1.8846946670000762,89,89,5281,0.16681,68,0,68,1.8984803219998412,89,89,4166,0.172649,70,0,70,1.8917563069999233,89,89,5328,0.0806555,2,-2,4,3,-3115
in,0080.txt,159,179,0,179,1.8866023729999597,246,246,1357,0.484522,179,0,179,1.886292056000002,246,246,1611,0.0814389,168,0,168,1.8848470299999462,246,233,1686,0.255693,-11,-11,4,0,-3111
in,0081.txt,309,359,0,359,1.8882834670000648,422,422,335,1.15353,357,0,357,1.8860559550000744,422,422,798,0.216312,352,0,352,1.885726147000014,422,419,708,0.375677,-5,-7,2,1,-105
in,0082.txt,282,319,0,319,1.8874821230001544,396,396,614,0.862607,310,0,310,1.8852569149999,396,396,989,0.1351,307,0,307,1.884416131999842,396,381,772,0.450647,-3,-12,3,0,-3111
in,0083.txt,156,165,0,165,1.8851220500000636,222,222,2146,0.306491,164,0,164,1.884721663999926,222,222,2577,0.051725,170,0,170,1.8869028709998474,222,219,2398,0.226237,6,5,4,0,-3115
in,0084.txt,275,323,0,323,1.8843583870000202,394,394,495,1.12911,315,0,315,1.8877228280000509,394,394,1111,0.174615,315,0,315,1.8840893400001733,394,386,925,0.436322,0,-8,3,0,-3114
in,0085.txt,187,210,0,210,1.8849450529999103,327,327,763,1.05731,203,0,203,1.8866845479999483,327,327,1961,0.128928,209,0,209,1.887139597999976,327,309,1593,0.434385,6,-1,4,0,-3114
in,0086.txt,92,99,0,99,1.8865809940000418,130,130,4481,0.150958,98,0,98,1.8850732270000208,130,130,4626,0.0234757,94,0,94,1.8859369770000285,130,128,4981,0.0658751,-4,-5,4,1,-105
in,0087.txt,107,117,0,117,1.8855084429999351,145,145,2648,0.292571,120,0,120,1.8860519039999417,145,145,2895,0.0483557,113,0,113,1.8854047350000656,145,134,3140,0.167116,-7,-4,4,1,-3115
in,0088.txt,143,147,0,147,1.884674109999878,182,182,2122,0.386599,150,0,150,1.8850375669999266,182,182,2632,0.0509032,147,0,147,1.8860460549999516,182,178,2330,0.259011,-3,0,4,2,-3114
in,0089.txt,314,360,0,360,1.886799486999962,426,426,276,1.24003,353,0,353,1.8854587280000032,426,426,880,0.197599,348,0,348,1.885416221000014,426,426,770,0.255197,-5,-12,1,0,-105
in,0090.txt,147,154,0,154,1.8847377980000601,217,217,2607,0.478172,156,0,156,1.884495227999878,217,217,2701,0.0698358,158,0,158,1.8844308370000817,217,217,2135,0.235872,2,4,4,3,-3111
in,0091.txt,96,98,0,98,1.8848116960000425,122,122,3681,0.22274,98,0,98,1.8847614769999836,122,122,4077,0.0312806,99,0,99,1.8847395339998911,122,119,3741,0.11016,1,1,4,1,-3111
in,0092.txt,451,576,0,576,1.8851357000000917,620,620,25,1.79001,537,0,537,1.88490532600008,620,620,648,0.32349,535,0,535,1.8866110080000453,620,620,689,0.284636,-2,-41,1,0,-105
in,0093.txt,80,81,0,81,1.8848638920001122,106,106,4785,0.126167,81,0,81,1.8853703830000086,106,106,5001,0.0274889,81,0,81,1.886353371000041,106,106,5296,0.0672921,0,0,4,0,-105
in,0094.txt,114,120,0,120,1.8875764229999277,140,140,2771,0.34158,120,0,120,1.8915456869999616,140,140,3502,0.0571632,124,0,124,1.8871057720000408,140,133,2742,0.24262,4,4,4,0,-3111
in,0095.txt,214,225,0,225,1.8847929979999662,276,276,1310,0.511793,222,0,222,1.8858128350000243,276,276,1793,0.0785706,226,0,226,1.88677301000007,276,276,1220,0.432615,4,1,4,0,-105
in,0096.txt,78,86,0,86,1.8849850869999045,114,114,3514,0.220171,85,0,85,1.8856793830000242,114,114,3792,0.0314831,83,0,83,1.889623095000161,114,103,3994,0.129776,-2,-3,4,0,-3114
in,0097.txt,464,617,52,5200617,1.8581332199998997,,,,,593,0,593,1.8869725650001783,753,753,639,0.333939,579,0,579,1.887774047999983,753,753,678,0.312702,-14,,1,0,-105
in,0098.txt,120,130,0,130,1.886343135000061,185,185,1932,0.350503,133,0,133,1.8846310409999205,185,185,2801,0.0501547,132,0,132,1.8919269190000705,185,182,2094,0.252315,-1,2,4,1,-105
in,0099.txt,171,195,0,195,1.8895422010000402,250,250,946,0.893756,188,0,188,1.8855775489998905,250,250,1972,0.0956273,187,0,187,1.8863250229999267,250,234,1276,0.345687,-1,-8,4,1,-3115
validation100,0001.txt,77,78,0,78,1.8848835079998025,100,100,4805,0.139403,77,0,77,1.8846583580000242,100,100,5442,0.0196952,79,0,79,1.8930835669998487,100,100,4083,0.110395,2,1,4,2,-3111
validation100,0023.txt,271,285,0,285,1.8881046349999906,360,360,332,1.31278,271,0,271,1.8875062839999828,360,360,978,0.176503,277,0,277,1.8885014239999691,360,339,846,0.448752,6,-8,2,0,-3114
validation100,0024.txt,106,106,0,106,1.8854076960001294,160,160,3867,0.15145,106,0,106,1.8917590319999817,160,160,4128,0.0255922,109,0,109,1.8848149069999636,160,145,3673,0.0893459,3,3,4,1,-3114
validation100,0027.txt,208,211,0,211,1.8915815090001615,269,269,1166,0.748116,208,0,208,1.8865750429999935,269,269,1915,0.103855,208,0,208,1.8869464599999901,269,269,1377,0.410405,0,-3,3,0,-105
validation100,0030.txt,471,491,66,6600491,1.8856176869999217,,,,,488,0,488,1.8929764810000052,661,661,376,0.325169,471,0,471,1.885806010000124,661,661,829,0.25711,-17,,1,0,-105
validation100,0038.txt,151,151,0,151,1.8883806659998754,176,176,2087,0.353225,151,0,151,1.9435092409999015,176,176,2122,0.0877458,151,0,151,1.8847930220001672,176,176,1801,0.212875,0,0,4,0,-105
validation100,0047.txt,447,507,11,1100507,1.8599847509999563,,,,,457,0,457,1.8875237950001065,526,526,322,0.319096,447,0,447,1.8866283370000474,526,526,609,0.402387,-10,,1,0,-105
validation100,0052.txt,388,414,0,414,1.888863456000081,525,525,234,1.40144,388,0,388,1.8884325100000297,525,525,1005,0.182304,408,0,408,1.8857534659998691,525,525,956,0.381984,20,-6,2,0,-105
validation100,0057.txt,249,255,0,255,1.8855980429998453,364,364,1132,0.626086,258,0,258,1.8857678609999766,364,364,1570,0.0873093,249,0,249,1.8858271459998832,364,299,1283,0.423342,-9,-6,4,0,-3115
validation100,0064.txt,221,224,0,224,1.8860937409999678,276,276,1109,0.738226,229,0,229,1.885822212999983,276,276,1574,0.108375,221,0,221,1.8869605330000923,276,260,1379,0.395251,-8,-3,4,1,-3115
validation100,0065.txt,228,240,0,240,1.8857724030001464,286,286,660,0.917618,228,0,228,1.891105049999851,286,286,1367,0.121924,236,0,236,1.8999457669999629,286,286,434,0.394802,8,-4,1,0,-105
validation100,0071.txt,500,413,84,8400413,1.8591217230000439,,,,,500,0,500,1.8898982630000773,582,582,511,0.508599,501,0,501,1.8862838489999376,582,582,581,0.336348,1,,1,0,-105
validation100,0078.txt,427,434,0,434,1.8905600380001033,535,535,235,1.43789,427,0,427,1.8856942079999044,535,535,1131,0.192901,428,0,428,1.886092557999973,535,535,1047,0.258696,1,-6,1,0,-105
validation100,0081.txt,216,216,0,216,1.8852817619999769,288,288,1664,0.420541,218,0,218,1.886580049000031,288,288,2254,0.069669,220,0,220,1.8868073369999365,288,275,1910,0.300956,2,4,4,2,-105
validation100,0082.txt,276,281,0,281,1.9122516380000434,358,358,556,0.943556,276,0,276,1.8859103360000518,358,358,1620,0.152404,276,0,276,1.8865983370001231,358,347,1055,0.47357,0,-5,4,1,-105
validation100,0085.txt,76,78,0,78,1.9096953020000456,104,104,5116,0.116205,77,0,77,1.8889030410000487,104,104,5868,0.0163478,76,0,76,1.8852873569999247,104,104,5253,0.0621644,-1,-2,4,3,-3114
validation100,0094.txt,113,117,0,117,1.8876639850000174,162,162,2932,0.233672,117,0,117,1.8866446119998272,162,162,3239,0.034573,113,0,113,1.8855346179998378,162,151,3764,0.108581,-4,-4,4,1,-3111
validation100,0097.txt,161,161,0,161,1.8856672349998007,203,203,1943,0.465736,161,0,161,1.8858453029999964,203,203,2464,0.065247,162,0,162,1.8848096020001321,203,203,2025,0.317436,1,1,4,0,-105
validation100,0105.txt,99,101,0,101,1.8861219479999818,162,162,2657,0.35282,105,0,105,1.885945953999908,162,162,3368,0.0429008,99,0,99,1.8859536060001574,162,143,2793,0.134714,-6,-2,4,0,-3114
validation100,0108.txt,57,57,0,57,1.8850213680000252,71,71,5218,0.0991646,58,0,58,1.8891005660000246,71,71,6082,0.0143722,57,0,57,1.8856868709999617,71,71,7914,0.0405212,-1,0,4,1,-3114
validation100,0121.txt,407,438,0,438,1.8857691829998657,495,495,61,1.60136,407,0,407,1.8858702200000153,495,495,792,0.28509,407,0,407,1.8849759950001044,495,495,628,0.409152,0,-31,1,0,-105
validation100,0122.txt,76,76,0,76,1.8919529580000471,106,106,4211,0.130632,76,0,76,1.8848376429998552,106,106,5422,0.0178401,76,0,76,1.8872811779999665,106,95,5128,0.0631025,0,0,4,1,-3111
validation100,0123.txt,207,207,0,207,1.8852705740000602,288,288,1513,0.418306,208,0,208,1.8850085019998915,288,288,1978,0.0601212,211,0,211,1.8860582410000006,288,288,1540,0.325542,3,4,4,0,-105
validation100,0126.txt,120,124,0,124,1.8857688949999556,160,160,2477,0.281584,120,0,120,1.8851676159999897,160,160,2883,0.0394566,126,0,126,1.8854745250000633,160,152,2715,0.144593,6,2,4,1,-3114
validation100,0131.txt,262,265,0,265,1.8848880569998983,357,357,1059,0.575254,264,0,264,1.885166758999958,357,357,1461,0.0986779,262,0,262,1.8849434060000476,357,344,1314,0.371931,-2,-3,4,1,-105
validation100,0134.txt,441,474,0,474,1.8881335969999782,543,543,85,1.62329,443,0,443,1.8891062000000147,543,543,589,0.43017,441,0,441,1.8855231590000585,543,543,544,0.488728,-2,-33,2,0,-105
validation100,0139.txt,231,240,0,240,1.885359206999965,292,292,750,0.748146,237,0,237,1.8855100929999935,292,292,1293,0.147024,231,0,231,1.8854359530000693,292,277,1067,0.454662,-6,-9,4,0,-3111
validation100,0143.txt,142,144,0,144,1.8848151569998208,215,215,1644,0.321675,142,0,142,1.8848178990001543,215,215,2685,0.0510448,144,0,144,1.885837446000096,215,215,2181,0.213253,2,0,4,0,-105
validation100,0150.txt,113,114,0,114,1.8847958830001517,157,157,2828,0.229181,117,0,117,1.8869906689999425,157,157,3554,0.0348229,113,0,113,1.8855305510001017,157,157,3209,0.179081,-4,-1,4,0,-105
validation100,0152.txt,189,189,0,189,1.8848691700000018,266,266,924,0.86751,200,0,200,1.8843856329999653,266,266,1780,0.137425,194,0,194,1.88622217000011,266,256,1421,0.422277,-6,5,4,0,-3114
validation100,0155.txt,233,249,0,249,1.8852817270001196,272,272,1173,0.55503,243,0,243,1.8916743009999664,272,272,1714,0.0796779,233,0,233,1.8862171329999455,272,272,1340,0.43655,-10,-16,4,1,-3114
validation100,0165.txt,190,190,0,190,1.8880562560000271,278,278,1126,0.692362,191,0,191,1.8859044609998818,278,278,1887,0.108663,197,0,197,1.884917390000055,278,262,1291,0.377019,6,7,4,1,-105
validation100,0170.txt,114,115,0,115,1.886048388000063,173,173,4151,0.354019,114,0,114,1.88771143200006,173,173,4473,0.0450215,115,0,115,1.8897897360000115,173,173,3822,0.174266,1,0,4,2,-3114
validation100,0173.txt,193,193,0,193,1.8851136380001208,292,292,1304,0.624929,199,0,199,1.8846600389999821,292,292,1971,0.0852004,195,0,195,1.8851437470000292,292,292,1474,0.433311,-4,2,4,2,-3111
validation100,0179.txt,370,383,0,383,1.887687073000052,478,478,206,1.4675,375,0,375,1.891236641000205,478,478,910,0.248978,370,0,370,1.8874003529999754,478,478,882,0.417304,-5,-13,2,0,-105
validation100,0182.txt,335,339,0,339,1.885445627000081,380,380,432,1.02116,335,0,335,1.8861040369999955,380,380,972,0.233803,339,0,339,1.9056654820001313,380,370,906,0.458987,4,0,3,1,-105
validation100,0187.txt,202,207,0,207,1.8863034829998924,263,263,1186,0.749935,202,0,202,1.898617854000122,263,263,1145,0.382236,209,0,209,1.9224089560000266,263,248,638,0.384248,7,2,4,0,-3114
validation100,0197.txt,94,95,0,95,1.883811198000103,144,144,4087,0.219993,94,0,94,1.8842358960000638,144,144,4791,0.0264498,94,0,94,1.8862830209998265,144,138,4010,0.110915,0,-1,4,2,-3115
validation100,0206.txt,359,372,0,372,1.888821192000023,441,441,177,1.52259,361,0,361,1.8862395430001015,441,441,1074,0.229347,359,0,359,1.886295698999902,441,435,810,0.433084,-2,-13,2,0,-3114
validation100,0212.txt,120,122,0,122,1.8888444209999307,171,171,2025,0.527126,127,0,127,1.8852737849999812,171,171,3006,0.0613759,120,0,120,1.8876249830000233,171,168,3033,0.228423,-7,-2,4,0,-3111
validation100,0215.txt,379,386,0,386,1.8854340589998628,413,413,330,1.18566,380,0,380,1.8872772149998127,413,413,848,0.215798,379,0,379,1.8856704300001184,413,413,720,0.417029,-1,-7,2,0,-105
validation100,0218.txt,335,347,0,347,1.8876717379998809,404,404,505,0.929301,335,0,335,1.8862357500001963,404,404,1096,0.14496,338,0,338,1.886271885000042,404,404,961,0.376165,3,-9,2,0,-105
validation100,0231.txt,313,328,0,328,1.88782197799992,410,410,425,1.30444,320,0,320,1.8907958059999146,410,410,1269,0.174974,313,0,313,1.8861563830000705,410,391,1047,0.420145,-7,-15,3,0,-3111
validation100,0240.txt,213,214,0,214,1.890792637000004,288,288,847,0.874638,213,0,213,1.8861633730000449,288,288,1434,0.149012,215,0,215,1.885862262000046,288,265,1442,0.395264,2,1,4,1,-3114
validation100,0241.txt,263,269,0,269,1.888495654999815,329,329,495,1.12932,263,0,263,1.886022855000192,329,329,1198,0.184454,273,0,273,1.8879306890000862,329,329,944,0.443806,10,4,3,0,-105
validation100,0247.txt,346,358,0,358,1.890412759000128,435,435,419,0.960239,352,0,352,1.885512578000089,435,435,972,0.164182,346,0,346,1.8861486840000907,435,435,813,0.353273,-6,-12,2,1,-3114
validation100,0248.txt,254,271,0,271,1.8854968260000078,329,329,840,0.768175,254,0,254,1.88541209899995,329,329,1297,0.126347,272,0,272,1.9452901419999762,329,329,1075,0.422286,18,1,2,1,-3114
validation100,0255.txt,219,68,62,6200068,1.9138058010000805,,,,,235,0,235,1.9122096470000542,297,297,537,0.238662,219,0,219,1.9164399020000928,297,273,398,0.564489,-16,,4,0,-3111
validation100,0265.txt,157,157,0,157,1.884656606000135,203,203,1640,0.576625,167,0,167,1.8854599690000668,203,203,2192,0.0929402,159,0,159,1.8867644990000372,203,203,1893,0.313865,-8,2,4,1,-3114
validation100,0267.txt,110,111,0,111,1.8861592779999228,152,152,3446,0.269574,113,0,113,1.885116440000047,152,152,4091,0.0313471,110,0,110,1.8854733589998887,152,137,3580,0.113302,-3,-1,4,0,-3115
validation100,0273.txt,289,269,33,3300269,1.9025506359998872,,,,,289,0,289,1.9050334700000349,319,319,362,0.327508,298,0,298,1.9282697589999316,319,319,54,1.22983,9,,1,0,-105
validation100,0280.txt,478,520,11,1100520,1.859537636999903,,,,,479,0,479,1.8858251659999041,558,558,608,0.40133,478,0,478,1.8863000080000347,558,558,669,0.29756,-1,,1,0,-105
validation100,0285.txt,388,398,0,398,1.888585495000143,440,440,206,1.39138,388,0,388,1.8881241090000458,440,440,761,0.235369,302,84,8400302,2.029427880999947,,,,,-86,,0,-1,
validation100,0287.txt,175,180,0,180,1.8858592520000457,275,275,1204,0.712727,179,0,179,1.8851309679998849,275,275,1928,0.0955262,175,0,175,1.8855344270000387,275,262,1655,0.354431,-4,-5,4,3,-105
validation100,0294.txt,205,210,0,210,1.8849703890000455,278,278,1424,0.592698,205,0,205,1.8872420350000993,278,278,1963,0.0792437,205,0,205,1.8862606689999666,278,278,1361,0.41124,0,-5,4,1,-3114
validation100,0298.txt,494,548,2,200548,1.859999347999974,,,,,494,0,494,1.8861560959999224,551,551,692,0.29994,503,0,503,1.885334567999962,551,551,640,0.399746,9,,1,0,-105
validation100,0299.txt,101,101,0,101,1.885093088000076,141,141,3371,0.18364,105,0,105,1.8851445320001403,141,141,3368,0.0331102,105,0,105,1.8895918690000144,141,133,3154,0.150706,0,4,4,0,-3115
validation100,0303.txt,69,70,0,70,1.8870288389998677,92,92,5376,0.15241,69,0,69,1.8900834260000465,92,92,6206,0.0184243,69,0,69,1.8882992139999715,92,89,5378,0.0828931,0,-1,4,1,-3111
validation100,0304.txt,110,113,0,113,1.885773818999951,155,155,2502,0.283999,112,0,112,1.887853377999818,155,155,1753,0.0430513,110,0,110,1.8961398980000013,155,155,1987,0.360398,-2,-3,4,1,-3111
validation100,0307.txt,96,99,0,99,1.8865139759998328,120,120,3644,0.21958,98,0,98,1.8846231630000148,120,120,4046,0.0300394,96,0,96,1.884978141999909,120,111,3635,0.125451,-2,-3,4,1,-105
validation100,0309.txt,148,158,0,158,1.8856725890000234,197,197,577,0.594335,156,0,156,1.8861316150000675,197,197,2687,0.0813053,148,0,148,1.8873799329999201,197,186,1836,0.358761,-8,-10,4,2,-3114
validation100,0320.txt,66,71,0,71,1.886802409999973,109,109,4903,0.172708,72,0,72,1.8850874019999537,109,109,5352,0.0254541,66,0,66,1.8864384729999983,109,100,5002,0.065039,-6,-5,4,1,-3111
validation100,0324.txt,114,120,0,120,1.8848906640000678,163,163,2414,0.627991,118,0,118,1.8847008660000029,163,163,3410,0.0737293,114,0,114,1.8846565930000452,163,159,2977,0.263647,-4,-6,4,1,-105
validation100,0331.txt,476,562,0,562,1.8988126699998702,651,651,13,1.82493,476,0,476,1.886524903999998,651,651,820,0.272595,500,0,500,1.8909687499999563,651,651,220,0.723082,24,-62,1,0,-105
validation100,0344.txt,102,103,0,103,1.8848218499999803,132,132,3950,0.192539,102,0,102,1.888150726000049,132,132,3967,0.0292545,103,0,103,1.8867648530001588,132,132,3751,0.0925569,1,0,4,0,-105
validation100,0347.txt,147,154,0,154,1.8892635639999753,196,196,2181,0.410293,147,0,147,1.88545649699995,196,196,2205,0.0593603,153,0,153,1.8859914459999345,196,185,2148,0.200399,6,-1,4,0,-3114
validation100,0350.txt,110,113,0,113,1.884739098999944,173,173,2768,0.310166,114,0,114,1.8867113250000784,173,173,3215,0.0424864,110,0,110,1.8847140589998617,173,173,3449,0.134301,-4,-3,4,3,-3115
validation100,0351.txt,214,215,0,215,1.8853123640001286,271,271,1058,0.575258,216,0,216,1.8858790619999581,271,271,1658,0.0889672,214,0,214,1.886808308000127,271,255,1234,0.440293,-2,-1,4,1,-3111
validation100,0358.txt,61,62,0,62,1.8890347889998793,80,80,6439,0.159305,63,0,63,1.8890832800000226,80,80,6922,0.0188215,61,0,61,1.8852142149999054,80,79,6635,0.0745899,-2,-1,4,1,-105
validation100,0359.txt,302,307,0,307,1.8873912449998898,345,345,611,0.863551,302,0,302,1.885506222999993,345,345,1188,0.135661,303,0,303,1.8856740539999919,345,345,1007,0.397503,1,-4,3,0,-105
validation100,0375.txt,124,124,0,124,1.8859827669998595,171,171,2214,0.318882,124,0,124,1.8856492400000207,171,171,2956,0.0428639,130,0,130,1.943108976000076,171,171,205,0.416255,6,6,1,0,-105
validation100,0383.txt,105,107,0,107,1.8847140249999939,136,136,2757,0.284131,109,0,109,1.8857427120001375,136,136,2876,0.0439399,105,0,105,1.8852927069999623,136,136,3148,0.12404,-4,-2,4,0,-105
validation100,0389.txt,246,253,0,253,1.902721032000045,318,318,770,1.08012,257,0,257,1.890756257000021,318,318,462,0.399637,246,0,246,1.8871524430001045,318,318,744,0.509916,-11,-7,4,2,-3114
validation100,0391.txt,235,237,0,237,1.8869015440000112,306,306,924,0.864122,235,0,235,1.88703440900008,306,306,1443,0.146005,235,0,235,1.8873420100001113,306,286,1225,0.427658,0,-2,4,2,-105
validation100,0392.txt,279,290,0,290,1.8882461860000603,406,406,633,0.909527,279,0,279,1.885476386999926,406,406,1159,0.168611,282,0,282,1.8853618210000604,406,372,961,0.506184,3,-8,4,0,-3115
validation100,0407.txt,191,199,0,199,1.8850733740000578,253,253,1082,0.730813,198,0,198,1.8858810830001858,253,253,1841,0.103691,191,0,191,1.8854221900000994,253,247,1424,0.404772,-7,-8,4,2,-3114
validation100,0415.txt,299,331,0,331,1.8873633809998864,422,422,203,1.44652,299,0,299,1.8874729849999312,422,422,959,0.201869,316,0,316,1.886312491000126,422,422,854,0.276916,17,-15,1,0,-105
validation100,0417.txt,49,51,0,51,1.8841831810000258,63,63,7863,0.108386,49,0,49,1.8854677780000202,63,63,8666,0.0151638,49,0,49,1.8844813450000402,63,59,8916,0.0430734,0,-2,4,0,-3115
validation100,0424.txt,366,395,0,395,1.8853176929999336,541,541,189,1.22217,384,0,384,1.8873717919998398,541,541,962,0.22846,366,0,366,1.8864971739999419,541,491,765,0.406796,-18,-29,2,0,-3114
validation100,0428.txt,265,269,0,269,1.8858128790000137,370,370,967,0.861315,265,0,265,1.8863674670001274,370,370,1916,0.189814,266,0,266,1.8851498900000934,370,328,1001,0.418301,1,-3,4,0,-3114
validation100,0429.txt,114,118,0,118,1.8857976889999009,173,173,3084,0.458382,116,0,116,1.8863314019999962,173,173,3935,0.0646569,114,0,114,1.8869451079999635,173,161,3251,0.184578,-2,-4,4,3,-3114
validation100,0437.txt,192,192,0,192,1.8869051110000328,238,238,1190,0.565929,192,0,192,1.886156303000007,238,238,1829,0.0820925,195,0,195,1.8865816299999096,238,238,1064,0.409775,3,3,4,0,-105
validation100,0440.txt,253,257,0,257,1.8854831710000326,314,314,808,0.740012,253,0,253,1.885462494999956,314,314,1372,0.103517,260,0,260,1.8861083940000754,314,304,1087,0.423478,7,3,4,1,-105
validation100,0444.txt,92,95,0,95,1.8926143789999514,119,119,1266,0.162789,92,0,92,1.8856142399999953,119,119,3736,0.0250962,92,0,92,1.9071151239998017,119,113,3090,0.197014,0,-3,4,1,-3111
validation100,0452.txt,378,380,0,380,1.8872706639999706,449,449,281,1.22725,378,0,378,1.8859096670000781,449,449,851,0.225377,379,0,379,1.8861552729999858,449,449,630,0.426807,1,-1,2,0,-105
validation100,0457.txt,515,607,13,1300607,1.860118534999856,,,,,515,0,515,1.8872619799999484,623,623,539,0.35082,515,0,515,1.8865371940000841,623,623,544,0.308462,0,,1,0,-105
validation100,0459.txt,83,83,0,83,1.8970985979999568,130,130,4359,0.258519,86,0,86,1.8861131989999649,130,130,5065,0.0198216,90,0,90,1.8939680710000175,130,123,1576,0.0820259,4,7,4,0,-3115
validation100,0464.txt,187,195,0,195,1.8857289580000725,230,230,1345,0.634217,194,0,194,1.8849421229999734,230,230,1866,0.112557,187,0,187,1.8860313019999921,230,228,1651,0.35181,-7,-8,4,1,-3111
validation100,0467.txt,114,116,0,116,1.8854394619997947,160,160,2963,0.224587,116,0,116,1.8862465659999543,160,160,2526,0.0376861,114,0,114,1.8870698919999995,160,148,2587,0.163402,-2,-2,4,1,-3114
validation100,0472.txt,272,282,0,282,1.9011007920000793,378,378,192,1.10941,272,0,272,1.8879722460001176,378,378,972,0.418877,281,0,281,1.8859434080000028,378,361,1202,0.429587,9,-1,4,0,-3111
validation100,0474.txt,95,97,0,97,1.8882761380000375,128,128,2887,0.259994,97,0,97,1.8940290779999032,128,128,1188,0.0963725,95,0,95,1.8901383150000584,128,128,3541,0.117418,-2,-2,4,2,-3115
validation100,0476.txt,246,256,0,256,1.8853248810000878,323,323,527,1.15647,246,0,246,1.8849478690001433,323,323,1455,0.176575,257,0,257,1.8854835570000432,323,323,1043,0.454707,11,1,3,2,-3111
validation100,0480.txt,278,293,0,293,1.8848702239999966,353,353,651,0.802174,281,0,281,1.8848676749998958,353,353,1092,0.133663,278,0,278,1.8848879289998877,353,340,967,0.35747,-3,-15,2,0,-3114
validation100,0482.txt,142,143,0,143,1.885187961000156,198,198,2198,0.453933,142,0,142,1.8881694379999772,198,198,2695,0.0661909,142,0,142,1.8869385339999099,198,187,2200,0.294904,0,-1,4,0,-3114
validation100,0485.txt,275,287,0,287,1.885523103999958,330,330,533,0.950341,286,0,286,1.884569375999945,330,330,1031,0.167658,275,0,275,1.8850424490001387,330,330,972,0.398249,-11,-12,2,0,-105
validation100,0487.txt,447,490,0,490,1.88561131199981,574,574,63,1.67536,447,0,447,1.8848793869999554,574,574,790,0.260907,460,0,460,1.886514170000055,574,574,699,0.328172,13,-30,1,0,-105
validation100,0489.txt,269,270,0,270,1.8847185659999468,333,333,800,0.649888,270,0,270,1.8851019139999607,333,333,1169,0.121524,269,0,269,1.885022428000184,333,333,938,0.398764,-1,-1,4,1,-3111
validation100,0491.txt,177,181,0,181,1.8852829749998818,210,210,1835,0.332517,178,0,178,1.8876550590000534,210,210,2227,0.0610057,177,0,177,1.8854612469999665,210,210,1857,0.21462,-1,-4,4,1,-3114
validation100,0492.txt,143,150,0,150,1.886907562000033,214,214,1745,0.401267,152,0,152,1.8863113679999515,214,214,2077,0.0620712,143,0,143,1.885962180999968,214,194,2164,0.217823,-9,-7,4,0,-3115
validation100,0497.txt,144,144,0,144,1.886301321000019,182,182,2136,0.279555,144,0,144,1.885766090000061,182,182,2555,0.0458317,148,0,148,1.8862227659999462,182,172,2078,0.225654,4,4,4,2,-3111
