case,floors,variant,capacity,board_bytes,identity_bytes,dist_bytes,geometry_bytes,lns_bytes
0000.txt,104,v028,400,1600,7200,320000,363952,10408
0000.txt,104,v035,128,512,7200,320000,363952,10408
0000.txt,104,v036,128,512,7200,320000,363952,10408
0001.txt,152,v028,400,1600,7200,320000,363952,10408
0001.txt,152,v035,160,640,7200,320000,363952,10408
0001.txt,152,v036,160,640,7200,320000,363952,10408
0002.txt,150,v028,400,1600,7200,320000,363952,10408
0002.txt,150,v035,160,640,7200,320000,363952,10408
0002.txt,150,v036,160,640,7200,320000,363952,10408
0003.txt,284,v028,400,1600,7200,320000,363952,10408
0003.txt,284,v035,288,1152,7200,320000,363952,10408
0003.txt,284,v036,288,1152,7200,320000,363952,10408
0004.txt,216,v028,400,1600,7200,320000,363952,10408
0004.txt,216,v035,224,896,7200,320000,363952,10408
0004.txt,216,v036,224,896,7200,320000,363952,10408
0005.txt,197,v028,400,1600,7200,320000,363952,10408
0005.txt,197,v035,224,896,7200,320000,363952,10408
0005.txt,197,v036,224,896,7200,320000,363952,10408
0006.txt,104,v028,400,1600,7200,320000,363952,10408
0006.txt,104,v035,128,512,7200,320000,363952,10408
0006.txt,104,v036,128,512,7200,320000,363952,10408
0007.txt,121,v028,400,1600,7200,320000,363952,10408
0007.txt,121,v035,128,512,7200,320000,363952,10408
0007.txt,121,v036,128,512,7200,320000,363952,10408
0008.txt,123,v028,400,1600,7200,320000,363952,10408
0008.txt,123,v035,128,512,7200,320000,363952,10408
0008.txt,123,v036,128,512,7200,320000,363952,10408
0009.txt,185,v028,400,1600,7200,320000,363952,10408
0009.txt,185,v035,192,768,7200,320000,363952,10408
0009.txt,185,v036,192,768,7200,320000,363952,10408
0010.txt,97,v028,400,1600,7200,320000,363952,10408
0010.txt,97,v035,128,512,7200,320000,363952,10408
0010.txt,97,v036,128,512,7200,320000,363952,10408
0011.txt,175,v028,400,1600,7200,320000,363952,10408
0011.txt,175,v035,192,768,7200,320000,363952,10408
0011.txt,175,v036,192,768,7200,320000,363952,10408
0012.txt,134,v028,400,1600,7200,320000,363952,10408
0012.txt,134,v035,160,640,7200,320000,363952,10408
0012.txt,134,v036,160,640,7200,320000,363952,10408
0013.txt,196,v028,400,1600,7200,320000,363952,10408
0013.txt,196,v035,224,896,7200,320000,363952,10408
0013.txt,196,v036,224,896,7200,320000,363952,10408
0014.txt,273,v028,400,1600,7200,320000,363952,10408
0014.txt,273,v035,288,1152,7200,320000,363952,10408
0014.txt,273,v036,288,1152,7200,320000,363952,10408
0015.txt,286,v028,400,1600,7200,320000,363952,10408
0015.txt,286,v035,288,1152,7200,320000,363952,10408
0015.txt,286,v036,288,1152,7200,320000,363952,10408
0016.txt,171,v028,400,1600,7200,320000,363952,10408
0016.txt,171,v035,192,768,7200,320000,363952,10408
0016.txt,171,v036,192,768,7200,320000,363952,10408
0017.txt,171,v028,400,1600,7200,320000,363952,10408
0017.txt,171,v035,192,768,7200,320000,363952,10408
0017.txt,171,v036,192,768,7200,320000,363952,10408
0018.txt,103,v028,400,1600,7200,320000,363952,10408
0018.txt,103,v035,128,512,7200,320000,363952,10408
0018.txt,103,v036,128,512,7200,320000,363952,10408
0019.txt,368,v028,400,1600,7200,320000,363952,10408
0019.txt,368,v035,384,1536,7200,320000,363952,10408
0019.txt,368,v036,384,1536,7200,320000,363952,10408
0020.txt,133,v028,400,1600,7200,320000,363952,10408
0020.txt,133,v035,160,640,7200,320000,363952,10408
0020.txt,133,v036,160,640,7200,320000,363952,10408
0021.txt,159,v028,400,1600,7200,320000,363952,10408
0021.txt,159,v035,160,640,7200,320000,363952,10408
0021.txt,159,v036,160,640,7200,320000,363952,10408
0022.txt,139,v028,400,1600,7200,320000,363952,10408
0022.txt,139,v035,160,640,7200,320000,363952,10408
0022.txt,139,v036,160,640,7200,320000,363952,10408
0023.txt,139,v028,400,1600,7200,320000,363952,10408
0023.txt,139,v035,160,640,7200,320000,363952,10408
0023.txt,139,v036,160,640,7200,320000,363952,10408
0024.txt,180,v028,400,1600,7200,320000,363952,10408
0024.txt,180,v035,192,768,7200,320000,363952,10408
0024.txt,180,v036,192,768,7200,320000,363952,10408
0025.txt,177,v028,400,1600,7200,320000,363952,10408
0025.txt,177,v035,192,768,7200,320000,363952,10408
0025.txt,177,v036,192,768,7200,320000,363952,10408
0026.txt,256,v028,400,1600,7200,320000,363952,10408
0026.txt,256,v035,256,1024,7200,320000,363952,10408
0026.txt,256,v036,256,1024,7200,320000,363952,10408
0027.txt,113,v028,400,1600,7200,320000,363952,10408
0027.txt,113,v035,128,512,7200,320000,363952,10408
0027.txt,113,v036,128,512,7200,320000,363952,10408
0028.txt,234,v028,400,1600,7200,320000,363952,10408
0028.txt,234,v035,256,1024,7200,320000,363952,10408
0028.txt,234,v036,256,1024,7200,320000,363952,10408
0029.txt,273,v028,400,1600,7200,320000,363952,10408
0029.txt,273,v035,288,1152,7200,320000,363952,10408
0029.txt,273,v036,288,1152,7200,320000,363952,10408
0030.txt,248,v028,400,1600,7200,320000,363952,10408
0030.txt,248,v035,256,1024,7200,320000,363952,10408
0030.txt,248,v036,256,1024,7200,320000,363952,10408
0031.txt,153,v028,400,1600,7200,320000,363952,10408
0031.txt,153,v035,160,640,7200,320000,363952,10408
0031.txt,153,v036,160,640,7200,320000,363952,10408
0032.txt,210,v028,400,1600,7200,320000,363952,10408
0032.txt,210,v035,224,896,7200,320000,363952,10408
0032.txt,210,v036,224,896,7200,320000,363952,10408
0033.txt,144,v028,400,1600,7200,320000,363952,10408
0033.txt,144,v035,160,640,7200,320000,363952,10408
0033.txt,144,v036,160,640,7200,320000,363952,10408
0034.txt,285,v028,400,1600,7200,320000,363952,10408
0034.txt,285,v035,288,1152,7200,320000,363952,10408
0034.txt,285,v036,288,1152,7200,320000,363952,10408
0035.txt,106,v028,400,1600,7200,320000,363952,10408
0035.txt,106,v035,128,512,7200,320000,363952,10408
0035.txt,106,v036,128,512,7200,320000,363952,10408
0036.txt,186,v028,400,1600,7200,320000,363952,10408
0036.txt,186,v035,192,768,7200,320000,363952,10408
0036.txt,186,v036,192,768,7200,320000,363952,10408
0037.txt,276,v028,400,1600,7200,320000,363952,10408
0037.txt,276,v035,288,1152,7200,320000,363952,10408
0037.txt,276,v036,288,1152,7200,320000,363952,10408
0038.txt,169,v028,400,1600,7200,320000,363952,10408
0038.txt,169,v035,192,768,7200,320000,363952,10408
0038.txt,169,v036,192,768,7200,320000,363952,10408
0039.txt,252,v028,400,1600,7200,320000,363952,10408
0039.txt,252,v035,256,1024,7200,320000,363952,10408
0039.txt,252,v036,256,1024,7200,320000,363952,10408
0040.txt,195,v028,400,1600,7200,320000,363952,10408
0040.txt,195,v035,224,896,7200,320000,363952,10408
0040.txt,195,v036,224,896,7200,320000,363952,10408
0041.txt,141,v028,400,1600,7200,320000,363952,10408
0041.txt,141,v035,160,640,7200,320000,363952,10408
0041.txt,141,v036,160,640,7200,320000,363952,10408
0042.txt,350,v028,400,1600,7200,320000,363952,10408
0042.txt,350,v035,352,1408,7200,320000,363952,10408
0042.txt,350,v036,352,1408,7200,320000,363952,10408
0043.txt,152,v028,400,1600,7200,320000,363952,10408
0043.txt,152,v035,160,640,7200,320000,363952,10408
0043.txt,152,v036,160,640,7200,320000,363952,10408
0044.txt,189,v028,400,1600,7200,320000,363952,10408
0044.txt,189,v035,192,768,7200,320000,363952,10408
0044.txt,189,v036,192,768,7200,320000,363952,10408
0045.txt,182,v028,400,1600,7200,320000,363952,10408
0045.txt,182,v035,192,768,7200,320000,363952,10408
0045.txt,182,v036,192,768,7200,320000,363952,10408
0046.txt,119,v028,400,1600,7200,320000,363952,10408
0046.txt,119,v035,128,512,7200,320000,363952,10408
0046.txt,119,v036,128,512,7200,320000,363952,10408
0047.txt,234,v028,400,1600,7200,320000,363952,10408
0047.txt,234,v035,256,1024,7200,320000,363952,10408
0047.txt,234,v036,256,1024,7200,320000,363952,10408
0048.txt,171,v028,400,1600,7200,320000,363952,10408
0048.txt,171,v035,192,768,7200,320000,363952,10408
0048.txt,171,v036,192,768,7200,320000,363952,10408
0049.txt,177,v028,400,1600,7200,320000,363952,10408
0049.txt,177,v035,192,768,7200,320000,363952,10408
0049.txt,177,v036,192,768,7200,320000,363952,10408
0050.txt,114,v028,400,1600,7200,320000,363952,10408
0050.txt,114,v035,128,512,7200,320000,363952,10408
0050.txt,114,v036,128,512,7200,320000,363952,10408
0051.txt,156,v028,400,1600,7200,320000,363952,10408
0051.txt,156,v035,160,640,7200,320000,363952,10408
0051.txt,156,v036,160,640,7200,320000,363952,10408
0052.txt,224,v028,400,1600,7200,320000,363952,10408
0052.txt,224,v035,224,896,7200,320000,363952,10408
0052.txt,224,v036,224,896,7200,320000,363952,10408
0053.txt,162,v028,400,1600,7200,320000,363952,10408
0053.txt,162,v035,192,768,7200,320000,363952,10408
0053.txt,162,v036,192,768,7200,320000,363952,10408
0054.txt,235,v028,400,1600,7200,320000,363952,10408
0054.txt,235,v035,256,1024,7200,320000,363952,10408
0054.txt,235,v036,256,1024,7200,320000,363952,10408
0055.txt,286,v028,400,1600,7200,320000,363952,10408
0055.txt,286,v035,288,1152,7200,320000,363952,10408
0055.txt,286,v036,288,1152,7200,320000,363952,10408
0056.txt,193,v028,400,1600,7200,320000,363952,10408
0056.txt,193,v035,224,896,7200,320000,363952,10408
0056.txt,193,v036,224,896,7200,320000,363952,10408
0057.txt,239,v028,400,1600,7200,320000,363952,10408
0057.txt,239,v035,256,1024,7200,320000,363952,10408
0057.txt,239,v036,256,1024,7200,320000,363952,10408
0058.txt,225,v028,400,1600,7200,320000,363952,10408
0058.txt,225,v035,256,1024,7200,320000,363952,10408
0058.txt,225,v036,256,1024,7200,320000,363952,10408
0059.txt,179,v028,400,1600,7200,320000,363952,10408
0059.txt,179,v035,192,768,7200,320000,363952,10408
0059.txt,179,v036,192,768,7200,320000,363952,10408
0060.txt,197,v028,400,1600,7200,320000,363952,10408
0060.txt,197,v035,224,896,7200,320000,363952,10408
0060.txt,197,v036,224,896,7200,320000,363952,10408
0061.txt,171,v028,400,1600,7200,320000,363952,10408
0061.txt,171,v035,192,768,7200,320000,363952,10408
0061.txt,171,v036,192,768,7200,320000,363952,10408
0062.txt,197,v028,400,1600,7200,320000,363952,10408
0062.txt,197,v035,224,896,7200,320000,363952,10408
0062.txt,197,v036,224,896,7200,320000,363952,10408
0063.txt,228,v028,400,1600,7200,320000,363952,10408
0063.txt,228,v035,256,1024,7200,320000,363952,10408
0063.txt,228,v036,256,1024,7200,320000,363952,10408
0064.txt,203,v028,400,1600,7200,320000,363952,10408
0064.txt,203,v035,224,896,7200,320000,363952,10408
0064.txt,203,v036,224,896,7200,320000,363952,10408
0065.txt,185,v028,400,1600,7200,320000,363952,10408
0065.txt,185,v035,192,768,7200,320000,363952,10408
0065.txt,185,v036,192,768,7200,320000,363952,10408
0066.txt,205,v028,400,1600,7200,320000,363952,10408
0066.txt,205,v035,224,896,7200,320000,363952,10408
0066.txt,205,v036,224,896,7200,320000,363952,10408
0067.txt,179,v028,400,1600,7200,320000,363952,10408
0067.txt,179,v035,192,768,7200,320000,363952,10408
0067.txt,179,v036,192,768,7200,320000,363952,10408
0068.txt,324,v028,400,1600,7200,320000,363952,10408
0068.txt,324,v035,352,1408,7200,320000,363952,10408
0068.txt,324,v036,352,1408,7200,320000,363952,10408
0069.txt,111,v028,400,1600,7200,320000,363952,10408
0069.txt,111,v035,128,512,7200,320000,363952,10408
0069.txt,111,v036,128,512,7200,320000,363952,10408
0070.txt,311,v028,400,1600,7200,320000,363952,10408
0070.txt,311,v035,320,1280,7200,320000,363952,10408
0070.txt,311,v036,320,1280,7200,320000,363952,10408
0071.txt,283,v028,400,1600,7200,320000,363952,10408
0071.txt,283,v035,288,1152,7200,320000,363952,10408
0071.txt,283,v036,288,1152,7200,320000,363952,10408
0072.txt,180,v028,400,1600,7200,320000,363952,10408
0072.txt,180,v035,192,768,7200,320000,363952,10408
0072.txt,180,v036,192,768,7200,320000,363952,10408
0073.txt,159,v028,400,1600,7200,320000,363952,10408
0073.txt,159,v035,160,640,7200,320000,363952,10408
0073.txt,159,v036,160,640,7200,320000,363952,10408
0074.txt,106,v028,400,1600,7200,320000,363952,10408
0074.txt,106,v035,128,512,7200,320000,363952,10408
0074.txt,106,v036,128,512,7200,320000,363952,10408
0075.txt,272,v028,400,1600,7200,320000,363952,10408
0075.txt,272,v035,288,1152,7200,320000,363952,10408
0075.txt,272,v036,288,1152,7200,320000,363952,10408
0076.txt,187,v028,400,1600,7200,320000,363952,10408
0076.txt,187,v035,192,768,7200,320000,363952,10408
0076.txt,187,v036,192,768,7200,320000,363952,10408
0077.txt,108,v028,400,1600,7200,320000,363952,10408
0077.txt,108,v035,128,512,7200,320000,363952,10408
0077.txt,108,v036,128,512,7200,320000,363952,10408
0078.txt,218,v028,400,1600,7200,320000,363952,10408
0078.txt,218,v035,224,896,7200,320000,363952,10408
0078.txt,218,v036,224,896,7200,320000,363952,10408
0079.txt,140,v028,400,1600,7200,320000,363952,10408
0079.txt,140,v035,160,640,7200,320000,363952,10408
0079.txt,140,v036,160,640,7200,320000,363952,10408
0080.txt,167,v028,400,1600,7200,320000,363952,10408
0080.txt,167,v035,192,768,7200,320000,363952,10408
0080.txt,167,v036,192,768,7200,320000,363952,10408
0081.txt,251,v028,400,1600,7200,320000,363952,10408
0081.txt,251,v035,256,1024,7200,320000,363952,10408
0081.txt,251,v036,256,1024,7200,320000,363952,10408
0082.txt,223,v028,400,1600,7200,320000,363952,10408
0082.txt,223,v035,224,896,7200,320000,363952,10408
0082.txt,223,v036,224,896,7200,320000,363952,10408
0083.txt,130,v028,400,1600,7200,320000,363952,10408
0083.txt,130,v035,160,640,7200,320000,363952,10408
0083.txt,130,v036,160,640,7200,320000,363952,10408
0084.txt,202,v028,400,1600,7200,320000,363952,10408
0084.txt,202,v035,224,896,7200,320000,363952,10408
0084.txt,202,v036,224,896,7200,320000,363952,10408
0085.txt,246,v028,400,1600,7200,320000,363952,10408
0085.txt,246,v035,256,1024,7200,320000,363952,10408
0085.txt,246,v036,256,1024,7200,320000,363952,10408
0086.txt,96,v028,400,1600,7200,320000,363952,10408
0086.txt,96,v035,96,384,7200,320000,363952,10408
0086.txt,96,v036,96,384,7200,320000,363952,10408
0087.txt,212,v028,400,1600,7200,320000,363952,10408
0087.txt,212,v035,224,896,7200,320000,363952,10408
0087.txt,212,v036,224,896,7200,320000,363952,10408
0088.txt,199,v028,400,1600,7200,320000,363952,10408
0088.txt,199,v035,224,896,7200,320000,363952,10408
0088.txt,199,v036,224,896,7200,320000,363952,10408
0089.txt,290,v028,400,1600,7200,320000,363952,10408
0089.txt,290,v035,320,1280,7200,320000,363952,10408
0089.txt,290,v036,320,1280,7200,320000,363952,10408
0090.txt,207,v028,400,1600,7200,320000,363952,10408
0090.txt,207,v035,224,896,7200,320000,363952,10408
0090.txt,207,v036,224,896,7200,320000,363952,10408
0091.txt,127,v028,400,1600,7200,320000,363952,10408
0091.txt,127,v035,128,512,7200,320000,363952,10408
0091.txt,127,v036,128,512,7200,320000,363952,10408
0092.txt,300,v028,400,1600,7200,320000,363952,10408
0092.txt,300,v035,320,1280,7200,320000,363952,10408
0092.txt,300,v036,320,1280,7200,320000,363952,10408
0093.txt,101,v028,400,1600,7200,320000,363952,10408
0093.txt,101,v035,128,512,7200,320000,363952,10408
0093.txt,101,v036,128,512,7200,320000,363952,10408
0094.txt,259,v028,400,1600,7200,320000,363952,10408
0094.txt,259,v035,288,1152,7200,320000,363952,10408
0094.txt,259,v036,288,1152,7200,320000,363952,10408
0095.txt,180,v028,400,1600,7200,320000,363952,10408
0095.txt,180,v035,192,768,7200,320000,363952,10408
0095.txt,180,v036,192,768,7200,320000,363952,10408
0096.txt,139,v028,400,1600,7200,320000,363952,10408
0096.txt,139,v035,160,640,7200,320000,363952,10408
0096.txt,139,v036,160,640,7200,320000,363952,10408
0097.txt,281,v028,400,1600,7200,320000,363952,10408
0097.txt,281,v035,288,1152,7200,320000,363952,10408
0097.txt,281,v036,288,1152,7200,320000,363952,10408
0098.txt,152,v028,400,1600,7200,320000,363952,10408
0098.txt,152,v035,160,640,7200,320000,363952,10408
0098.txt,152,v036,160,640,7200,320000,363952,10408
0099.txt,244,v028,400,1600,7200,320000,363952,10408
0099.txt,244,v035,256,1024,7200,320000,363952,10408
0099.txt,244,v036,256,1024,7200,320000,363952,10408
