case,mode,before,after,ms,cheap_rounds,finite_rounds,deadlines,finite_budget_stops,stable,route_saved,route_calls,pair_saved,pair_calls,joint_saved,joint_calls,mono_saved,mono_calls,strict_saved,strict_calls,slack_saved,slack_calls,finite_saved,finite_calls,joint_searches,joint_caps,joint_deadlines,finite_attempts,finite_deadlines,finite_global_deadlines,finite_caps,finite_beam_pruned,route_beam_caps
0000.txt,repeat,43,43,0.147,1,0,0,0,1,0,1,0,1,0,1,0,0,0,0,0,0,0,0,29,0,0,0,0,0,0,0,0
0000.txt,mono,43,43,0.007,1,0,0,0,1,0,0,0,0,0,0,0,1,0,0,0,0,0,0,0,0,0,0,0,0,0,0,0
0000.txt,orientation,43,43,0.022,1,0,0,0,1,0,0,0,0,0,0,0,0,0,1,0,1,0,0,0,0,0,0,0,0,0,0,0
0000.txt,finite,43,43,14.536,1,0,0,0,1,0,0,0,0,0,0,0,0,0,0,0,0,0,1,0,0,0,32,0,0,0,7031,0
0000.txt,combined,43,43,14.418,1,1,0,0,1,0,1,0,1,0,1,0,1,0,1,0,1,0,1,29,0,0,32,0,0,0,7031,0
0001.txt,repeat,104,104,0.23,1,0,0,0,1,0,1,0,1,0,1,0,0,0,0,0,0,0,0,38,0,0,0,0,0,0,0,0
0001.txt,mono,104,104,0.011,1,0,0,0,1,0,0,0,0,0,0,0,1,0,0,0,0,0,0,0,0,0,0,0,0,0,0,0
0001.txt,orientation,104,104,0.092,1,0,0,0,1,0,0,0,0,0,0,0,0,0,1,0,1,0,0,0,0,0,0,0,0,0,0,0
0001.txt,finite,104,104,50.182,1,0,0,0,1,0,0,0,0,0,0,0,0,0,0,0,0,0,1,0,0,0,32,0,0,0,29833,0
0001.txt,combined,104,104,50.941,1,1,0,0,1,0,1,0,1,0,1,0,1,0,1,0,1,0,1,38,0,0,32,0,0,0,29833,0
0002.txt,repeat,111,111,0.284,1,0,0,0,1,0,1,0,1,0,1,0,0,0,0,0,0,0,0,56,0,0,0,0,0,0,0,0
0002.txt,mono,111,111,0.012,1,0,0,0,1,0,0,0,0,0,0,0,1,0,0,0,0,0,0,0,0,0,0,0,0,0,0,0
0002.txt,orientation,111,111,0.075,1,0,0,0,1,0,0,0,0,0,0,0,0,0,1,0,1,0,0,0,0,0,0,0,0,0,0,0
0002.txt,finite,111,111,27.584,1,0,0,0,1,0,0,0,0,0,0,0,0,0,0,0,0,0,1,0,0,0,32,0,0,0,13206,0
0002.txt,combined,111,111,28.22,1,1,0,0,1,0,1,0,1,0,1,0,1,0,1,0,1,0,1,56,0,0,32,0,0,0,13206,0
0003.txt,repeat,126,126,0.294,1,0,0,0,1,0,1,0,1,0,1,0,0,0,0,0,0,0,0,59,0,0,0,0,0,0,0,0
0003.txt,mono,126,126,0.014,1,0,0,0,1,0,0,0,0,0,0,0,1,0,0,0,0,0,0,0,0,0,0,0,0,0,0,0
0003.txt,orientation,126,126,0.114,1,0,0,0,1,0,0,0,0,0,0,0,0,0,1,0,1,0,0,0,0,0,0,0,0,0,0,0
0003.txt,finite,126,125,121.937,2,0,0,0,1,0,0,0,0,0,0,0,0,0,0,0,0,1,2,0,0,0,64,0,0,0,67481,0
0003.txt,combined,126,125,123.831,2,2,0,0,1,0,2,0,2,0,2,0,2,0,2,0,2,1,2,117,0,0,64,0,0,0,67481,0
0004.txt,repeat,267,267,1,1,0,0,0,1,0,1,0,1,0,1,0,0,0,0,0,0,0,0,134,0,0,0,0,0,0,0,0
0004.txt,mono,267,267,0.025,1,0,0,0,1,0,0,0,0,0,0,0,1,0,0,0,0,0,0,0,0,0,0,0,0,0,0,0
0004.txt,orientation,267,267,0.282,1,0,0,0,1,0,0,0,0,0,0,0,0,0,1,0,1,0,0,0,0,0,0,0,0,0,0,0
0004.txt,finite,267,267,94.108,1,0,0,0,1,0,0,0,0,0,0,0,0,0,0,0,0,0,1,0,0,0,32,0,0,0,54299,0
0004.txt,combined,267,267,97.054,1,1,0,0,1,0,1,0,1,0,1,0,1,0,1,0,1,0,1,134,0,0,32,0,0,0,54299,0
0005.txt,repeat,593,593,2.497,1,0,0,0,1,0,1,0,1,0,1,0,0,0,0,0,0,0,0,333,0,0,0,0,0,0,0,0
0005.txt,mono,593,593,0.042,1,0,0,0,1,0,0,0,0,0,0,0,1,0,0,0,0,0,0,0,0,0,0,0,0,0,0,0
0005.txt,orientation,593,593,1.153,1,0,0,0,1,0,0,0,0,0,0,0,0,0,1,0,1,0,0,0,0,0,0,0,0,0,0,4
0005.txt,finite,593,592,114.46,2,0,0,0,1,0,0,0,0,0,0,0,0,0,0,0,0,1,2,0,0,0,64,0,0,0,108258,0
0005.txt,combined,593,592,123.069,2,2,0,0,1,0,2,0,2,0,2,0,2,0,2,0,2,1,2,663,0,0,64,0,0,0,108258,8
0006.txt,repeat,118,118,0.261,1,0,0,0,1,0,1,0,1,0,1,0,0,0,0,0,0,0,0,43,0,0,0,0,0,0,0,0
0006.txt,mono,118,118,0.014,1,0,0,0,1,0,0,0,0,0,0,0,1,0,0,0,0,0,0,0,0,0,0,0,0,0,0,0
0006.txt,orientation,118,118,0.109,1,0,0,0,1,0,0,0,0,0,0,0,0,0,1,0,1,0,0,0,0,0,0,0,0,0,0,0
0006.txt,finite,118,118,14.725,1,0,0,0,1,0,0,0,0,0,0,0,0,0,0,0,0,0,1,0,0,0,32,0,0,0,3780,0
0006.txt,combined,118,118,15.171,1,1,0,0,1,0,1,0,1,0,1,0,1,0,1,0,1,0,1,43,0,0,32,0,0,0,3780,0
0007.txt,repeat,121,121,0.382,1,0,0,0,1,0,1,0,1,0,1,0,0,0,0,0,0,0,0,66,0,0,0,0,0,0,0,0
0007.txt,mono,121,121,0.015,1,0,0,0,1,0,0,0,0,0,0,0,1,0,0,0,0,0,0,0,0,0,0,0,0,0,0,0
0007.txt,orientation,121,121,0.11,1,0,0,0,1,0,0,0,0,0,0,0,0,0,1,0,1,0,0,0,0,0,0,0,0,0,0,0
0007.txt,finite,121,121,18.125,1,0,0,0,1,0,0,0,0,0,0,0,0,0,0,0,0,0,1,0,0,0,32,0,0,0,9293,0
0007.txt,combined,121,121,19.23,1,1,0,0,1,0,1,0,1,0,1,0,1,0,1,0,1,0,1,66,0,0,32,0,0,0,9293,0
0008.txt,repeat,125,125,0.298,1,0,0,0,1,0,1,0,1,0,1,0,0,0,0,0,0,0,0,50,0,0,0,0,0,0,0,0
0008.txt,mono,125,125,0.015,1,0,0,0,1,0,0,0,0,0,0,0,1,0,0,0,0,0,0,0,0,0,0,0,0,0,0,0
0008.txt,orientation,125,125,0.086,1,0,0,0,1,0,0,0,0,0,0,0,0,0,1,0,1,0,0,0,0,0,0,0,0,0,0,0
0008.txt,finite,125,125,29.303,1,0,0,0,1,0,0,0,0,0,0,0,0,0,0,0,0,0,1,0,0,0,32,0,0,0,13559,0
0008.txt,combined,125,125,30.875,1,1,0,0,1,0,1,0,1,0,1,0,1,0,1,0,1,0,1,50,0,0,32,0,0,0,13559,0
0009.txt,repeat,83,83,0.234,1,0,0,0,1,0,1,0,1,0,1,0,0,0,0,0,0,0,0,51,0,0,0,0,0,0,0,0
0009.txt,mono,83,83,0.01,1,0,0,0,1,0,0,0,0,0,0,0,1,0,0,0,0,0,0,0,0,0,0,0,0,0,0,0
0009.txt,orientation,83,83,0.068,1,0,0,0,1,0,0,0,0,0,0,0,0,0,1,0,1,0,0,0,0,0,0,0,0,0,0,0
0009.txt,finite,83,83,54.458,1,0,0,0,1,0,0,0,0,0,0,0,0,0,0,0,0,0,1,0,0,0,32,0,0,0,40925,0
0009.txt,combined,83,83,56.101,1,1,0,0,1,0,1,0,1,0,1,0,1,0,1,0,1,0,1,51,0,0,32,0,0,0,40925,0
0010.txt,repeat,71,71,0.151,1,0,0,0,1,0,1,0,1,0,1,0,0,0,0,0,0,0,0,33,0,0,0,0,0,0,0,0
0010.txt,mono,71,71,0.009,1,0,0,0,1,0,0,0,0,0,0,0,1,0,0,0,0,0,0,0,0,0,0,0,0,0,0,0
0010.txt,orientation,71,71,0.053,1,0,0,0,1,0,0,0,0,0,0,0,0,0,1,0,1,0,0,0,0,0,0,0,0,0,0,0
0010.txt,finite,71,71,31.634,1,0,0,0,1,0,0,0,0,0,0,0,0,0,0,0,0,0,1,0,0,0,32,0,0,0,21359,0
0010.txt,combined,71,71,31.699,1,1,0,0,1,0,1,0,1,0,1,0,1,0,1,0,1,0,1,33,0,0,32,0,0,0,21359,0
0011.txt,repeat,157,157,0.429,1,0,0,0,1,0,1,0,1,0,1,0,0,0,0,0,0,0,0,64,0,0,0,0,0,0,0,0
0011.txt,mono,157,157,0.017,1,0,0,0,1,0,0,0,0,0,0,0,1,0,0,0,0,0,0,0,0,0,0,0,0,0,0,0
0011.txt,orientation,157,157,0.188,1,0,0,0,1,0,0,0,0,0,0,0,0,0,1,0,1,0,0,0,0,0,0,0,0,0,0,0
0011.txt,finite,157,156,130.023,2,0,0,0,1,0,0,0,0,0,0,0,0,0,0,0,0,1,2,0,0,0,64,0,0,0,30013,0
0011.txt,combined,157,156,133.036,2,2,0,0,1,0,2,0,2,0,2,0,2,0,2,0,2,1,2,128,0,0,64,0,0,0,30013,0
0012.txt,repeat,129,129,0.298,1,0,0,0,1,0,1,0,1,0,1,0,0,0,0,0,0,0,0,50,0,0,0,0,0,0,0,0
0012.txt,mono,129,129,0.014,1,0,0,0,1,0,0,0,0,0,0,0,1,0,0,0,0,0,0,0,0,0,0,0,0,0,0,0
0012.txt,orientation,129,129,0.153,1,0,0,0,1,0,0,0,0,0,0,0,0,0,1,0,1,0,0,0,0,0,0,0,0,0,0,0
0012.txt,finite,129,129,65.857,1,0,0,0,1,0,0,0,0,0,0,0,0,0,0,0,0,0,1,0,0,0,32,0,0,0,58455,0
0012.txt,combined,129,129,67.439,1,1,0,0,1,0,1,0,1,0,1,0,1,0,1,0,1,0,1,50,0,0,32,0,0,0,58455,0
0013.txt,repeat,187,187,0.535,1,0,0,0,1,0,1,0,1,0,1,0,0,0,0,0,0,0,0,91,0,0,0,0,0,0,0,0
0013.txt,mono,187,187,0.017,1,0,0,0,1,0,0,0,0,0,0,0,1,0,0,0,0,0,0,0,0,0,0,0,0,0,0,0
0013.txt,orientation,187,187,0.206,1,0,0,0,1,0,0,0,0,0,0,0,0,0,1,0,1,0,0,0,0,0,0,0,0,0,0,0
0013.txt,finite,187,187,96.419,1,0,0,0,1,0,0,0,0,0,0,0,0,0,0,0,0,0,1,0,0,0,32,0,0,0,92292,0
0013.txt,combined,187,187,96.886,1,1,0,0,1,0,1,0,1,0,1,0,1,0,1,0,1,0,1,91,0,0,32,0,0,0,92292,0
0014.txt,repeat,383,383,1.46,1,0,0,0,1,0,1,0,1,0,1,0,0,0,0,0,0,0,0,190,0,0,0,0,0,0,0,0
0014.txt,mono,383,383,0.038,1,0,0,0,1,0,0,0,0,0,0,0,1,0,0,0,0,0,0,0,0,0,0,0,0,0,0,0
0014.txt,orientation,383,383,0.444,1,0,0,0,1,0,0,0,0,0,0,0,0,0,1,0,1,0,0,0,0,0,0,0,0,0,0,0
0014.txt,finite,383,381,157.655,2,0,0,0,1,0,0,0,0,0,0,0,0,0,0,0,0,2,2,0,0,0,64,0,0,0,33677,0
0014.txt,combined,383,380,162.359,3,2,0,0,1,0,3,1,3,0,3,0,3,0,3,0,3,2,2,570,0,0,64,0,0,0,33665,0
0015.txt,repeat,573,573,2.034,1,0,0,0,1,0,1,0,1,0,1,0,0,0,0,0,0,0,0,266,0,0,0,0,0,0,0,0
0015.txt,mono,573,573,0.046,1,0,0,0,1,0,0,0,0,0,0,0,1,0,0,0,0,0,0,0,0,0,0,0,0,0,0,0
0015.txt,orientation,573,573,0.722,1,0,0,0,1,0,0,0,0,0,0,0,0,0,1,0,1,0,0,0,0,0,0,0,0,0,0,0
0015.txt,finite,573,573,105.623,1,0,0,0,1,0,0,0,0,0,0,0,0,0,0,0,0,0,1,0,0,0,32,0,0,0,65251,0
0015.txt,combined,573,573,107.811,1,1,0,0,1,0,1,0,1,0,1,0,1,0,1,0,1,0,1,266,0,0,32,0,0,0,65251,0
0016.txt,repeat,129,129,0.404,1,0,0,0,1,0,1,0,1,0,1,0,0,0,0,0,0,0,0,68,0,0,0,0,0,0,0,0
0016.txt,mono,129,129,0.015,1,0,0,0,1,0,0,0,0,0,0,0,1,0,0,0,0,0,0,0,0,0,0,0,0,0,0,0
0016.txt,orientation,129,129,0.102,1,0,0,0,1,0,0,0,0,0,0,0,0,0,1,0,1,0,0,0,0,0,0,0,0,0,0,0
0016.txt,finite,129,129,40.415,1,0,0,0,1,0,0,0,0,0,0,0,0,0,0,0,0,0,1,0,0,0,32,0,0,0,8412,0
0016.txt,combined,129,129,41.791,1,1,0,0,1,0,1,0,1,0,1,0,1,0,1,0,1,0,1,68,0,0,32,0,0,0,8412,0
0017.txt,repeat,216,216,0.531,1,0,0,0,1,0,1,0,1,0,1,0,0,0,0,0,0,0,0,86,0,0,0,0,0,0,0,0
0017.txt,mono,216,216,0.023,1,0,0,0,1,0,0,0,0,0,0,0,1,0,0,0,0,0,0,0,0,0,0,0,0,0,0,0
0017.txt,orientation,216,216,0.198,1,0,0,0,1,0,0,0,0,0,0,0,0,0,1,0,1,0,0,0,0,0,0,0,0,0,0,0
0017.txt,finite,216,216,35.503,1,0,0,0,1,0,0,0,0,0,0,0,0,0,0,0,0,0,1,0,0,0,32,0,0,0,7163,0
0017.txt,combined,216,216,36.605,1,1,0,0,1,0,1,0,1,0,1,0,1,0,1,0,1,0,1,86,0,0,32,0,0,0,7163,0
0018.txt,repeat,75,75,0.099,1,0,0,0,1,0,1,0,1,0,1,0,0,0,0,0,0,0,0,18,0,0,0,0,0,0,0,0
0018.txt,mono,75,75,0.008,1,0,0,0,1,0,0,0,0,0,0,0,1,0,0,0,0,0,0,0,0,0,0,0,0,0,0,0
0018.txt,orientation,75,75,0.054,1,0,0,0,1,0,0,0,0,0,0,0,0,0,1,0,1,0,0,0,0,0,0,0,0,0,0,0
0018.txt,finite,75,75,44.995,1,0,0,0,1,0,0,0,0,0,0,0,0,0,0,0,0,0,1,0,0,0,32,0,0,0,24474,0
0018.txt,combined,75,75,45.481,1,1,0,0,1,0,1,0,1,0,1,0,1,0,1,0,1,0,1,18,0,0,32,0,0,0,24474,0
0019.txt,repeat,658,657,4.919,2,0,0,0,1,0,2,0,2,1,2,0,0,0,0,0,0,0,0,601,0,0,0,0,0,0,0,0
0019.txt,mono,658,657,0.28,2,0,0,0,1,0,0,0,0,0,0,1,2,0,0,0,0,0,0,0,0,0,0,0,0,0,0,0
0019.txt,orientation,658,658,1.049,1,0,0,0,1,0,0,0,0,0,0,0,0,0,1,0,1,0,0,0,0,0,0,0,0,0,0,0
0019.txt,finite,658,654,308.224,2,0,0,0,1,0,0,0,0,0,0,0,0,0,0,0,0,4,2,0,0,0,64,0,0,0,105914,0
0019.txt,combined,658,651,474.422,4,3,0,0,1,0,4,0,4,1,4,1,4,0,4,0,4,5,3,1210,0,0,96,0,0,0,149626,0
0020.txt,repeat,142,142,0.379,1,0,0,0,1,0,1,0,1,0,1,0,0,0,0,0,0,0,0,60,0,0,0,0,0,0,0,0
0020.txt,mono,142,142,0.015,1,0,0,0,1,0,0,0,0,0,0,0,1,0,0,0,0,0,0,0,0,0,0,0,0,0,0,0
0020.txt,orientation,142,142,0.097,1,0,0,0,1,0,0,0,0,0,0,0,0,0,1,0,1,0,0,0,0,0,0,0,0,0,0,0
0020.txt,finite,142,142,24.957,1,0,0,0,1,0,0,0,0,0,0,0,0,0,0,0,0,0,1,0,0,0,32,0,0,0,7501,0
0020.txt,combined,142,142,25.961,1,1,0,0,1,0,1,0,1,0,1,0,1,0,1,0,1,0,1,60,0,0,32,0,0,0,7501,0
0021.txt,repeat,65,65,0.131,1,0,0,0,1,0,1,0,1,0,1,0,0,0,0,0,0,0,0,26,0,0,0,0,0,0,0,0
0021.txt,mono,65,65,0.012,1,0,0,0,1,0,0,0,0,0,0,0,1,0,0,0,0,0,0,0,0,0,0,0,0,0,0,0
0021.txt,orientation,65,65,0.054,1,0,0,0,1,0,0,0,0,0,0,0,0,0,1,0,1,0,0,0,0,0,0,0,0,0,0,0
0021.txt,finite,65,65,34.562,1,0,0,0,1,0,0,0,0,0,0,0,0,0,0,0,0,0,1,0,0,0,32,0,0,0,20371,0
0021.txt,combined,65,65,35.254,1,1,0,0,1,0,1,0,1,0,1,0,1,0,1,0,1,0,1,26,0,0,32,0,0,0,20371,0
0022.txt,repeat,70,70,0.102,1,0,0,0,1,0,1,0,1,0,1,0,0,0,0,0,0,0,0,18,0,0,0,0,0,0,0,0
0022.txt,mono,70,70,0.008,1,0,0,0,1,0,0,0,0,0,0,0,1,0,0,0,0,0,0,0,0,0,0,0,0,0,0,0
0022.txt,orientation,70,70,0.065,1,0,0,0,1,0,0,0,0,0,0,0,0,0,1,0,1,0,0,0,0,0,0,0,0,0,0,0
0022.txt,finite,70,70,72.861,1,0,0,0,1,0,0,0,0,0,0,0,0,0,0,0,0,0,1,0,0,0,32,0,0,0,59077,0
0022.txt,combined,70,70,73.081,1,1,0,0,1,0,1,0,1,0,1,0,1,0,1,0,1,0,1,18,0,0,32,0,0,0,59077,0
0023.txt,repeat,82,82,0.137,1,0,0,0,1,0,1,0,1,0,1,0,0,0,0,0,0,0,0,29,0,0,0,0,0,0,0,0
0023.txt,mono,82,82,0.013,1,0,0,0,1,0,0,0,0,0,0,0,1,0,0,0,0,0,0,0,0,0,0,0,0,0,0,0
0023.txt,orientation,82,82,0.097,1,0,0,0,1,0,0,0,0,0,0,0,0,0,1,0,1,0,0,0,0,0,0,0,0,0,0,0
0023.txt,finite,82,82,52.254,1,0,0,0,1,0,0,0,0,0,0,0,0,0,0,0,0,0,1,0,0,0,32,0,0,0,34939,0
0023.txt,combined,82,82,52.42,1,1,0,0,1,0,1,0,1,0,1,0,1,0,1,0,1,0,1,29,0,0,32,0,0,0,34939,0
0024.txt,repeat,122,122,0.401,1,0,0,0,1,0,1,0,1,0,1,0,0,0,0,0,0,0,0,68,0,0,0,0,0,0,0,0
0024.txt,mono,122,122,0.014,1,0,0,0,1,0,0,0,0,0,0,0,1,0,0,0,0,0,0,0,0,0,0,0,0,0,0,0
0024.txt,orientation,122,122,0.153,1,0,0,0,1,0,0,0,0,0,0,0,0,0,1,0,1,0,0,0,0,0,0,0,0,0,0,0
0024.txt,finite,122,122,55.436,1,0,0,0,1,0,0,0,0,0,0,0,0,0,0,0,0,0,1,0,0,0,32,0,0,0,46478,0
0024.txt,combined,122,122,55.655,1,1,0,0,1,0,1,0,1,0,1,0,1,0,1,0,1,0,1,68,0,0,32,0,0,0,46478,0
0025.txt,repeat,57,57,0.082,1,0,0,0,1,0,1,0,1,0,1,0,0,0,0,0,0,0,0,16,0,0,0,0,0,0,0,0
0025.txt,mono,57,57,0.007,1,0,0,0,1,0,0,0,0,0,0,0,1,0,0,0,0,0,0,0,0,0,0,0,0,0,0,0
0025.txt,orientation,57,57,0.044,1,0,0,0,1,0,0,0,0,0,0,0,0,0,1,0,1,0,0,0,0,0,0,0,0,0,0,0
0025.txt,finite,57,57,13.799,1,0,0,0,1,0,0,0,0,0,0,0,0,0,0,0,0,0,1,0,0,0,25,0,0,0,2107,0
0025.txt,combined,57,57,13.839,1,1,0,0,1,0,1,0,1,0,1,0,1,0,1,0,1,0,1,16,0,0,25,0,0,0,2107,0
0026.txt,repeat,120,120,0.439,1,0,0,0,1,0,1,0,1,0,1,0,0,0,0,0,0,0,0,82,0,0,0,0,0,0,0,0
0026.txt,mono,120,120,0.015,1,0,0,0,1,0,0,0,0,0,0,0,1,0,0,0,0,0,0,0,0,0,0,0,0,0,0,0
0026.txt,orientation,120,120,0.139,1,0,0,0,1,0,0,0,0,0,0,0,0,0,1,0,1,0,0,0,0,0,0,0,0,0,0,0
0026.txt,finite,120,120,43.317,1,0,0,0,1,0,0,0,0,0,0,0,0,0,0,0,0,0,1,0,0,0,32,0,0,0,15807,0
0026.txt,combined,120,120,44.408,1,1,0,0,1,0,1,0,1,0,1,0,1,0,1,0,1,0,1,82,0,0,32,0,0,0,15807,0
0027.txt,repeat,146,146,0.459,1,0,0,0,1,0,1,0,1,0,1,0,0,0,0,0,0,0,0,70,0,0,0,0,0,0,0,0
0027.txt,mono,146,146,0.018,1,0,0,0,1,0,0,0,0,0,0,0,1,0,0,0,0,0,0,0,0,0,0,0,0,0,0,0
0027.txt,orientation,146,146,0.109,1,0,0,0,1,0,0,0,0,0,0,0,0,0,1,0,1,0,0,0,0,0,0,0,0,0,0,0
0027.txt,finite,146,146,55.802,1,0,0,0,1,0,0,0,0,0,0,0,0,0,0,0,0,0,1,0,0,0,32,0,0,0,65884,0
0027.txt,combined,146,146,56.256,1,1,0,0,1,0,1,0,1,0,1,0,1,0,1,0,1,0,1,70,0,0,32,0,0,0,65884,0
0028.txt,repeat,260,260,0.801,1,0,0,0,1,0,1,0,1,0,1,0,0,0,0,0,0,0,0,116,0,0,0,0,0,0,0,0
0028.txt,mono,260,260,0.028,1,0,0,0,1,0,0,0,0,0,0,0,1,0,0,0,0,0,0,0,0,0,0,0,0,0,0,0
0028.txt,orientation,260,260,0.323,1,0,0,0,1,0,0,0,0,0,0,0,0,0,1,0,1,0,0,0,0,0,0,0,0,0,0,0
0028.txt,finite,260,260,56.952,1,0,0,0,1,0,0,0,0,0,0,0,0,0,0,0,0,0,1,0,0,0,32,0,0,0,35408,0
0028.txt,combined,260,260,58.163,1,1,0,0,1,0,1,0,1,0,1,0,1,0,1,0,1,0,1,116,0,0,32,0,0,0,35408,0
0029.txt,repeat,254,254,0.694,1,0,0,0,1,0,1,0,1,0,1,0,0,0,0,0,0,0,0,105,0,0,0,0,0,0,0,0
0029.txt,mono,254,254,0.028,1,0,0,0,1,0,0,0,0,0,0,0,1,0,0,0,0,0,0,0,0,0,0,0,0,0,0,0
0029.txt,orientation,254,254,0.255,1,0,0,0,1,0,0,0,0,0,0,0,0,0,1,0,1,0,0,0,0,0,0,0,0,0,0,0
0029.txt,finite,254,254,106.674,1,0,0,0,1,0,0,0,0,0,0,0,0,0,0,0,0,0,1,0,0,0,32,0,0,0,31475,0
0029.txt,combined,254,254,105.793,1,1,0,0,1,0,1,0,1,0,1,0,1,0,1,0,1,0,1,105,0,0,32,0,0,0,31475,0
0030.txt,repeat,446,446,1.777,1,0,0,0,1,0,1,0,1,0,1,0,0,0,0,0,0,0,0,261,0,0,0,0,0,0,0,0
0030.txt,mono,446,446,0.04,1,0,0,0,1,0,0,0,0,0,0,0,1,0,0,0,0,0,0,0,0,0,0,0,0,0,0,0
0030.txt,orientation,446,446,0.35,1,0,0,0,1,0,0,0,0,0,0,0,0,0,1,0,1,0,0,0,0,0,0,0,0,0,0,0
0030.txt,finite,446,445,75.496,2,0,0,0,1,0,0,0,0,0,0,0,0,0,0,0,0,1,2,0,0,0,64,0,0,0,55881,0
0030.txt,combined,446,445,80.569,2,2,0,0,1,0,2,0,2,0,2,0,2,0,2,0,2,1,2,524,0,0,64,0,0,0,55881,0
0031.txt,repeat,123,123,0.332,1,0,0,0,1,0,1,0,1,0,1,0,0,0,0,0,0,0,0,54,0,0,0,0,0,0,0,0
0031.txt,mono,123,123,0.013,1,0,0,0,1,0,0,0,0,0,0,0,1,0,0,0,0,0,0,0,0,0,0,0,0,0,0,0
0031.txt,orientation,123,123,0.09,1,0,0,0,1,0,0,0,0,0,0,0,0,0,1,0,1,0,0,0,0,0,0,0,0,0,0,0
0031.txt,finite,123,123,43.42,1,0,0,0,1,0,0,0,0,0,0,0,0,0,0,0,0,0,1,0,0,0,32,0,0,0,23257,0
0031.txt,combined,123,123,43.912,1,1,0,0,1,0,1,0,1,0,1,0,1,0,1,0,1,0,1,54,0,0,32,0,0,0,23257,0
0032.txt,repeat,148,148,0.386,1,0,0,0,1,0,1,0,1,0,1,0,0,0,0,0,0,0,0,52,0,0,0,0,0,0,0,0
0032.txt,mono,148,148,0.019,1,0,0,0,1,0,0,0,0,0,0,0,1,0,0,0,0,0,0,0,0,0,0,0,0,0,0,0
0032.txt,orientation,148,148,0.159,1,0,0,0,1,0,0,0,0,0,0,0,0,0,1,0,1,0,0,0,0,0,0,0,0,0,0,0
0032.txt,finite,148,148,86.021,1,0,0,0,1,0,0,0,0,0,0,0,0,0,0,0,0,0,1,0,0,0,32,0,0,0,39472,0
0032.txt,combined,148,148,86.15,1,1,0,0,1,0,1,0,1,0,1,0,1,0,1,0,1,0,1,52,0,0,32,0,0,0,39472,0
0033.txt,repeat,144,144,0.331,1,0,0,0,1,0,1,0,1,0,1,0,0,0,0,0,0,0,0,46,0,0,0,0,0,0,0,0
0033.txt,mono,144,144,0.021,1,0,0,0,1,0,0,0,0,0,0,0,1,0,0,0,0,0,0,0,0,0,0,0,0,0,0,0
0033.txt,orientation,144,144,0.142,1,0,0,0,1,0,0,0,0,0,0,0,0,0,1,0,1,0,0,0,0,0,0,0,0,0,0,0
0033.txt,finite,144,144,71.246,1,0,0,0,1,0,0,0,0,0,0,0,0,0,0,0,0,0,1,0,0,0,32,0,0,0,26156,0
0033.txt,combined,144,144,71.8,1,1,0,0,1,0,1,0,1,0,1,0,1,0,1,0,1,0,1,46,0,0,32,0,0,0,26156,0
0034.txt,repeat,401,401,1.862,1,0,0,0,1,0,1,0,1,0,1,0,0,0,0,0,0,0,0,230,0,0,0,0,0,0,0,0
0034.txt,mono,401,401,0.038,1,0,0,0,1,0,0,0,0,0,0,0,1,0,0,0,0,0,0,0,0,0,0,0,0,0,0,0
0034.txt,orientation,401,401,0.271,1,0,0,0,1,0,0,0,0,0,0,0,0,0,1,0,1,0,0,0,0,0,0,0,0,0,0,0
0034.txt,finite,401,401,49.887,1,0,0,0,1,0,0,0,0,0,0,0,0,0,0,0,0,0,1,0,0,0,32,0,0,0,33537,0
0034.txt,combined,401,401,51.657,1,1,0,0,1,0,1,0,1,0,1,0,1,0,1,0,1,0,1,230,0,0,32,0,0,0,33537,0
0035.txt,repeat,63,63,0.183,1,0,0,0,1,0,1,0,1,0,1,0,0,0,0,0,0,0,0,42,0,0,0,0,0,0,0,0
0035.txt,mono,63,63,0.007,1,0,0,0,1,0,0,0,0,0,0,0,1,0,0,0,0,0,0,0,0,0,0,0,0,0,0,0
0035.txt,orientation,63,63,0.075,1,0,0,0,1,0,0,0,0,0,0,0,0,0,1,0,1,0,0,0,0,0,0,0,0,0,0,0
0035.txt,finite,63,63,25.722,1,0,0,0,1,0,0,0,0,0,0,0,0,0,0,0,0,0,1,0,0,0,32,0,0,0,17554,0
0035.txt,combined,63,63,26.175,1,1,0,0,1,0,1,0,1,0,1,0,1,0,1,0,1,0,1,42,0,0,32,0,0,0,17554,0
0036.txt,repeat,206,206,0.532,1,0,0,0,1,0,1,0,1,0,1,0,0,0,0,0,0,0,0,76,0,0,0,0,0,0,0,0
0036.txt,mono,206,206,0.023,1,0,0,0,1,0,0,0,0,0,0,0,1,0,0,0,0,0,0,0,0,0,0,0,0,0,0,0
0036.txt,orientation,206,206,0.175,1,0,0,0,1,0,0,0,0,0,0,0,0,0,1,0,1,0,0,0,0,0,0,0,0,0,0,0
0036.txt,finite,206,205,93.457,2,0,0,0,1,0,0,0,0,0,0,0,0,0,0,0,0,1,2,0,0,0,64,0,0,0,14359,0
0036.txt,combined,206,205,95.608,2,2,0,0,1,0,2,0,2,0,2,0,2,0,2,0,2,1,2,152,0,0,64,0,0,0,14359,0
0037.txt,repeat,245,245,0.728,1,0,0,0,1,0,1,0,1,0,1,0,0,0,0,0,0,0,0,123,0,0,0,0,0,0,0,0
0037.txt,mono,245,245,0.027,1,0,0,0,1,0,0,0,0,0,0,0,1,0,0,0,0,0,0,0,0,0,0,0,0,0,0,0
0037.txt,orientation,245,245,0.225,1,0,0,0,1,0,0,0,0,0,0,0,0,0,1,0,1,0,0,0,0,0,0,0,0,0,0,0
0037.txt,finite,245,245,44.778,1,0,0,0,1,0,0,0,0,0,0,0,0,0,0,0,0,0,1,0,0,0,32,0,0,0,22529,0
0037.txt,combined,245,245,46.363,1,1,0,0,1,0,1,0,1,0,1,0,1,0,1,0,1,0,1,123,0,0,32,0,0,0,22529,0
0038.txt,repeat,135,135,0.319,1,0,0,0,1,0,1,0,1,0,1,0,0,0,0,0,0,0,0,61,0,0,0,0,0,0,0,0
0038.txt,mono,135,135,0.014,1,0,0,0,1,0,0,0,0,0,0,0,1,0,0,0,0,0,0,0,0,0,0,0,0,0,0,0
0038.txt,orientation,135,135,0.091,1,0,0,0,1,0,0,0,0,0,0,0,0,0,1,0,1,0,0,0,0,0,0,0,0,0,0,0
0038.txt,finite,135,135,31.614,1,0,0,0,1,0,0,0,0,0,0,0,0,0,0,0,0,0,1,0,0,0,32,0,0,0,12646,0
0038.txt,combined,135,135,32.408,1,1,0,0,1,0,1,0,1,0,1,0,1,0,1,0,1,0,1,61,0,0,32,0,0,0,12646,0
0039.txt,repeat,114,114,0.396,1,0,0,0,1,0,1,0,1,0,1,0,0,0,0,0,0,0,0,43,0,0,0,0,0,0,0,0
0039.txt,mono,114,114,0.013,1,0,0,0,1,0,0,0,0,0,0,0,1,0,0,0,0,0,0,0,0,0,0,0,0,0,0,0
0039.txt,orientation,114,114,0.095,1,0,0,0,1,0,0,0,0,0,0,0,0,0,1,0,1,0,0,0,0,0,0,0,0,0,0,0
0039.txt,finite,114,114,204.215,1,0,0,0,1,0,0,0,0,0,0,0,0,0,0,0,0,0,1,0,0,0,32,0,0,0,139263,0
0039.txt,combined,114,114,205.005,1,1,0,0,1,0,1,0,1,0,1,0,1,0,1,0,1,0,1,43,0,0,32,0,0,0,139263,0
0040.txt,repeat,138,138,0.388,1,0,0,0,1,0,1,0,1,0,1,0,0,0,0,0,0,0,0,70,0,0,0,0,0,0,0,0
0040.txt,mono,138,138,0.017,1,0,0,0,1,0,0,0,0,0,0,0,1,0,0,0,0,0,0,0,0,0,0,0,0,0,0,0
0040.txt,orientation,138,138,0.159,1,0,0,0,1,0,0,0,0,0,0,0,0,0,1,0,1,0,0,0,0,0,0,0,0,0,0,0
0040.txt,finite,138,138,69.207,1,0,0,0,1,0,0,0,0,0,0,0,0,0,0,0,0,0,1,0,0,0,32,0,0,0,58322,0
0040.txt,combined,138,138,69.324,1,1,0,0,1,0,1,0,1,0,1,0,1,0,1,0,1,0,1,70,0,0,32,0,0,0,58322,0
0041.txt,repeat,89,89,0.199,1,0,0,0,1,0,1,0,1,0,1,0,0,0,0,0,0,0,0,37,0,0,0,0,0,0,0,0
0041.txt,mono,89,89,0.011,1,0,0,0,1,0,0,0,0,0,0,0,1,0,0,0,0,0,0,0,0,0,0,0,0,0,0,0
0041.txt,orientation,89,89,0.095,1,0,0,0,1,0,0,0,0,0,0,0,0,0,1,0,1,0,0,0,0,0,0,0,0,0,0,0
0041.txt,finite,89,89,36.223,1,0,0,0,1,0,0,0,0,0,0,0,0,0,0,0,0,0,1,0,0,0,32,0,0,0,7544,0
0041.txt,combined,89,89,36.367,1,1,0,0,1,0,1,0,1,0,1,0,1,0,1,0,1,0,1,37,0,0,32,0,0,0,7544,0
0042.txt,repeat,324,324,1.035,1,0,0,0,1,0,1,0,1,0,1,0,0,0,0,0,0,0,0,155,0,0,0,0,0,0,0,0
0042.txt,mono,324,324,0.039,1,0,0,0,1,0,0,0,0,0,0,0,1,0,0,0,0,0,0,0,0,0,0,0,0,0,0,0
0042.txt,orientation,324,324,0.448,1,0,0,0,1,0,0,0,0,0,0,0,0,0,1,0,1,0,0,0,0,0,0,0,0,0,0,0
0042.txt,finite,324,324,134.587,1,0,0,0,1,0,0,0,0,0,0,0,0,0,0,0,0,0,1,0,0,0,32,0,0,0,50285,0
0042.txt,combined,324,324,136.508,1,1,0,0,1,0,1,0,1,0,1,0,1,0,1,0,1,0,1,155,0,0,32,0,0,0,50285,0
0043.txt,repeat,168,168,0.524,1,0,0,0,1,0,1,0,1,0,1,0,0,0,0,0,0,0,0,80,0,0,0,0,0,0,0,0
0043.txt,mono,168,168,0.016,1,0,0,0,1,0,0,0,0,0,0,0,1,0,0,0,0,0,0,0,0,0,0,0,0,0,0,0
0043.txt,orientation,168,168,0.275,1,0,0,0,1,0,0,0,0,0,0,0,0,0,1,0,1,0,0,0,0,0,0,0,0,0,0,0
0043.txt,finite,168,168,57.117,1,0,0,0,1,0,0,0,0,0,0,0,0,0,0,0,0,0,1,0,0,0,32,0,0,0,41211,0
0043.txt,combined,168,168,57.773,1,1,0,0,1,0,1,0,1,0,1,0,1,0,1,0,1,0,1,80,0,0,32,0,0,0,41211,0
0044.txt,repeat,175,175,0.525,1,0,0,0,1,0,1,0,1,0,1,0,0,0,0,0,0,0,0,87,0,0,0,0,0,0,0,0
0044.txt,mono,175,175,0.019,1,0,0,0,1,0,0,0,0,0,0,0,1,0,0,0,0,0,0,0,0,0,0,0,0,0,0,0
0044.txt,orientation,175,175,0.143,1,0,0,0,1,0,0,0,0,0,0,0,0,0,1,0,1,0,0,0,0,0,0,0,0,0,0,0
0044.txt,finite,175,175,35.881,1,0,0,0,1,0,0,0,0,0,0,0,0,0,0,0,0,0,1,0,0,0,32,0,0,0,7974,0
0044.txt,combined,175,175,36.191,1,1,0,0,1,0,1,0,1,0,1,0,1,0,1,0,1,0,1,87,0,0,32,0,0,0,7974,0
0045.txt,repeat,194,194,0.545,1,0,0,0,1,0,1,0,1,0,1,0,0,0,0,0,0,0,0,89,0,0,0,0,0,0,0,0
0045.txt,mono,194,194,0.02,1,0,0,0,1,0,0,0,0,0,0,0,1,0,0,0,0,0,0,0,0,0,0,0,0,0,0,0
0045.txt,orientation,194,194,0.156,1,0,0,0,1,0,0,0,0,0,0,0,0,0,1,0,1,0,0,0,0,0,0,0,0,0,0,0
0045.txt,finite,194,193,73.088,2,0,0,0,1,0,0,0,0,0,0,0,0,0,0,0,0,1,2,0,0,0,64,0,0,0,29255,0
0045.txt,combined,194,193,74.949,2,2,0,0,1,0,2,0,2,0,2,0,2,0,2,0,2,1,2,179,0,0,64,0,0,0,29255,0
0046.txt,repeat,153,153,0.464,1,0,0,0,1,0,1,0,1,0,1,0,0,0,0,0,0,0,0,77,0,0,0,0,0,0,0,0
0046.txt,mono,153,153,0.015,1,0,0,0,1,0,0,0,0,0,0,0,1,0,0,0,0,0,0,0,0,0,0,0,0,0,0,0
0046.txt,orientation,153,153,0.111,1,0,0,0,1,0,0,0,0,0,0,0,0,0,1,0,1,0,0,0,0,0,0,0,0,0,0,0
0046.txt,finite,153,153,27.786,1,0,0,0,1,0,0,0,0,0,0,0,0,0,0,0,0,0,1,0,0,0,32,0,0,0,12029,0
0046.txt,combined,153,153,28.403,1,1,0,0,1,0,1,0,1,0,1,0,1,0,1,0,1,0,1,77,0,0,32,0,0,0,12029,0
0047.txt,repeat,327,327,1.198,1,0,0,0,1,0,1,0,1,0,1,0,0,0,0,0,0,0,0,179,0,0,0,0,0,0,0,0
0047.txt,mono,327,327,0.035,1,0,0,0,1,0,0,0,0,0,0,0,1,0,0,0,0,0,0,0,0,0,0,0,0,0,0,0
0047.txt,orientation,327,327,0.284,1,0,0,0,1,0,0,0,0,0,0,0,0,0,1,0,1,0,0,0,0,0,0,0,0,0,0,0
0047.txt,finite,327,327,59.119,1,0,0,0,1,0,0,0,0,0,0,0,0,0,0,0,0,0,1,0,0,0,32,0,0,0,24720,0
0047.txt,combined,327,327,59.926,1,1,0,0,1,0,1,0,1,0,1,0,1,0,1,0,1,0,1,179,0,0,32,0,0,0,24720,0
0048.txt,repeat,230,230,0.622,1,0,0,0,1,0,1,0,1,0,1,0,0,0,0,0,0,0,0,94,0,0,0,0,0,0,0,0
0048.txt,mono,230,230,0.023,1,0,0,0,1,0,0,0,0,0,0,0,1,0,0,0,0,0,0,0,0,0,0,0,0,0,0,0
0048.txt,orientation,230,230,0.236,1,0,0,0,1,0,0,0,0,0,0,0,0,0,1,0,1,0,0,0,0,0,0,0,0,0,0,0
0048.txt,finite,230,230,51.461,1,0,0,0,1,0,0,0,0,0,0,0,0,0,0,0,0,0,1,0,0,0,32,0,0,0,14413,0
0048.txt,combined,230,230,53.447,1,1,0,0,1,0,1,0,1,0,1,0,1,0,1,0,1,0,1,94,0,0,32,0,0,0,14413,0
0049.txt,repeat,193,193,0.558,1,0,0,0,1,0,1,0,1,0,1,0,0,0,0,0,0,0,0,81,0,0,0,0,0,0,0,0
0049.txt,mono,193,193,0.024,1,0,0,0,1,0,0,0,0,0,0,0,1,0,0,0,0,0,0,0,0,0,0,0,0,0,0,0
0049.txt,orientation,193,193,0.191,1,0,0,0,1,0,0,0,0,0,0,0,0,0,1,0,1,0,0,0,0,0,0,0,0,0,0,0
0049.txt,finite,193,192,116.992,2,0,0,0,1,0,0,0,0,0,0,0,0,0,0,0,0,1,2,0,0,0,64,0,0,0,25816,0
0049.txt,combined,193,192,118.41,2,2,0,0,1,0,2,0,2,0,2,0,2,0,2,0,2,1,2,160,0,0,64,0,0,0,25816,0
0050.txt,repeat,143,143,0.404,1,0,0,0,1,0,1,0,1,0,1,0,0,0,0,0,0,0,0,62,0,0,0,0,0,0,0,0
0050.txt,mono,143,143,0.016,1,0,0,0,1,0,0,0,0,0,0,0,1,0,0,0,0,0,0,0,0,0,0,0,0,0,0,0
0050.txt,orientation,143,143,0.183,1,0,0,0,1,0,0,0,0,0,0,0,0,0,1,0,1,0,0,0,0,0,0,0,0,0,0,0
0050.txt,finite,143,143,41.564,1,0,0,0,1,0,0,0,0,0,0,0,0,0,0,0,0,0,1,0,0,0,32,0,0,0,30951,0
0050.txt,combined,143,143,41.512,1,1,0,0,1,0,1,0,1,0,1,0,1,0,1,0,1,0,1,62,0,0,32,0,0,0,30951,0
0051.txt,repeat,118,118,0.282,1,0,0,0,1,0,1,0,1,0,1,0,0,0,0,0,0,0,0,51,0,0,0,0,0,0,0,0
0051.txt,mono,118,118,0.015,1,0,0,0,1,0,0,0,0,0,0,0,1,0,0,0,0,0,0,0,0,0,0,0,0,0,0,0
0051.txt,orientation,118,118,0.085,1,0,0,0,1,0,0,0,0,0,0,0,0,0,1,0,1,0,0,0,0,0,0,0,0,0,0,0
0051.txt,finite,118,118,53.386,1,0,0,0,1,0,0,0,0,0,0,0,0,0,0,0,0,0,1,0,0,0,32,0,0,0,36181,0
0051.txt,combined,118,118,53.088,1,1,0,0,1,0,1,0,1,0,1,0,1,0,1,0,1,0,1,51,0,0,32,0,0,0,36181,0
0052.txt,repeat,190,190,0.517,1,0,0,0,1,0,1,0,1,0,1,0,0,0,0,0,0,0,0,82,0,0,0,0,0,0,0,0
0052.txt,mono,190,190,0.021,1,0,0,0,1,0,0,0,0,0,0,0,1,0,0,0,0,0,0,0,0,0,0,0,0,0,0,0
0052.txt,orientation,190,190,0.181,1,0,0,0,1,0,0,0,0,0,0,0,0,0,1,0,1,0,0,0,0,0,0,0,0,0,0,0
0052.txt,finite,190,190,106.121,1,0,0,0,1,0,0,0,0,0,0,0,0,0,0,0,0,0,1,0,0,0,32,0,0,0,44127,0
0052.txt,combined,190,190,107.008,1,1,0,0,1,0,1,0,1,0,1,0,1,0,1,0,1,0,1,82,0,0,32,0,0,0,44127,0
0053.txt,repeat,130,130,0.272,1,0,0,0,1,0,1,0,1,0,1,0,0,0,0,0,0,0,0,53,0,0,0,0,0,0,0,0
0053.txt,mono,130,130,0.016,1,0,0,0,1,0,0,0,0,0,0,0,1,0,0,0,0,0,0,0,0,0,0,0,0,0,0,0
0053.txt,orientation,130,130,0.116,1,0,0,0,1,0,0,0,0,0,0,0,0,0,1,0,1,0,0,0,0,0,0,0,0,0,0,0
0053.txt,finite,130,130,40.862,1,0,0,0,1,0,0,0,0,0,0,0,0,0,0,0,0,0,1,0,0,0,32,0,0,0,21510,0
0053.txt,combined,130,130,41.637,1,1,0,0,1,0,1,0,1,0,1,0,1,0,1,0,1,0,1,53,0,0,32,0,0,0,21510,0
0054.txt,repeat,298,298,0.753,1,0,0,0,1,0,1,0,1,0,1,0,0,0,0,0,0,0,0,105,0,0,0,0,0,0,0,0
0054.txt,mono,298,298,0.027,1,0,0,0,1,0,0,0,0,0,0,0,1,0,0,0,0,0,0,0,0,0,0,0,0,0,0,0
0054.txt,orientation,298,298,0.298,1,0,0,0,1,0,0,0,0,0,0,0,0,0,1,0,1,0,0,0,0,0,0,0,0,0,0,0
0054.txt,finite,298,297,110.089,2,0,0,0,1,0,0,0,0,0,0,0,0,0,0,0,0,1,2,0,0,0,64,0,0,0,50284,0
0054.txt,combined,298,297,161.064,2,2,0,0,1,0,2,0,2,0,2,0,2,0,2,0,2,1,2,210,0,0,64,0,0,0,50284,0
0055.txt,repeat,295,295,0.856,1,0,0,0,1,0,1,0,1,0,1,0,0,0,0,0,0,0,0,130,0,0,0,0,0,0,0,0
0055.txt,mono,295,295,0.028,1,0,0,0,1,0,0,0,0,0,0,0,1,0,0,0,0,0,0,0,0,0,0,0,0,0,0,0
0055.txt,orientation,295,295,0.262,1,0,0,0,1,0,0,0,0,0,0,0,0,0,1,0,1,0,0,0,0,0,0,0,0,0,0,0
0055.txt,finite,295,295,72.69,1,0,0,0,1,0,0,0,0,0,0,0,0,0,0,0,0,0,1,0,0,0,32,0,0,0,12352,0
0055.txt,combined,295,295,73.399,1,1,0,0,1,0,1,0,1,0,1,0,1,0,1,0,1,0,1,130,0,0,32,0,0,0,12352,0
0056.txt,repeat,199,199,0.481,1,0,0,0,1,0,1,0,1,0,1,0,0,0,0,0,0,0,0,71,0,0,0,0,0,0,0,0
0056.txt,mono,199,199,0.021,1,0,0,0,1,0,0,0,0,0,0,0,1,0,0,0,0,0,0,0,0,0,0,0,0,0,0,0
0056.txt,orientation,199,199,0.182,1,0,0,0,1,0,0,0,0,0,0,0,0,0,1,0,1,0,0,0,0,0,0,0,0,0,0,0
0056.txt,finite,199,199,81.073,1,0,0,0,1,0,0,0,0,0,0,0,0,0,0,0,0,0,1,0,0,0,32,0,0,0,39856,0
0056.txt,combined,199,199,81.45,1,1,0,0,1,0,1,0,1,0,1,0,1,0,1,0,1,0,1,71,0,0,32,0,0,0,39856,0
0057.txt,repeat,253,253,0.889,1,0,0,0,1,0,1,0,1,0,1,0,0,0,0,0,0,0,0,136,0,0,0,0,0,0,0,0
0057.txt,mono,253,253,0.03,1,0,0,0,1,0,0,0,0,0,0,0,1,0,0,0,0,0,0,0,0,0,0,0,0,0,0,0
0057.txt,orientation,253,253,0.219,1,0,0,0,1,0,0,0,0,0,0,0,0,0,1,0,1,0,0,0,0,0,0,0,0,0,0,0
0057.txt,finite,253,253,58.329,1,0,0,0,1,0,0,0,0,0,0,0,0,0,0,0,0,0,1,0,0,0,32,0,0,0,28519,0
0057.txt,combined,253,253,59.656,1,1,0,0,1,0,1,0,1,0,1,0,1,0,1,0,1,0,1,136,0,0,32,0,0,0,28519,0
0058.txt,repeat,292,292,1.145,1,0,0,0,1,0,1,0,1,0,1,0,0,0,0,0,0,0,0,153,0,0,0,0,0,0,0,0
0058.txt,mono,292,292,0.029,1,0,0,0,1,0,0,0,0,0,0,0,1,0,0,0,0,0,0,0,0,0,0,0,0,0,0,0
0058.txt,orientation,292,292,0.366,1,0,0,0,1,0,0,0,0,0,0,0,0,0,1,0,1,0,0,0,0,0,0,0,0,0,0,0
0058.txt,finite,292,292,46.336,1,0,0,0,1,0,0,0,0,0,0,0,0,0,0,0,0,0,1,0,0,0,32,0,0,0,30428,0
0058.txt,combined,292,292,48.109,1,1,0,0,1,0,1,0,1,0,1,0,1,0,1,0,1,0,1,153,0,0,32,0,0,0,30428,0
0059.txt,repeat,69,69,0.158,1,0,0,0,1,0,1,0,1,0,1,0,0,0,0,0,0,0,0,28,0,0,0,0,0,0,0,0
0059.txt,mono,69,69,0.01,1,0,0,0,1,0,0,0,0,0,0,0,1,0,0,0,0,0,0,0,0,0,0,0,0,0,0,0
0059.txt,orientation,69,69,0.056,1,0,0,0,1,0,0,0,0,0,0,0,0,0,1,0,1,0,0,0,0,0,0,0,0,0,0,0
0059.txt,finite,69,69,42.314,1,0,0,0,1,0,0,0,0,0,0,0,0,0,0,0,0,0,1,0,0,0,32,0,0,0,21145,0
0059.txt,combined,69,69,42.447,1,1,0,0,1,0,1,0,1,0,1,0,1,0,1,0,1,0,1,28,0,0,32,0,0,0,21145,0
0060.txt,repeat,154,154,0.477,1,0,0,0,1,0,1,0,1,0,1,0,0,0,0,0,0,0,0,78,0,0,0,0,0,0,0,0
0060.txt,mono,154,154,0.018,1,0,0,0,1,0,0,0,0,0,0,0,1,0,0,0,0,0,0,0,0,0,0,0,0,0,0,0
0060.txt,orientation,154,154,0.196,1,0,0,0,1,0,0,0,0,0,0,0,0,0,1,0,1,0,0,0,0,0,0,0,0,0,0,0
0060.txt,finite,154,154,34.619,1,0,0,0,1,0,0,0,0,0,0,0,0,0,0,0,0,0,1,0,0,0,32,0,0,0,23605,0
0060.txt,combined,154,154,34.832,1,1,0,0,1,0,1,0,1,0,1,0,1,0,1,0,1,0,1,78,0,0,32,0,0,0,23605,0
0061.txt,repeat,295,295,1,1,0,0,0,1,0,1,0,1,0,1,0,0,0,0,0,0,0,0,140,0,0,0,0,0,0,0,0
0061.txt,mono,295,295,0.029,1,0,0,0,1,0,0,0,0,0,0,0,1,0,0,0,0,0,0,0,0,0,0,0,0,0,0,0
0061.txt,orientation,295,295,0.249,1,0,0,0,1,0,0,0,0,0,0,0,0,0,1,0,1,0,0,0,0,0,0,0,0,0,0,0
0061.txt,finite,295,295,29.935,1,0,0,0,1,0,0,0,0,0,0,0,0,0,0,0,0,0,1,0,0,0,32,0,0,0,21893,0
0061.txt,combined,295,295,30.871,1,1,0,0,1,0,1,0,1,0,1,0,1,0,1,0,1,0,1,140,0,0,32,0,0,0,21893,0
0062.txt,repeat,177,177,0.38,1,0,0,0,1,0,1,0,1,0,1,0,0,0,0,0,0,0,0,64,0,0,0,0,0,0,0,0
0062.txt,mono,177,177,0.025,1,0,0,0,1,0,0,0,0,0,0,0,1,0,0,0,0,0,0,0,0,0,0,0,0,0,0,0
0062.txt,orientation,177,177,0.177,1,0,0,0,1,0,0,0,0,0,0,0,0,0,1,0,1,0,0,0,0,0,0,0,0,0,0,0
0062.txt,finite,177,177,70.336,1,0,0,0,1,0,0,0,0,0,0,0,0,0,0,0,0,0,1,0,0,0,32,0,0,0,27705,0
0062.txt,combined,177,177,71.171,1,1,0,0,1,0,1,0,1,0,1,0,1,0,1,0,1,0,1,64,0,0,32,0,0,0,27705,0
0063.txt,repeat,261,261,0.899,1,0,0,0,1,0,1,0,1,0,1,0,0,0,0,0,0,0,0,136,0,0,0,0,0,0,0,0
0063.txt,mono,261,261,0.024,1,0,0,0,1,0,0,0,0,0,0,0,1,0,0,0,0,0,0,0,0,0,0,0,0,0,0,0
0063.txt,orientation,261,261,0.356,1,0,0,0,1,0,0,0,0,0,0,0,0,0,1,0,1,0,0,0,0,0,0,0,0,0,0,0
0063.txt,finite,261,261,51.811,1,0,0,0,1,0,0,0,0,0,0,0,0,0,0,0,0,0,1,0,0,0,32,0,0,0,25658,0
0063.txt,combined,261,261,52.685,1,1,0,0,1,0,1,0,1,0,1,0,1,0,1,0,1,0,1,136,0,0,32,0,0,0,25658,0
0064.txt,repeat,192,192,0.509,1,0,0,0,1,0,1,0,1,0,1,0,0,0,0,0,0,0,0,95,0,0,0,0,0,0,0,0
0064.txt,mono,192,192,0.02,1,0,0,0,1,0,0,0,0,0,0,0,1,0,0,0,0,0,0,0,0,0,0,0,0,0,0,0
0064.txt,orientation,192,192,0.165,1,0,0,0,1,0,0,0,0,0,0,0,0,0,1,0,1,0,0,0,0,0,0,0,0,0,0,0
0064.txt,finite,192,192,44.633,1,0,0,0,1,0,0,0,0,0,0,0,0,0,0,0,0,0,1,0,0,0,32,0,0,0,28408,0
0064.txt,combined,192,192,44.792,1,1,0,0,1,0,1,0,1,0,1,0,1,0,1,0,1,0,1,95,0,0,32,0,0,0,28408,0
0065.txt,repeat,125,125,0.361,1,0,0,0,1,0,1,0,1,0,1,0,0,0,0,0,0,0,0,58,0,0,0,0,0,0,0,0
0065.txt,mono,125,125,0.013,1,0,0,0,1,0,0,0,0,0,0,0,1,0,0,0,0,0,0,0,0,0,0,0,0,0,0,0
0065.txt,orientation,125,125,0.116,1,0,0,0,1,0,0,0,0,0,0,0,0,0,1,0,1,0,0,0,0,0,0,0,0,0,0,0
0065.txt,finite,125,125,49.77,1,0,0,0,1,0,0,0,0,0,0,0,0,0,0,0,0,0,1,0,0,0,32,0,0,0,34020,0
0065.txt,combined,125,125,50.043,1,1,0,0,1,0,1,0,1,0,1,0,1,0,1,0,1,0,1,58,0,0,32,0,0,0,34020,0
0066.txt,repeat,420,420,1.868,1,0,0,0,1,0,1,0,1,0,1,0,0,0,0,0,0,0,0,236,0,0,0,0,0,0,0,0
0066.txt,mono,420,420,0.035,1,0,0,0,1,0,0,0,0,0,0,0,1,0,0,0,0,0,0,0,0,0,0,0,0,0,0,0
0066.txt,orientation,420,420,0.506,1,0,0,0,1,0,0,0,0,0,0,0,0,0,1,0,1,0,0,0,0,0,0,0,0,0,0,0
0066.txt,finite,420,420,51.501,1,0,0,0,1,0,0,0,0,0,0,0,0,0,0,0,0,0,1,0,0,0,32,0,0,0,41583,0
0066.txt,combined,420,420,54.489,1,1,0,0,1,0,1,0,1,0,1,0,1,0,1,0,1,0,1,236,0,0,32,0,0,0,41583,0
0067.txt,repeat,198,198,0.575,1,0,0,0,1,0,1,0,1,0,1,0,0,0,0,0,0,0,0,101,0,0,0,0,0,0,0,0
0067.txt,mono,198,198,0.022,1,0,0,0,1,0,0,0,0,0,0,0,1,0,0,0,0,0,0,0,0,0,0,0,0,0,0,0
0067.txt,orientation,198,198,0.21,1,0,0,0,1,0,0,0,0,0,0,0,0,0,1,0,1,0,0,0,0,0,0,0,0,0,0,0
0067.txt,finite,198,198,38.801,1,0,0,0,1,0,0,0,0,0,0,0,0,0,0,0,0,0,1,0,0,0,32,0,0,0,30418,0
0067.txt,combined,198,198,40.373,1,1,0,0,1,0,1,0,1,0,1,0,1,0,1,0,1,0,1,101,0,0,32,0,0,0,30418,0
0068.txt,repeat,418,418,1.505,1,0,0,0,1,0,1,0,1,0,1,0,0,0,0,0,0,0,0,218,0,0,0,0,0,0,0,0
0068.txt,mono,418,418,0.044,1,0,0,0,1,0,0,0,0,0,0,0,1,0,0,0,0,0,0,0,0,0,0,0,0,0,0,0
0068.txt,orientation,418,418,0.463,1,0,0,0,1,0,0,0,0,0,0,0,0,0,1,0,1,0,0,0,0,0,0,0,0,0,0,0
0068.txt,finite,418,418,67.551,1,0,0,0,1,0,0,0,0,0,0,0,0,0,0,0,0,0,1,0,0,0,32,0,0,0,30162,0
0068.txt,combined,418,418,69.847,1,1,0,0,1,0,1,0,1,0,1,0,1,0,1,0,1,0,1,218,0,0,32,0,0,0,30162,0
0069.txt,repeat,128,128,0.306,1,0,0,0,1,0,1,0,1,0,1,0,0,0,0,0,0,0,0,52,0,0,0,0,0,0,0,0
0069.txt,mono,128,128,0.013,1,0,0,0,1,0,0,0,0,0,0,0,1,0,0,0,0,0,0,0,0,0,0,0,0,0,0,0
0069.txt,orientation,128,128,0.11,1,0,0,0,1,0,0,0,0,0,0,0,0,0,1,0,1,0,0,0,0,0,0,0,0,0,0,0
0069.txt,finite,128,128,60.663,1,0,0,0,1,0,0,0,0,0,0,0,0,0,0,0,0,0,1,0,0,0,32,0,0,0,37974,0
0069.txt,combined,128,128,61.186,1,1,0,0,1,0,1,0,1,0,1,0,1,0,1,0,1,0,1,52,0,0,32,0,0,0,37974,0
0070.txt,repeat,420,420,1.67,1,0,0,0,1,0,1,0,1,0,1,0,0,0,0,0,0,0,0,232,0,0,0,0,0,0,0,0
0070.txt,mono,420,420,0.044,1,0,0,0,1,0,0,0,0,0,0,0,1,0,0,0,0,0,0,0,0,0,0,0,0,0,0,0
0070.txt,orientation,420,420,0.495,1,0,0,0,1,0,0,0,0,0,0,0,0,0,1,0,1,0,0,0,0,0,0,0,0,0,0,0
0070.txt,finite,420,420,100.779,1,0,0,0,1,0,0,0,0,0,0,0,0,0,0,0,0,0,1,0,0,0,32,0,0,0,61389,0
0070.txt,combined,420,420,103.206,1,1,0,0,1,0,1,0,1,0,1,0,1,0,1,0,1,0,1,232,0,0,32,0,0,0,61389,0
0071.txt,repeat,411,411,1.283,1,0,0,0,1,0,1,0,1,0,1,0,0,0,0,0,0,0,0,184,0,0,0,0,0,0,0,0
0071.txt,mono,411,411,0.041,1,0,0,0,1,0,0,0,0,0,0,0,1,0,0,0,0,0,0,0,0,0,0,0,0,0,0,0
0071.txt,orientation,411,411,0.483,1,0,0,0,1,0,0,0,0,0,0,0,0,0,1,0,1,0,0,0,0,0,0,0,0,0,0,0
0071.txt,finite,411,411,180.543,1,0,0,0,1,0,0,0,0,0,0,0,0,0,0,0,0,0,1,0,0,0,32,0,0,0,128772,0
0071.txt,combined,411,411,182.407,1,1,0,0,1,0,1,0,1,0,1,0,1,0,1,0,1,0,1,184,0,0,32,0,0,0,128772,0
0072.txt,repeat,90,90,0.254,1,0,0,0,1,0,1,0,1,0,1,0,0,0,0,0,0,0,0,39,0,0,0,0,0,0,0,0
0072.txt,mono,90,90,0.01,1,0,0,0,1,0,0,0,0,0,0,0,1,0,0,0,0,0,0,0,0,0,0,0,0,0,0,0
0072.txt,orientation,90,90,0.091,1,0,0,0,1,0,0,0,0,0,0,0,0,0,1,0,1,0,0,0,0,0,0,0,0,0,0,0
0072.txt,finite,90,90,70.587,1,0,0,0,1,0,0,0,0,0,0,0,0,0,0,0,0,0,1,0,0,0,32,0,0,0,66002,0
0072.txt,combined,90,90,70.308,1,1,0,0,1,0,1,0,1,0,1,0,1,0,1,0,1,0,1,39,0,0,32,0,0,0,66002,0
0073.txt,repeat,222,222,0.674,1,0,0,0,1,0,1,0,1,0,1,0,0,0,0,0,0,0,0,98,0,0,0,0,0,0,0,0
0073.txt,mono,222,222,0.025,1,0,0,0,1,0,0,0,0,0,0,0,1,0,0,0,0,0,0,0,0,0,0,0,0,0,0,0
0073.txt,orientation,222,222,0.205,1,0,0,0,1,0,0,0,0,0,0,0,0,0,1,0,1,0,0,0,0,0,0,0,0,0,0,0
0073.txt,finite,222,222,37.901,1,0,0,0,1,0,0,0,0,0,0,0,0,0,0,0,0,0,1,0,0,0,32,0,0,0,9217,0
0073.txt,combined,222,222,39.139,1,1,0,0,1,0,1,0,1,0,1,0,1,0,1,0,1,0,1,98,0,0,32,0,0,0,9217,0
0074.txt,repeat,98,98,0.21,1,0,0,0,1,0,1,0,1,0,1,0,0,0,0,0,0,0,0,36,0,0,0,0,0,0,0,0
0074.txt,mono,98,98,0.013,1,0,0,0,1,0,0,0,0,0,0,0,1,0,0,0,0,0,0,0,0,0,0,0,0,0,0,0
0074.txt,orientation,98,98,0.107,1,0,0,0,1,0,0,0,0,0,0,0,0,0,1,0,1,0,0,0,0,0,0,0,0,0,0,0
0074.txt,finite,98,98,46.166,1,0,0,0,1,0,0,0,0,0,0,0,0,0,0,0,0,0,1,0,0,0,32,0,0,0,29252,0
0074.txt,combined,98,98,46.7,1,1,0,0,1,0,1,0,1,0,1,0,1,0,1,0,1,0,1,36,0,0,32,0,0,0,29252,0
0075.txt,repeat,358,358,1.378,1,0,0,0,1,0,1,0,1,0,1,0,0,0,0,0,0,0,0,209,0,0,0,0,0,0,0,0
0075.txt,mono,358,358,0.034,1,0,0,0,1,0,0,0,0,0,0,0,1,0,0,0,0,0,0,0,0,0,0,0,0,0,0,0
0075.txt,orientation,358,358,0.429,1,0,0,0,1,0,0,0,0,0,0,0,0,0,1,0,1,0,0,0,0,0,0,0,0,0,0,0
0075.txt,finite,358,358,44.981,1,0,0,0,1,0,0,0,0,0,0,0,0,0,0,0,0,0,1,0,0,0,32,0,0,0,29708,0
0075.txt,combined,358,358,46.772,1,1,0,0,1,0,1,0,1,0,1,0,1,0,1,0,1,0,1,209,0,0,32,0,0,0,29708,0
0076.txt,repeat,256,256,0.714,1,0,0,0,1,0,1,0,1,0,1,0,0,0,0,0,0,0,0,104,0,0,0,0,0,0,0,0
0076.txt,mono,256,256,0.028,1,0,0,0,1,0,0,0,0,0,0,0,1,0,0,0,0,0,0,0,0,0,0,0,0,0,0,0
0076.txt,orientation,256,256,0.271,1,0,0,0,1,0,0,0,0,0,0,0,0,0,1,0,1,0,0,0,0,0,0,0,0,0,0,0
0076.txt,finite,256,256,50.605,1,0,0,0,1,0,0,0,0,0,0,0,0,0,0,0,0,0,1,0,0,0,32,0,0,0,26040,0
0076.txt,combined,256,256,51.345,1,1,0,0,1,0,1,0,1,0,1,0,1,0,1,0,1,0,1,104,0,0,32,0,0,0,26040,0
0077.txt,repeat,84,84,0.161,1,0,0,0,1,0,1,0,1,0,1,0,0,0,0,0,0,0,0,24,0,0,0,0,0,0,0,0
0077.txt,mono,84,84,0.01,1,0,0,0,1,0,0,0,0,0,0,0,1,0,0,0,0,0,0,0,0,0,0,0,0,0,0,0
0077.txt,orientation,84,84,0.075,1,0,0,0,1,0,0,0,0,0,0,0,0,0,1,0,1,0,0,0,0,0,0,0,0,0,0,0
0077.txt,finite,84,84,77.581,1,0,0,0,1,0,0,0,0,0,0,0,0,0,0,0,0,0,1,0,0,0,32,0,0,0,49820,0
0077.txt,combined,84,84,77.593,1,1,0,0,1,0,1,0,1,0,1,0,1,0,1,0,1,0,1,24,0,0,32,0,0,0,49820,0
0078.txt,repeat,268,268,0.85,1,0,0,0,1,0,1,0,1,0,1,0,0,0,0,0,0,0,0,114,0,0,0,0,0,0,0,0
0078.txt,mono,268,268,0.028,1,0,0,0,1,0,0,0,0,0,0,0,1,0,0,0,0,0,0,0,0,0,0,0,0,0,0,0
0078.txt,orientation,268,268,0.268,1,0,0,0,1,0,0,0,0,0,0,0,0,0,1,0,1,0,0,0,0,0,0,0,0,0,0,0
0078.txt,finite,268,267,211.794,2,0,0,0,1,0,0,0,0,0,0,0,0,0,0,0,0,1,2,0,0,0,64,0,0,0,139871,0
0078.txt,combined,268,267,214.092,2,2,0,0,1,0,2,0,2,0,2,0,2,0,2,0,2,1,2,228,0,0,64,0,0,0,139871,0
0079.txt,repeat,71,71,0.139,1,0,0,0,1,0,1,0,1,0,1,0,0,0,0,0,0,0,0,26,0,0,0,0,0,0,0,0
0079.txt,mono,71,71,0.009,1,0,0,0,1,0,0,0,0,0,0,0,1,0,0,0,0,0,0,0,0,0,0,0,0,0,0,0
0079.txt,orientation,71,71,0.054,1,0,0,0,1,0,0,0,0,0,0,0,0,0,1,0,1,0,0,0,0,0,0,0,0,0,0,0
0079.txt,finite,71,71,47.114,1,0,0,0,1,0,0,0,0,0,0,0,0,0,0,0,0,0,1,0,0,0,32,0,0,0,37885,0
0079.txt,combined,71,71,47.228,1,1,0,0,1,0,1,0,1,0,1,0,1,0,1,0,1,0,1,26,0,0,32,0,0,0,37885,0
0080.txt,repeat,189,189,0.513,1,0,0,0,1,0,1,0,1,0,1,0,0,0,0,0,0,0,0,67,0,0,0,0,0,0,0,0
0080.txt,mono,189,189,0.02,1,0,0,0,1,0,0,0,0,0,0,0,1,0,0,0,0,0,0,0,0,0,0,0,0,0,0,0
0080.txt,orientation,189,189,0.181,1,0,0,0,1,0,0,0,0,0,0,0,0,0,1,0,1,0,0,0,0,0,0,0,0,0,0,0
0080.txt,finite,189,189,93.474,1,0,0,0,1,0,0,0,0,0,0,0,0,0,0,0,0,0,1,0,0,0,32,0,0,0,47075,0
0080.txt,combined,189,189,94.441,1,1,0,0,1,0,1,0,1,0,1,0,1,0,1,0,1,0,1,67,0,0,32,0,0,0,47075,0
0081.txt,repeat,379,379,1.247,1,0,0,0,1,0,1,0,1,0,1,0,0,0,0,0,0,0,0,189,0,0,0,0,0,0,0,0
0081.txt,mono,379,379,0.039,1,0,0,0,1,0,0,0,0,0,0,0,1,0,0,0,0,0,0,0,0,0,0,0,0,0,0,0
0081.txt,orientation,379,379,0.356,1,0,0,0,1,0,0,0,0,0,0,0,0,0,1,0,1,0,0,0,0,0,0,0,0,0,0,0
0081.txt,finite,379,379,100.511,1,0,0,0,1,0,0,0,0,0,0,0,0,0,0,0,0,0,1,0,0,0,32,0,0,0,36510,0
0081.txt,combined,379,379,102.333,1,1,0,0,1,0,1,0,1,0,1,0,1,0,1,0,1,0,1,189,0,0,32,0,0,0,36510,0
0082.txt,repeat,328,328,0.871,1,0,0,0,1,0,1,0,1,0,1,0,0,0,0,0,0,0,0,126,0,0,0,0,0,0,0,0
0082.txt,mono,328,328,0.028,1,0,0,0,1,0,0,0,0,0,0,0,1,0,0,0,0,0,0,0,0,0,0,0,0,0,0,0
0082.txt,orientation,328,328,0.363,1,0,0,0,1,0,0,0,0,0,0,0,0,0,1,0,1,0,0,0,0,0,0,0,0,0,0,0
0082.txt,finite,328,327,119.003,2,0,0,0,1,0,0,0,0,0,0,0,0,0,0,0,0,1,2,0,0,0,64,0,0,0,45447,0
0082.txt,combined,328,327,121.384,2,2,0,0,1,0,2,0,2,0,2,0,2,0,2,0,2,1,2,252,0,0,64,0,0,0,45447,0
0083.txt,repeat,168,168,0.38,1,0,0,0,1,0,1,0,1,0,1,0,0,0,0,0,0,0,0,62,0,0,0,0,0,0,0,0
0083.txt,mono,168,168,0.02,1,0,0,0,1,0,0,0,0,0,0,0,1,0,0,0,0,0,0,0,0,0,0,0,0,0,0,0
0083.txt,orientation,168,168,0.165,1,0,0,0,1,0,0,0,0,0,0,0,0,0,1,0,1,0,0,0,0,0,0,0,0,0,0,0
0083.txt,finite,168,168,23.473,1,0,0,0,1,0,0,0,0,0,0,0,0,0,0,0,0,0,1,0,0,0,32,0,0,0,14504,0
0083.txt,combined,168,168,24.295,1,1,0,0,1,0,1,0,1,0,1,0,1,0,1,0,1,0,1,62,0,0,32,0,0,0,14504,0
0084.txt,repeat,325,325,0.937,1,0,0,0,1,0,1,0,1,0,1,0,0,0,0,0,0,0,0,137,0,0,0,0,0,0,0,0
0084.txt,mono,325,325,0.036,1,0,0,0,1,0,0,0,0,0,0,0,1,0,0,0,0,0,0,0,0,0,0,0,0,0,0,0
0084.txt,orientation,325,325,0.391,1,0,0,0,1,0,0,0,0,0,0,0,0,0,1,0,1,0,0,0,0,0,0,0,0,0,0,0
0084.txt,finite,325,322,151.221,2,0,0,0,1,0,0,0,0,0,0,0,0,0,0,0,0,3,2,0,0,0,64,0,0,0,56320,0
0084.txt,combined,325,321,152.431,3,2,0,0,1,0,3,0,3,1,3,0,3,0,3,0,3,3,2,407,0,0,64,0,0,0,56320,0
0085.txt,repeat,209,209,0.573,1,0,0,0,1,0,1,0,1,0,1,0,0,0,0,0,0,0,0,101,0,0,0,0,0,0,0,0
0085.txt,mono,209,209,0.022,1,0,0,0,1,0,0,0,0,0,0,0,1,0,0,0,0,0,0,0,0,0,0,0,0,0,0,0
0085.txt,orientation,209,209,0.177,1,0,0,0,1,0,0,0,0,0,0,0,0,0,1,0,1,0,0,0,0,0,0,0,0,0,0,0
0085.txt,finite,209,207,107.256,3,0,0,0,1,0,0,0,0,0,0,0,0,0,0,0,0,2,3,0,0,0,96,0,0,0,50983,0
0085.txt,combined,209,207,109.543,3,3,0,0,1,0,3,0,3,0,3,0,3,0,3,0,3,2,3,300,0,0,96,0,0,0,50983,0
0086.txt,repeat,97,97,0.143,1,0,0,0,1,0,1,0,1,0,1,0,0,0,0,0,0,0,0,26,0,0,0,0,0,0,0,0
0086.txt,mono,97,97,0.014,1,0,0,0,1,0,0,0,0,0,0,0,1,0,0,0,0,0,0,0,0,0,0,0,0,0,0,0
0086.txt,orientation,97,97,0.073,1,0,0,0,1,0,0,0,0,0,0,0,0,0,1,0,1,0,0,0,0,0,0,0,0,0,0,0
0086.txt,finite,97,96,114.447,2,0,0,0,1,0,0,0,0,0,0,0,0,0,0,0,0,1,2,0,0,0,64,0,0,0,138894,0
0086.txt,combined,97,96,114.486,2,2,0,0,1,0,2,0,2,0,2,0,2,0,2,0,2,1,2,51,0,0,64,0,0,0,138894,0
0087.txt,repeat,114,114,0.44,1,0,0,0,1,0,1,0,1,0,1,0,0,0,0,0,0,0,0,64,0,0,0,0,0,0,0,0
0087.txt,mono,114,114,0.016,1,0,0,0,1,0,0,0,0,0,0,0,1,0,0,0,0,0,0,0,0,0,0,0,0,0,0,0
0087.txt,orientation,114,114,0.23,1,0,0,0,1,0,0,0,0,0,0,0,0,0,1,0,1,0,0,0,0,0,0,0,0,0,0,0
0087.txt,finite,114,114,56.077,1,0,0,0,1,0,0,0,0,0,0,0,0,0,0,0,0,0,1,0,0,0,32,0,0,0,23863,0
0087.txt,combined,114,114,56.363,1,1,0,0,1,0,1,0,1,0,1,0,1,0,1,0,1,0,1,64,0,0,32,0,0,0,23863,0
0088.txt,repeat,149,149,0.469,1,0,0,0,1,0,1,0,1,0,1,0,0,0,0,0,0,0,0,71,0,0,0,0,0,0,0,0
0088.txt,mono,149,149,0.017,1,0,0,0,1,0,0,0,0,0,0,0,1,0,0,0,0,0,0,0,0,0,0,0,0,0,0,0
0088.txt,orientation,149,149,0.116,1,0,0,0,1,0,0,0,0,0,0,0,0,0,1,0,1,0,0,0,0,0,0,0,0,0,0,0
0088.txt,finite,149,149,62.282,1,0,0,0,1,0,0,0,0,0,0,0,0,0,0,0,0,0,1,0,0,0,32,0,0,0,38646,0
0088.txt,combined,149,149,63.432,1,1,0,0,1,0,1,0,1,0,1,0,1,0,1,0,1,0,1,71,0,0,32,0,0,0,38646,0
0089.txt,repeat,350,350,1.218,1,0,0,0,1,0,1,0,1,0,1,0,0,0,0,0,0,0,0,178,0,0,0,0,0,0,0,0
0089.txt,mono,350,350,0.039,1,0,0,0,1,0,0,0,0,0,0,0,1,0,0,0,0,0,0,0,0,0,0,0,0,0,0,0
0089.txt,orientation,350,350,0.454,1,0,0,0,1,0,0,0,0,0,0,0,0,0,1,0,1,0,0,0,0,0,0,0,0,0,0,0
0089.txt,finite,350,350,61.795,1,0,0,0,1,0,0,0,0,0,0,0,0,0,0,0,0,0,1,0,0,0,32,0,0,0,18935,0
0089.txt,combined,350,350,63.807,1,1,0,0,1,0,1,0,1,0,1,0,1,0,1,0,1,0,1,178,0,0,32,0,0,0,18935,0
0090.txt,repeat,154,154,0.615,1,0,0,0,1,0,1,0,1,0,1,0,0,0,0,0,0,0,0,98,0,0,0,0,0,0,0,0
0090.txt,mono,154,154,0.018,1,0,0,0,1,0,0,0,0,0,0,0,1,0,0,0,0,0,0,0,0,0,0,0,0,0,0,0
0090.txt,orientation,154,154,0.158,1,0,0,0,1,0,0,0,0,0,0,0,0,0,1,0,1,0,0,0,0,0,0,0,0,0,0,0
0090.txt,finite,154,154,40.109,1,0,0,0,1,0,0,0,0,0,0,0,0,0,0,0,0,0,1,0,0,0,32,0,0,0,29430,0
0090.txt,combined,154,154,40.717,1,1,0,0,1,0,1,0,1,0,1,0,1,0,1,0,1,0,1,98,0,0,32,0,0,0,29430,0
0091.txt,repeat,103,103,0.289,1,0,0,0,1,0,1,0,1,0,1,0,0,0,0,0,0,0,0,45,0,0,0,0,0,0,0,0
0091.txt,mono,103,103,0.012,1,0,0,0,1,0,0,0,0,0,0,0,1,0,0,0,0,0,0,0,0,0,0,0,0,0,0,0
0091.txt,orientation,103,103,0.094,1,0,0,0,1,0,0,0,0,0,0,0,0,0,1,0,1,0,0,0,0,0,0,0,0,0,0,0
0091.txt,finite,103,103,28.641,1,0,0,0,1,0,0,0,0,0,0,0,0,0,0,0,0,0,1,0,0,0,32,0,0,0,11236,0
0091.txt,combined,103,103,28.68,1,1,0,0,1,0,1,0,1,0,1,0,1,0,1,0,1,0,1,45,0,0,32,0,0,0,11236,0
0092.txt,repeat,568,566,4.191,2,0,0,0,1,0,2,1,2,1,2,0,0,0,0,0,0,0,0,651,0,0,0,0,0,0,0,0
0092.txt,mono,568,568,0.057,1,0,0,0,1,0,0,0,0,0,0,0,1,0,0,0,0,0,0,0,0,0,0,0,0,0,0,0
0092.txt,orientation,568,568,0.549,1,0,0,0,1,0,0,0,0,0,0,0,0,0,1,0,1,0,0,0,0,0,0,0,0,0,0,0
0092.txt,finite,568,566,148.279,2,0,0,0,1,0,0,0,0,0,0,0,0,0,0,0,0,2,2,0,0,0,64,0,0,0,79157,0
0092.txt,combined,568,564,155.993,3,2,0,0,1,0,3,1,3,1,3,0,3,0,3,0,3,2,2,978,0,0,64,0,0,0,79157,0
0093.txt,repeat,86,86,0.157,1,0,0,0,1,0,1,0,1,0,1,0,0,0,0,0,0,0,0,30,0,0,0,0,0,0,0,0
0093.txt,mono,86,86,0.014,1,0,0,0,1,0,0,0,0,0,0,0,1,0,0,0,0,0,0,0,0,0,0,0,0,0,0,0
0093.txt,orientation,86,86,0.077,1,0,0,0,1,0,0,0,0,0,0,0,0,0,1,0,1,0,0,0,0,0,0,0,0,0,0,0
0093.txt,finite,86,86,40.171,1,0,0,0,1,0,0,0,0,0,0,0,0,0,0,0,0,0,1,0,0,0,32,0,0,0,29016,0
0093.txt,combined,86,86,40.421,1,1,0,0,1,0,1,0,1,0,1,0,1,0,1,0,1,0,1,30,0,0,32,0,0,0,29016,0
0094.txt,repeat,117,117,0.343,1,0,0,0,1,0,1,0,1,0,1,0,0,0,0,0,0,0,0,62,0,0,0,0,0,0,0,0
0094.txt,mono,117,117,0.015,1,0,0,0,1,0,0,0,0,0,0,0,1,0,0,0,0,0,0,0,0,0,0,0,0,0,0,0
0094.txt,orientation,117,117,0.102,1,0,0,0,1,0,0,0,0,0,0,0,0,0,1,0,1,0,0,0,0,0,0,0,0,0,0,0
0094.txt,finite,117,117,43.722,1,0,0,0,1,0,0,0,0,0,0,0,0,0,0,0,0,0,1,0,0,0,32,0,0,0,12508,0
0094.txt,combined,117,117,43.397,1,1,0,0,1,0,1,0,1,0,1,0,1,0,1,0,1,0,1,62,0,0,32,0,0,0,12508,0
0095.txt,repeat,253,253,0.842,1,0,0,0,1,0,1,0,1,0,1,0,0,0,0,0,0,0,0,126,0,0,0,0,0,0,0,0
0095.txt,mono,253,253,0.029,1,0,0,0,1,0,0,0,0,0,0,0,1,0,0,0,0,0,0,0,0,0,0,0,0,0,0,0
0095.txt,orientation,253,253,0.231,1,0,0,0,1,0,0,0,0,0,0,0,0,0,1,0,1,0,0,0,0,0,0,0,0,0,0,0
0095.txt,finite,253,253,55.291,1,0,0,0,1,0,0,0,0,0,0,0,0,0,0,0,0,0,1,0,0,0,32,0,0,0,25565,0
0095.txt,combined,253,253,54.059,1,1,0,0,1,0,1,0,1,0,1,0,1,0,1,0,1,0,1,126,0,0,32,0,0,0,25565,0
0096.txt,repeat,80,80,0.173,1,0,0,0,1,0,1,0,1,0,1,0,0,0,0,0,0,0,0,32,0,0,0,0,0,0,0,0
0096.txt,mono,80,80,0.01,1,0,0,0,1,0,0,0,0,0,0,0,1,0,0,0,0,0,0,0,0,0,0,0,0,0,0,0
0096.txt,orientation,80,80,0.068,1,0,0,0,1,0,0,0,0,0,0,0,0,0,1,0,1,0,0,0,0,0,0,0,0,0,0,0
0096.txt,finite,80,80,39.02,1,0,0,0,1,0,0,0,0,0,0,0,0,0,0,0,0,0,1,0,0,0,32,0,0,0,8211,0
0096.txt,combined,80,80,38.587,1,1,0,0,1,0,1,0,1,0,1,0,1,0,1,0,1,0,1,32,0,0,32,0,0,0,8211,0
0097.txt,repeat,539,538,4.856,2,0,0,0,1,0,2,0,2,1,2,0,0,0,0,0,0,0,0,649,0,0,0,0,0,0,0,0
0097.txt,mono,539,539,0.047,1,0,0,0,1,0,0,0,0,0,0,0,1,0,0,0,0,0,0,0,0,0,0,0,0,0,0,0
0097.txt,orientation,539,539,0.796,1,0,0,0,1,0,0,0,0,0,0,0,0,0,1,0,1,0,0,0,0,0,0,0,0,0,0,0
0097.txt,finite,539,539,46.179,1,0,0,0,1,0,0,0,0,0,0,0,0,0,0,0,0,0,1,0,0,0,32,0,0,0,30944,0
0097.txt,combined,539,538,52.582,2,1,0,0,1,0,2,0,2,1,2,0,2,0,2,0,2,0,1,649,0,0,32,0,0,0,30944,0
0098.txt,repeat,129,129,0.346,1,0,0,0,1,0,1,0,1,0,1,0,0,0,0,0,0,0,0,65,0,0,0,0,0,0,0,0
0098.txt,mono,129,129,0.016,1,0,0,0,1,0,0,0,0,0,0,0,1,0,0,0,0,0,0,0,0,0,0,0,0,0,0,0
0098.txt,orientation,129,129,0.095,1,0,0,0,1,0,0,0,0,0,0,0,0,0,1,0,1,0,0,0,0,0,0,0,0,0,0,0
0098.txt,finite,129,129,40.994,1,0,0,0,1,0,0,0,0,0,0,0,0,0,0,0,0,0,1,0,0,0,32,0,0,0,20831,0
0098.txt,combined,129,129,41.165,1,1,0,0,1,0,1,0,1,0,1,0,1,0,1,0,1,0,1,65,0,0,32,0,0,0,20831,0
0099.txt,repeat,185,185,0.49,1,0,0,0,1,0,1,0,1,0,1,0,0,0,0,0,0,0,0,77,0,0,0,0,0,0,0,0
0099.txt,mono,185,185,0.021,1,0,0,0,1,0,0,0,0,0,0,0,1,0,0,0,0,0,0,0,0,0,0,0,0,0,0,0
0099.txt,orientation,185,185,0.169,1,0,0,0,1,0,0,0,0,0,0,0,0,0,1,0,1,0,0,0,0,0,0,0,0,0,0,0
0099.txt,finite,185,184,119.233,2,0,0,0,1,0,0,0,0,0,0,0,0,0,0,0,0,1,2,0,0,0,64,0,0,0,52999,0
0099.txt,combined,185,184,122.795,2,2,0,0,1,0,2,0,2,0,2,0,2,0,2,0,2,1,2,155,0,0,64,0,0,0,52999,0
