set,case,v315,v111,v319,v800_reference
in,0000.txt,43,43,43,43
in,0001.txt,102,101,101,100
in,0002.txt,105,107,106,104
in,0003.txt,120,123,120,115
in,0004.txt,252,243,240,234
in,0005.txt,593,629,617,483
in,0006.txt,115,118,116,107
in,0007.txt,114,112,109,110
in,0008.txt,124,120,125,120
in,0009.txt,80,82,82,80
in,0010.txt,71,69,69,69
in,0011.txt,155,151,150,145
in,0012.txt,121,124,124,119
in,0013.txt,180,175,176,168
in,0014.txt,347,341,342,331
in,0015.txt,508,522,512,459
in,0016.txt,128,120,125,119
in,0017.txt,194,193,195,186
in,0018.txt,74,73,74,70
in,0019.txt,587,567,585,512
in,0020.txt,141,143,139,133
in,0021.txt,67,65,66,64
in,0022.txt,68,69,68,65
in,0023.txt,84,85,86,76
in,0024.txt,120,123,119,115
in,0025.txt,57,57,57,56
in,0026.txt,121,128,120,118
in,0027.txt,136,141,136,130
in,0028.txt,243,254,254,234
in,0029.txt,239,242,238,227
in,0030.txt,434,426,425,382
in,0031.txt,119,118,118,117
in,0032.txt,138,140,144,138
in,0033.txt,137,141,136,127
in,0034.txt,391,393,395,373
in,0035.txt,62,62,62,62
in,0036.txt,200,203,201,183
in,0037.txt,237,234,239,228
in,0038.txt,124,125,127,120
in,0039.txt,119,120,116,107
in,0040.txt,137,139,137,130
in,0041.txt,86,88,85,84
in,0042.txt,305,295,294,292
in,0043.txt,166,158,159,148
in,0044.txt,176,177,176,163
in,0045.txt,189,189,187,184
in,0046.txt,147,145,147,139
in,0047.txt,309,301,300,288
in,0048.txt,215,222,225,205
in,0049.txt,178,180,184,175
in,0050.txt,139,140,136,135
in,0051.txt,113,119,121,113
in,0052.txt,190,187,183,174
in,0053.txt,129,122,122,121
in,0054.txt,287,289,287,264
in,0055.txt,285,278,274,254
in,0056.txt,193,192,190,185
in,0057.txt,234,225,228,218
in,0058.txt,282,295,302,269
in,0059.txt,68,68,67,66
in,0060.txt,154,156,153,141
in,0061.txt,267,260,263,256
in,0062.txt,162,165,164,158
in,0063.txt,253,254,241,230
in,0064.txt,188,185,187,182
in,0065.txt,131,126,126,114
in,0066.txt,396,397,387,359
in,0067.txt,200,195,196,188
in,0068.txt,401,390,383,354
in,0069.txt,131,130,131,124
in,0070.txt,393,396,396,362
in,0071.txt,396,391,386,357
in,0072.txt,89,88,88,87
in,0073.txt,225,225,226,208
in,0074.txt,95,97,96,92
in,0075.txt,337,344,341,315
in,0076.txt,259,254,249,234
in,0077.txt,85,81,82,81
in,0078.txt,248,246,244,236
in,0079.txt,70,67,67,65
in,0080.txt,168,168,168,159
in,0081.txt,335,341,340,309
in,0082.txt,303,307,301,282
in,0083.txt,165,165,169,156
in,0084.txt,306,304,308,275
in,0085.txt,199,207,199,187
in,0086.txt,96,94,93,92
in,0087.txt,113,108,110,107
in,0088.txt,144,140,143,143
in,0089.txt,338,339,334,314
in,0090.txt,154,152,152,147
in,0091.txt,99,99,99,96
in,0092.txt,511,510,511,451
in,0093.txt,81,80,81,81
in,0094.txt,117,117,117,114
in,0095.txt,222,231,236,214
in,0096.txt,81,83,83,78
in,0097.txt,563,545,544,464
in,0098.txt,130,125,125,120
in,0099.txt,184,180,183,171
validation1,0000.txt,157,162,162,
validation1,0001.txt,75,76,75,
validation1,0002.txt,552,545,537,
validation1,0003.txt,166,161,162,
validation1,0004.txt,196,190,193,
validation1,0005.txt,128,122,124,
validation1,0006.txt,133,131,136,
validation1,0007.txt,292,285,295,
validation1,0008.txt,112,117,116,
validation1,0009.txt,60,61,61,
validation1,0010.txt,213,218,214,
validation1,0011.txt,379,362,362,
validation1,0012.txt,151,152,155,
validation1,0013.txt,245,244,256,
validation1,0014.txt,130,128,127,
validation1,0015.txt,178,175,177,
validation1,0016.txt,421,425,421,
validation1,0017.txt,361,361,371,
validation1,0018.txt,108,112,111,
validation1,0019.txt,161,165,161,
validation1,0020.txt,107,107,105,
validation1,0021.txt,105,105,103,
validation1,0022.txt,283,283,280,
validation1,0023.txt,269,276,277,
validation1,0024.txt,107,104,107,
validation1,0025.txt,193,195,196,
validation1,0026.txt,257,253,252,
validation1,0027.txt,208,195,197,
validation1,0028.txt,94,95,95,
validation1,0029.txt,166,167,169,
validation1,0030.txt,474,471,476,
validation1,0031.txt,141,137,137,
validation1,0032.txt,175,168,170,
validation1,0033.txt,172,167,169,
validation1,0034.txt,399,416,413,
validation1,0035.txt,519,528,525,
validation1,0036.txt,262,249,251,
validation1,0037.txt,283,283,282,
validation1,0038.txt,153,152,151,
validation1,0039.txt,165,168,168,
validation1,0040.txt,222,230,221,
validation1,0041.txt,227,227,229,
validation1,0042.txt,166,164,166,
validation1,0043.txt,148,146,145,
validation1,0044.txt,142,139,139,
validation1,0045.txt,183,188,186,
validation1,0046.txt,448,451,441,
validation1,0047.txt,443,449,432,
validation1,0048.txt,87,83,83,
validation1,0049.txt,114,114,113,
validation1,0050.txt,201,199,200,
validation1,0051.txt,129,131,131,
validation1,0052.txt,384,379,388,
validation1,0053.txt,167,168,170,
validation1,0054.txt,62,63,63,
validation1,0055.txt,136,133,135,
validation1,0056.txt,89,89,89,
validation1,0057.txt,245,249,252,
validation1,0058.txt,191,191,187,
validation1,0059.txt,77,81,81,
validation1,0060.txt,140,143,144,
validation1,0061.txt,344,338,335,
validation1,0062.txt,279,290,294,
validation1,0063.txt,83,83,82,
validation1,0064.txt,218,217,216,
validation1,0065.txt,212,221,213,
validation1,0066.txt,78,77,76,
validation1,0067.txt,233,231,229,
validation1,0068.txt,328,310,312,
validation1,0069.txt,177,176,175,
validation1,0070.txt,128,133,127,
validation1,0071.txt,471,488,479,
validation1,0072.txt,130,128,126,
validation1,0073.txt,271,268,265,
validation1,0074.txt,109,111,111,
validation1,0075.txt,217,221,229,
validation1,0076.txt,88,88,88,
validation1,0077.txt,158,153,157,
validation1,0078.txt,412,407,395,
validation1,0079.txt,283,282,284,
validation1,0080.txt,204,192,199,
validation1,0081.txt,215,219,217,
validation1,0082.txt,273,260,270,
validation1,0083.txt,159,160,162,
validation1,0084.txt,133,129,131,
validation1,0085.txt,75,74,74,
validation1,0086.txt,140,139,140,
validation1,0087.txt,97,97,96,
validation1,0088.txt,83,86,87,
validation1,0089.txt,334,329,337,
validation1,0090.txt,377,381,388,
validation1,0091.txt,340,322,320,
validation1,0092.txt,507,522,515,
validation1,0093.txt,110,109,110,
validation1,0094.txt,112,110,114,
validation1,0095.txt,198,203,204,
validation1,0096.txt,76,76,76,
validation1,0097.txt,157,158,164,
validation1,0098.txt,115,115,116,
validation1,0099.txt,154,153,151,
validation1,0100.txt,503,501,499,
validation1,0101.txt,85,88,87,
validation1,0102.txt,225,217,224,
validation1,0103.txt,87,87,88,
validation1,0104.txt,136,136,137,
validation1,0105.txt,100,102,104,
validation1,0106.txt,119,126,125,
validation1,0107.txt,325,326,327,
validation1,0108.txt,57,57,57,
validation1,0109.txt,251,241,238,
validation1,0110.txt,158,158,156,
validation1,0111.txt,67,65,65,
validation1,0112.txt,103,100,105,
validation1,0113.txt,160,158,157,
validation1,0114.txt,86,86,84,
validation1,0115.txt,322,315,328,
validation1,0116.txt,106,104,105,
validation1,0117.txt,415,427,422,
validation1,0118.txt,389,376,389,
validation1,0119.txt,78,79,79,
validation1,0120.txt,304,318,308,
validation1,0121.txt,392,383,392,
validation1,0122.txt,76,76,76,
validation1,0123.txt,204,196,204,
validation1,0124.txt,179,189,186,
validation1,0125.txt,360,368,370,
validation1,0126.txt,122,118,119,
validation1,0127.txt,52,51,51,
validation1,0128.txt,308,306,315,
validation1,0129.txt,152,154,157,
validation1,0130.txt,289,286,285,
validation1,0131.txt,253,263,258,
validation1,0132.txt,310,309,310,
validation1,0133.txt,538,524,539,
validation1,0134.txt,417,429,419,
validation1,0135.txt,268,266,266,
validation1,0136.txt,166,167,164,
validation1,0137.txt,166,164,163,
validation1,0138.txt,253,256,261,
validation1,0139.txt,227,227,221,
validation1,0140.txt,230,235,233,
validation1,0141.txt,334,327,332,
validation1,0142.txt,244,243,239,
validation1,0143.txt,142,147,145,
validation1,0144.txt,51,51,51,
validation1,0145.txt,177,178,175,
validation1,0146.txt,381,380,381,
validation1,0147.txt,122,127,128,
validation1,0148.txt,338,338,324,
validation1,0149.txt,58,58,58,
validation1,0150.txt,110,112,111,
validation1,0151.txt,123,124,127,
validation1,0152.txt,193,187,184,
validation1,0153.txt,247,243,260,
validation1,0154.txt,166,160,158,
validation1,0155.txt,236,229,231,
validation1,0156.txt,95,94,94,
validation1,0157.txt,475,466,461,
validation1,0158.txt,125,129,127,
validation1,0159.txt,167,170,175,
validation1,0160.txt,112,108,108,
validation1,0161.txt,321,322,324,
validation1,0162.txt,197,185,185,
validation1,0163.txt,160,163,162,
validation1,0164.txt,167,168,168,
validation1,0165.txt,193,196,188,
validation1,0166.txt,139,140,137,
validation1,0167.txt,112,111,111,
validation1,0168.txt,161,160,162,
validation1,0169.txt,257,250,255,
validation1,0170.txt,116,115,117,
validation1,0171.txt,143,139,142,
validation1,0172.txt,196,198,202,
validation1,0173.txt,188,186,189,
validation1,0174.txt,87,87,90,
validation1,0175.txt,186,188,190,
validation1,0176.txt,321,310,303,
validation1,0177.txt,96,95,98,
validation1,0178.txt,468,449,455,
validation1,0179.txt,354,354,348,
validation1,0180.txt,140,140,138,
validation1,0181.txt,159,153,153,
validation1,0182.txt,326,325,323,
validation1,0183.txt,240,241,247,
validation1,0184.txt,75,73,73,
validation1,0185.txt,158,156,160,
validation1,0186.txt,242,242,236,
validation1,0187.txt,203,207,205,
validation1,0188.txt,381,374,371,
validation1,0189.txt,140,136,134,
validation1,0190.txt,247,250,252,
validation1,0191.txt,125,122,125,
validation1,0192.txt,63,62,63,
validation1,0193.txt,387,383,385,
validation1,0194.txt,205,212,216,
validation1,0195.txt,386,367,375,
validation1,0196.txt,331,331,329,
validation1,0197.txt,96,94,93,
validation1,0198.txt,254,247,248,
validation1,0199.txt,161,156,156,
validation1,0200.txt,47,47,48,
validation1,0201.txt,313,307,307,
validation1,0202.txt,56,56,56,
validation1,0203.txt,194,194,190,
validation1,0204.txt,203,203,199,
validation1,0205.txt,328,314,318,
validation1,0206.txt,353,355,357,
validation1,0207.txt,69,69,69,
validation1,0208.txt,112,110,110,
validation1,0209.txt,80,82,82,
validation1,0210.txt,233,235,234,
validation1,0211.txt,142,144,144,
validation1,0212.txt,126,124,121,
validation1,0213.txt,60,60,60,
validation1,0214.txt,79,77,77,
validation1,0215.txt,360,361,361,
validation1,0216.txt,223,221,217,
validation1,0217.txt,72,69,70,
validation1,0218.txt,334,342,346,
validation1,0219.txt,513,507,507,
validation1,0220.txt,338,343,343,
validation1,0221.txt,200,203,198,
validation1,0222.txt,114,115,113,
validation1,0223.txt,250,238,249,
validation1,0224.txt,244,247,243,
validation1,0225.txt,131,129,129,
validation1,0226.txt,150,146,148,
validation1,0227.txt,283,285,279,
validation1,0228.txt,193,195,192,
validation1,0229.txt,163,168,174,
validation1,0230.txt,57,56,56,
validation1,0231.txt,301,299,298,
validation1,0232.txt,275,280,286,
validation1,0233.txt,98,94,94,
validation1,0234.txt,146,148,144,
validation1,0235.txt,415,409,413,
validation1,0236.txt,121,120,118,
validation1,0237.txt,167,171,170,
validation1,0238.txt,257,264,262,
validation1,0239.txt,130,133,133,
validation1,0240.txt,203,220,217,
validation1,0241.txt,259,264,253,
validation1,0242.txt,88,93,91,
validation1,0243.txt,259,255,254,
validation1,0244.txt,272,276,278,
validation1,0245.txt,199,189,193,
validation1,0246.txt,303,311,309,
validation1,0247.txt,336,344,344,
validation1,0248.txt,253,250,250,
validation1,0249.txt,250,247,243,
validation1,0250.txt,534,520,526,
validation1,0251.txt,247,248,251,
validation1,0252.txt,483,489,496,
validation1,0253.txt,164,167,165,
validation1,0254.txt,410,421,410,
validation1,0255.txt,209,210,215,
validation1,0256.txt,173,169,171,
validation1,0257.txt,273,271,274,
validation1,0258.txt,284,278,281,
validation1,0259.txt,107,107,108,
validation1,0260.txt,114,114,113,
validation1,0261.txt,143,138,139,
validation1,0262.txt,234,232,229,
validation1,0263.txt,197,200,202,
validation1,0264.txt,143,138,148,
validation1,0265.txt,157,151,154,
validation1,0266.txt,111,104,106,
validation1,0267.txt,107,110,108,
validation1,0268.txt,104,102,102,
validation1,0269.txt,408,401,416,
validation1,0270.txt,118,119,119,
validation1,0271.txt,385,390,387,
validation1,0272.txt,292,299,300,
validation1,0273.txt,284,287,289,
validation1,0274.txt,181,180,180,
validation1,0275.txt,202,188,190,
validation1,0276.txt,232,228,233,
validation1,0277.txt,495,467,468,
validation1,0278.txt,140,144,140,
validation1,0279.txt,526,514,517,
validation1,0280.txt,467,480,482,
validation1,0281.txt,77,73,77,
validation1,0282.txt,173,183,183,
validation1,0283.txt,211,215,207,
validation1,0284.txt,631,583,583,
validation1,0285.txt,367,364,365,
validation1,0286.txt,119,119,119,
validation1,0287.txt,172,169,176,
validation1,0288.txt,110,107,106,
validation1,0289.txt,135,130,129,
validation1,0290.txt,407,409,414,
validation1,0291.txt,216,212,220,
validation1,0292.txt,82,78,82,
validation1,0293.txt,443,440,444,
validation1,0294.txt,203,196,195,
validation1,0295.txt,497,494,499,
validation1,0296.txt,371,374,370,
validation1,0297.txt,213,212,209,
validation1,0298.txt,496,494,489,
validation1,0299.txt,105,101,104,
validation1,0300.txt,215,210,211,
validation1,0301.txt,286,295,297,
validation1,0302.txt,167,171,171,
validation1,0303.txt,65,67,69,
validation1,0304.txt,110,106,106,
validation1,0305.txt,407,404,400,
validation1,0306.txt,564,558,571,
validation1,0307.txt,96,92,94,
validation1,0308.txt,353,343,341,
validation1,0309.txt,150,152,154,
validation1,0310.txt,364,365,358,
validation1,0311.txt,101,101,102,
validation1,0312.txt,153,146,154,
validation1,0313.txt,313,317,316,
validation1,0314.txt,89,87,91,
validation1,0315.txt,194,189,190,
validation1,0316.txt,299,306,299,
validation1,0317.txt,265,270,262,
validation1,0318.txt,88,86,85,
validation1,0319.txt,254,260,254,
validation1,0320.txt,67,65,65,
validation1,0321.txt,370,377,391,
validation1,0322.txt,151,148,149,
validation1,0323.txt,386,392,380,
validation1,0324.txt,109,119,114,
validation1,0325.txt,79,78,78,
validation1,0326.txt,79,79,79,
validation1,0327.txt,207,205,199,
validation1,0328.txt,179,182,185,
validation1,0329.txt,111,110,108,
validation1,0330.txt,263,264,270,
validation1,0331.txt,442,430,425,
validation1,0332.txt,141,141,141,
validation1,0333.txt,149,153,155,
validation1,0334.txt,342,342,349,
validation1,0335.txt,224,223,231,
validation1,0336.txt,132,137,135,
validation1,0337.txt,527,519,513,
validation1,0338.txt,137,128,137,
validation1,0339.txt,160,160,158,
validation1,0340.txt,161,163,162,
validation1,0341.txt,226,222,230,
validation1,0342.txt,159,152,153,
validation1,0343.txt,352,346,346,
validation1,0344.txt,104,103,103,
validation1,0345.txt,424,430,433,
validation1,0346.txt,235,236,230,
validation1,0347.txt,144,142,148,
validation1,0348.txt,437,443,427,
validation1,0349.txt,265,266,255,
validation1,0350.txt,110,109,109,
validation1,0351.txt,217,204,212,
validation1,0352.txt,187,191,188,
validation1,0353.txt,167,165,165,
validation1,0354.txt,111,113,110,
validation1,0355.txt,175,178,176,
validation1,0356.txt,416,395,393,
validation1,0357.txt,329,340,335,
validation1,0358.txt,60,60,60,
validation1,0359.txt,297,311,302,
validation1,0360.txt,151,152,154,
validation1,0361.txt,277,273,279,
validation1,0362.txt,112,116,113,
validation1,0363.txt,136,138,135,
validation1,0364.txt,145,149,148,
validation1,0365.txt,155,150,151,
validation1,0366.txt,152,154,150,
validation1,0367.txt,162,165,162,
validation1,0368.txt,280,281,281,
validation1,0369.txt,106,107,105,
validation1,0370.txt,163,167,163,
validation1,0371.txt,343,344,339,
validation1,0372.txt,90,89,91,
validation1,0373.txt,216,214,214,
validation1,0374.txt,220,220,224,
validation1,0375.txt,123,120,119,
validation1,0376.txt,306,292,309,
validation1,0377.txt,99,95,97,
validation1,0378.txt,185,179,177,
validation1,0379.txt,89,89,90,
validation1,0380.txt,584,580,592,
validation1,0381.txt,370,373,367,
validation1,0382.txt,138,142,143,
validation1,0383.txt,105,105,106,
validation1,0384.txt,189,182,183,
validation1,0385.txt,104,98,94,
validation1,0386.txt,96,94,96,
validation1,0387.txt,253,250,248,
validation1,0388.txt,198,204,201,
validation1,0389.txt,244,249,254,
validation1,0390.txt,318,317,310,
validation1,0391.txt,229,227,235,
validation1,0392.txt,283,279,274,
validation1,0393.txt,140,139,139,
validation1,0394.txt,409,411,418,
validation1,0395.txt,70,69,70,
validation1,0396.txt,143,145,145,
validation1,0397.txt,136,130,137,
validation1,0398.txt,231,240,246,
validation1,0399.txt,308,312,310,
validation1,0400.txt,734,742,739,
validation1,0401.txt,89,89,89,
validation1,0402.txt,196,195,195,
validation1,0403.txt,249,241,238,
validation1,0404.txt,304,302,308,
validation1,0405.txt,197,197,194,
validation1,0406.txt,50,50,50,
validation1,0407.txt,185,190,189,
validation1,0408.txt,419,417,412,
validation1,0409.txt,312,305,312,
validation1,0410.txt,195,198,193,
validation1,0411.txt,149,151,145,
validation1,0412.txt,297,285,288,
validation1,0413.txt,99,99,100,
validation1,0414.txt,340,358,347,
validation1,0415.txt,298,303,289,
validation1,0416.txt,122,117,117,
validation1,0417.txt,49,49,49,
validation1,0418.txt,154,162,160,
validation1,0419.txt,124,125,126,
validation1,0420.txt,172,166,168,
validation1,0421.txt,370,368,367,
validation1,0422.txt,203,194,195,
validation1,0423.txt,224,230,226,
validation1,0424.txt,366,362,361,
validation1,0425.txt,89,95,93,
validation1,0426.txt,162,160,159,
validation1,0427.txt,410,420,418,
validation1,0428.txt,257,261,262,
validation1,0429.txt,114,115,112,
validation1,0430.txt,197,200,198,
validation1,0431.txt,173,175,176,
validation1,0432.txt,394,381,390,
validation1,0433.txt,153,157,149,
validation1,0434.txt,190,183,183,
validation1,0435.txt,79,78,78,
validation1,0436.txt,131,132,132,
validation1,0437.txt,193,189,190,
validation1,0438.txt,401,402,393,
validation1,0439.txt,131,134,135,
validation1,0440.txt,246,243,251,
validation1,0441.txt,507,499,492,
validation1,0442.txt,501,479,467,
validation1,0443.txt,202,208,208,
validation1,0444.txt,91,89,90,
validation1,0445.txt,228,237,232,
validation1,0446.txt,113,110,109,
validation1,0447.txt,310,317,310,
validation1,0448.txt,160,155,156,
validation1,0449.txt,171,174,179,
validation1,0450.txt,198,204,203,
validation1,0451.txt,130,137,137,
validation1,0452.txt,367,362,357,
validation1,0453.txt,229,219,220,
validation1,0454.txt,161,161,163,
validation1,0455.txt,122,118,119,
validation1,0456.txt,77,77,77,
validation1,0457.txt,485,486,479,
validation1,0458.txt,123,123,124,
validation1,0459.txt,83,81,81,
validation1,0460.txt,151,150,150,
validation1,0461.txt,88,85,86,
validation1,0462.txt,281,287,292,
validation1,0463.txt,184,181,179,
validation1,0464.txt,189,186,189,
validation1,0465.txt,430,422,418,
validation1,0466.txt,379,379,367,
validation1,0467.txt,105,114,114,
validation1,0468.txt,280,279,272,
validation1,0469.txt,91,88,87,
validation1,0470.txt,109,106,106,
validation1,0471.txt,551,530,525,
validation1,0472.txt,272,266,263,
validation1,0473.txt,161,164,162,
validation1,0474.txt,96,94,95,
validation1,0475.txt,151,153,155,
validation1,0476.txt,255,253,246,
validation1,0477.txt,221,229,226,
validation1,0478.txt,120,121,123,
validation1,0479.txt,119,122,124,
validation1,0480.txt,267,265,266,
validation1,0481.txt,121,127,126,
validation1,0482.txt,140,139,146,
validation1,0483.txt,472,462,462,
validation1,0484.txt,344,332,323,
validation1,0485.txt,257,277,274,
validation1,0486.txt,203,196,199,
validation1,0487.txt,469,448,445,
validation1,0488.txt,51,52,53,
validation1,0489.txt,257,267,270,
validation1,0490.txt,298,302,299,
validation1,0491.txt,179,170,171,
validation1,0492.txt,141,140,141,
validation1,0493.txt,121,121,121,
validation1,0494.txt,130,131,129,
validation1,0495.txt,177,181,178,
validation1,0496.txt,85,81,81,
validation1,0497.txt,143,145,141,
validation1,0498.txt,281,280,274,
validation1,0499.txt,136,140,140,
