case,kind,extract_calls,insert_calls,insert_success,parent_extract_ns,new_extract_ns,parent_insert_ns,new_insert_ns,equal,flexible_calls,flexible_success,paired_calls,paired_success,mask_checks
0000,0,63,167,164,151000,160000,2.27e+06,2.288e+06,1,31,28,64,58,13176
0000,1,20,137,137,69000,52000,2.062e+06,1.805e+06,1,31,28,64,58,13176
0001,0,167,356,292,695000,894000,9.234e+06,1.2187e+07,1,81,43,64,25,29568
0001,1,131,690,605,520000,548000,2.4872e+07,2.7175e+07,1,81,43,64,25,29568
0002,0,222,610,574,626000,630000,1.472e+07,1.5238e+07,1,95,70,64,39,27426
0002,1,85,481,433,269000,262000,1.5032e+07,1.5486e+07,1,95,70,64,39,27426
0003,0,196,385,327,1.134e+06,1.165e+06,1.1914e+07,1.2817e+07,1,102,53,64,15,91060
0003,1,131,693,612,751000,751000,2.9561e+07,3.1401e+07,1,102,53,64,15,91060
0004,0,569,1139,959,4.176e+06,4.172e+06,7.6439e+07,7.7283e+07,1,277,170,64,25,80928
0004,1,352,1336,1085,3.321e+06,3.252e+06,1.11705e+08,1.12928e+08,1,277,170,64,25,80928
0005,0,1029,1755,1391,1.4304e+07,1.4025e+07,2.49337e+08,2.47143e+08,1,642,271,64,16,134479
0005,1,686,2024,1565,1.1459e+07,1.11e+07,3.78142e+08,3.75353e+08,1,642,271,64,16,134479
0006,0,257,588,518,870000,887000,1.2751e+07,1.2969e+07,1,111,79,64,29,18782
0006,1,149,654,556,635000,622000,1.7736e+07,1.8066e+07,1,111,79,64,29,18782
0007,0,261,665,586,992000,905000,1.748e+07,1.718e+07,1,117,80,64,27,22289
0007,1,143,742,635,553000,520000,2.3871e+07,2.4129e+07,1,117,80,64,27,22289
0008,0,242,381,321,1.271e+06,1.209e+06,1.3156e+07,1.3072e+07,1,115,65,64,17,25029
0008,1,169,685,587,885000,908000,3.1623e+07,3.2249e+07,1,115,65,64,17,25029
0009,0,113,287,259,355000,346000,6.755e+06,7.262e+06,1,53,37,64,24,35021
0009,1,79,470,396,280000,283000,1.4397e+07,1.533e+07,1,53,37,64,24,35021
0010,0,131,351,319,261000,272000,5.593e+06,5.823e+06,1,54,38,64,44,12675
0010,1,64,341,291,126000,133000,6.413e+06,6.712e+06,1,54,38,64,44,12675
0011,0,365,705,598,2.034e+06,1.998e+06,2.7173e+07,2.7544e+07,1,151,79,64,16,50189
0011,1,242,1075,908,1.459e+06,1.466e+06,5.3116e+07,5.4277e+07,1,151,79,64,16,50189
0012,0,223,415,363,940000,951000,1.2661e+07,1.3036e+07,1,119,69,64,14,24802
0012,1,115,495,399,585000,601000,1.8863e+07,1.9757e+07,1,119,69,64,14,24802
0013,0,275,650,573,1.351e+06,1.344e+06,2.3234e+07,2.3937e+07,1,131,86,64,24,47922
0013,1,171,742,618,1.08e+06,1.064e+06,3.3553e+07,3.4587e+07,1,131,86,64,24,47922
0014,0,843,1704,1474,9.391e+06,9.183e+06,2.10631e+08,2.05171e+08,1,397,228,64,26,152619
0014,1,606,2647,2279,8.134e+06,7.629e+06,4.17937e+08,4.07065e+08,1,397,228,64,26,152619
0015,0,1008,2088,1743,1.441e+07,1.4019e+07,3.20252e+08,3.15944e+08,1,522,273,64,19,191086
0015,1,751,3259,2657,1.3822e+07,1.3192e+07,6.36715e+08,6.27896e+08,1,522,273,64,19,191086
0016,0,274,626,540,1.427e+06,1.411e+06,2.1373e+07,2.2212e+07,1,125,73,64,28,41994
0016,1,184,887,750,1.108e+06,1.107e+06,4.3364e+07,4.439e+07,1,125,73,64,28,41994
0017,0,576,1371,1270,3.41e+06,3.321e+06,7.6585e+07,7.5908e+07,1,233,161,64,30,56043
0017,1,304,1553,1370,2.037e+06,1.965e+06,1.08698e+08,1.08152e+08,1,233,161,64,30,56043
0018,0,117,246,211,354000,380000,5.453e+06,5.705e+06,1,59,43,64,38,15887
0018,1,76,391,333,245000,251000,9.702e+06,1.0093e+07,1,59,43,64,38,15887
0019,0,1423,3045,2631,2.3894e+07,2.3163e+07,5.89349e+08,5.77202e+08,1,667,366,64,18,300298
0019,1,1093,5444,4708,2.2659e+07,2.1171e+07,1.50679e+09,1.44034e+09,1,667,366,64,18,300298
0020,0,375,805,721,1.853e+06,1.835e+06,3.2439e+07,3.2352e+07,1,149,100,64,30,37669
0020,1,243,1279,1115,1.465e+06,1.459e+06,6.6208e+07,6.5987e+07,1,149,100,64,30,37669
0021,0,114,268,233,381000,366000,4.851e+06,5.082e+06,1,41,25,64,26,27948
0021,1,87,445,394,274000,255000,1.1613e+07,1.1883e+07,1,41,25,64,26,27948
0022,0,91,208,184,309000,293000,3.72e+06,3.694e+06,1,40,22,64,18,23433
0022,1,65,344,292,188000,207000,7.188e+06,7.642e+06,1,40,22,64,18,23433
0023,0,130,259,213,537000,510000,5.782e+06,5.933e+06,1,65,32,64,24,26148
0023,1,87,356,306,357000,374000,1.004e+07,1.0827e+07,1,65,32,64,24,26148
0024,0,153,383,327,614000,609000,1.2195e+07,1.2826e+07,1,83,43,64,21,34128
0024,1,102,588,500,437000,438000,2.447e+07,2.5526e+07,1,83,43,64,21,34128
0025,0,117,280,248,236000,232000,3.851e+06,4.207e+06,1,42,27,64,39,32901
0025,1,54,298,273,85000,83000,5.154e+06,5.7e+06,1,42,27,64,39,32901
0026,0,201,495,438,880000,898000,1.6256e+07,1.7664e+07,1,94,62,64,27,65684
0026,1,118,572,479,624000,629000,2.5485e+07,2.722e+07,1,94,62,64,27,65684
0027,0,252,512,468,1.09e+06,1.113e+06,1.4288e+07,1.4992e+07,1,114,73,64,28,22525
0027,1,157,703,599,853000,810000,2.5975e+07,2.6048e+07,1,114,73,64,28,22525
0028,0,465,960,834,3.354e+06,3.266e+06,5.2787e+07,5.3242e+07,1,238,145,64,20,75924
0028,1,290,1061,882,2.901e+06,2.877e+06,7.9389e+07,8.1122e+07,1,238,145,64,20,75924
0029,0,597,1360,1168,4.593e+06,4.55e+06,8.9969e+07,9.0917e+07,1,261,152,64,32,117354
0029,1,422,2040,1715,3.704e+06,3.614e+06,1.86872e+08,1.88327e+08,1,261,152,64,32,117354
0030,0,672,1252,1137,5.906e+06,5.818e+06,8.4726e+07,8.607e+07,1,332,182,64,26,128068
0030,1,321,996,852,3.184e+06,3.179e+06,8.5201e+07,8.7496e+07,1,332,182,64,26,128068
0031,0,227,584,513,944000,908000,1.6114e+07,1.6513e+07,1,95,60,64,37,32436
0031,1,125,636,527,756000,779000,2.2717e+07,2.3283e+07,1,95,60,64,37,32436
0032,0,268,553,489,1.43e+06,1.389e+06,2.4197e+07,2.4479e+07,1,128,73,64,15,53682
0032,1,192,946,822,1.137e+06,1.183e+06,5.4497e+07,5.6647e+07,1,128,73,64,15,53682
0033,0,354,725,646,1.907e+06,1.915e+06,2.712e+07,2.7472e+07,1,135,75,64,25,46080
0033,1,230,1155,1063,1.095e+06,1.103e+06,5.9256e+07,5.9881e+07,1,135,75,64,25,46080
0034,0,692,1607,1434,6.228e+06,6.055e+06,1.43071e+08,1.42426e+08,1,365,235,64,34,140244
0034,1,339,1517,1281,3.632e+06,3.504e+06,1.64799e+08,1.64799e+08,1,365,235,64,34,140244
0035,0,56,118,103,152000,158000,1.434e+06,1.501e+06,1,25,17,64,30,13280
0035,1,51,206,190,56000,53000,2.767e+06,2.956e+06,1,25,17,64,30,13280
0036,0,528,1212,1063,3.3e+06,3.312e+06,6.5969e+07,6.6484e+07,1,219,126,64,16,68412
0036,1,329,1661,1445,2.419e+06,2.368e+06,1.18032e+08,1.18307e+08,1,219,126,64,16,68412
0037,0,411,840,723,3.199e+06,3.151e+06,3.8092e+07,3.9534e+07,1,187,102,64,13,92106
0037,1,321,1106,906,3.531e+06,3.491e+06,6.8829e+07,7.1267e+07,1,187,102,64,13,92106
0038,0,225,512,472,884000,880000,1.6392e+07,1.7025e+07,1,98,70,64,35,35163
0038,1,88,307,254,461000,467000,1.0383e+07,1.0858e+07,1,98,70,64,35,35163
0039,0,159,354,286,833000,843000,1.1114e+07,1.1917e+07,1,74,37,64,24,62676
0039,1,117,610,504,805000,825000,2.9474e+07,3.1165e+07,1,74,37,64,24,62676
0040,0,123,235,189,685000,690000,8.142e+06,8.667e+06,1,76,41,64,13,37284
0040,1,102,495,409,655000,648000,2.2924e+07,2.4105e+07,1,76,41,64,13,37284
0041,0,236,594,542,680000,716000,1.4309e+07,1.5381e+07,1,91,67,64,36,36579
0041,1,123,631,535,391000,392000,1.8418e+07,1.8724e+07,1,91,67,64,36,36579
0042,0,648,1404,1231,6.324e+06,6.286e+06,1.14741e+08,1.15854e+08,1,284,164,64,20,182866
0042,1,407,1933,1675,4.515e+06,4.42e+06,2.29739e+08,2.31099e+08,1,284,164,64,20,182866
0043,0,222,490,393,1.202e+06,1.151e+06,1.7385e+07,1.7276e+07,1,119,69,64,24,34536
0043,1,166,807,668,1.028e+06,964000,3.5308e+07,3.5576e+07,1,119,69,64,24,34536
0044,0,394,914,771,2.215e+06,2.215e+06,3.732e+07,3.7795e+07,1,177,114,64,24,53424
0044,1,278,1425,1198,1.807e+06,1.816e+06,7.5921e+07,7.7559e+07,1,177,114,64,24,53424
0045,0,477,984,913,2.224e+06,2.175e+06,3.681e+07,3.7525e+07,1,212,120,64,27,48366
0045,1,219,711,619,1.342e+06,1.307e+06,2.9775e+07,3.0036e+07,1,212,120,64,27,48366
0046,0,325,884,798,1.184e+06,1.15e+06,2.9774e+07,2.9706e+07,1,152,121,64,43,26480
0046,1,127,703,616,558000,565000,2.6153e+07,2.7071e+07,1,152,121,64,43,26480
0047,0,688,1531,1309,6.771e+06,6.488e+06,1.21022e+08,1.17975e+08,1,352,182,64,25,102672
0047,1,479,2247,1899,5.319e+06,4.973e+06,2.28731e+08,2.23545e+08,1,352,182,64,25,102672
0048,0,588,1510,1353,3.307e+06,3.281e+06,8.6993e+07,8.7502e+07,1,238,159,64,32,58590
0048,1,294,1418,1198,2.144e+06,2.095e+06,9.8881e+07,9.862e+07,1,238,159,64,32,58590
0049,0,508,1071,932,3.485e+06,3.455e+06,5.8945e+07,5.9439e+07,1,214,142,64,32,61005
0049,1,310,1544,1326,2.595e+06,2.636e+06,1.0949e+08,1.09202e+08,1,214,142,64,32,61005
0050,0,238,496,423,1.123e+06,1.17e+06,1.7112e+07,1.7679e+07,1,114,67,64,22,23850
0050,1,164,735,605,893000,896000,3.2917e+07,3.3392e+07,1,114,67,64,22,23850
0051,0,232,624,576,801000,797000,1.7636e+07,1.8217e+07,1,104,79,64,35,32820
0051,1,133,740,641,521000,498000,2.7992e+07,2.8486e+07,1,104,79,64,35,32820
0052,0,386,911,811,2.568e+06,2.566e+06,4.9058e+07,4.9503e+07,1,180,119,64,24,61064
0052,1,283,1470,1257,2.114e+06,2.027e+06,1.02656e+08,1.03399e+08,1,180,119,64,24,61064
0053,0,241,595,543,975000,963000,1.7835e+07,1.8602e+07,1,101,63,64,23,34164
0053,1,120,558,465,536000,549000,2.0714e+07,2.1558e+07,1,101,63,64,23,34164
0054,0,553,1262,1075,4.829e+06,4.726e+06,1.10037e+08,1.10735e+08,1,283,158,64,15,92175
0054,1,337,1676,1438,3.618e+06,3.509e+06,1.87519e+08,1.88652e+08,1,283,158,64,15,92175
0055,0,754,1502,1303,7.826e+06,7.678e+06,1.11551e+08,1.10745e+08,1,320,162,64,20,144294
0055,1,545,2366,2030,6.757e+06,6.658e+06,2.3366e+08,2.34293e+08,1,320,162,64,20,144294
0056,0,405,1065,948,2.38e+06,2.539e+06,5.8107e+07,6.1549e+07,1,196,112,64,19,53263
0056,1,237,1187,977,1.985e+06,1.916e+06,7.4004e+07,7.3719e+07,1,196,112,64,19,53263
0057,0,509,1193,1068,3.118e+06,2.997e+06,5.2345e+07,5.3407e+07,1,215,141,64,28,78362
0057,1,298,1331,1138,2.633e+06,2.6e+06,8.3391e+07,8.5883e+07,1,215,141,64,28,78362
0058,0,459,1101,948,4.385e+06,3.555e+06,1.25072e+08,8.1895e+07,1,263,157,64,25,80208
0058,1,262,1068,884,2.591e+06,2.522e+06,9.8273e+07,9.9309e+07,1,263,157,64,25,80208
0059,0,104,253,228,273000,274000,4.32e+06,4.64e+06,1,40,33,64,43,38252
0059,1,77,402,360,172000,193000,8.286e+06,9.198e+06,1,40,33,64,43,38252
0060,0,194,284,199,1.226e+06,1.129e+06,8.916e+06,8.901e+06,1,105,45,64,14,40893
0060,1,169,525,369,1.162e+06,1.214e+06,2.2817e+07,2.4052e+07,1,105,45,64,14,40893
0061,0,539,1091,969,3.641e+06,3.614e+06,6.7519e+07,6.695e+07,1,268,130,64,19,58761
0061,1,251,790,635,2.315e+06,2.209e+06,5.8897e+07,5.8257e+07,1,268,130,64,19,58761
0062,0,388,915,814,2.098e+06,2.092e+06,4.4116e+07,4.4726e+07,1,158,101,64,28,61885
0062,1,218,1096,955,1.396e+06,1.287e+06,6.9369e+07,6.7477e+07,1,158,101,64,28,61885
0063,0,403,726,611,2.867e+06,2.847e+06,3.3943e+07,3.4876e+07,1,212,107,64,21,69570
0063,1,288,1075,906,2.556e+06,2.52e+06,7.5914e+07,7.7089e+07,1,212,107,64,21,69570
0064,0,301,703,630,1.417e+06,1.455e+06,2.3026e+07,2.4667e+07,1,126,75,64,31,53174
0064,1,143,652,552,813000,791000,2.4418e+07,2.5275e+07,1,126,75,64,31,53174
0065,0,187,378,310,909000,928000,1.1918e+07,1.2688e+07,1,91,53,64,21,36596
0065,1,135,698,592,701000,677000,3.5115e+07,3.5857e+07,1,91,53,64,21,36596
0066,0,663,1103,862,7.515e+06,7.431e+06,1.00491e+08,1.00562e+08,1,391,183,64,17,98717
0066,1,443,1644,1301,6.346e+06,6.136e+06,2.14523e+08,2.14031e+08,1,391,183,64,17,98717
0067,0,283,648,557,1.33e+06,1.302e+06,2.5912e+07,2.6362e+07,1,148,89,64,24,45914
0067,1,144,567,465,792000,744000,3.2293e+07,3.2541e+07,1,148,89,64,24,45914
0068,0,993,2140,1892,1.0339e+07,1.0135e+07,1.9794e+08,1.99291e+08,1,428,261,64,19,172296
0068,1,563,2567,2194,7.059e+06,6.882e+06,3.03659e+08,3.06244e+08,1,428,261,64,19,172296
0069,0,227,526,474,816000,792000,1.4024e+07,1.4307e+07,1,110,81,64,31,20883
0069,1,142,785,690,544000,531000,2.9302e+07,3.0217e+07,1,110,81,64,31,20883
0070,0,772,1696,1422,8.795e+06,8.7e+06,2.03952e+08,2.0386e+08,1,399,217,64,28,167496
0070,1,532,2600,2199,7.468e+06,7.319e+06,4.22647e+08,4.21055e+08,1,399,217,64,28,167496
0071,0,774,1406,1258,8.59e+06,8.335e+06,1.30684e+08,1.31499e+08,1,423,206,64,20,140214
0071,1,472,1438,1206,6.715e+06,6.85e+06,1.85654e+08,1.91112e+08,1,423,206,64,20,140214
0072,0,137,306,277,452000,466000,7.954e+06,8.44e+06,1,67,47,64,34,31500
0072,1,91,402,354,321000,332000,1.3605e+07,1.4367e+07,1,67,47,64,34,31500
0073,0,527,1337,1212,3.197e+06,3.159e+06,7.2369e+07,7.3013e+07,1,251,167,64,29,48531
0073,1,316,1650,1443,2.243e+06,2.173e+06,1.13368e+08,1.1358e+08,1,251,167,64,29,48531
0074,0,224,509,454,765000,723000,1.0283e+07,1.047e+07,1,90,60,64,33,17010
0074,1,144,634,535,509000,519000,1.5931e+07,1.6596e+07,1,90,60,64,33,17010
0075,0,647,1438,1224,6.085e+06,5.88e+06,1.1667e+08,1.16069e+08,1,307,172,64,24,122526
0075,1,455,2148,1734,5.606e+06,5.403e+06,2.3903e+08,2.40101e+08,1,307,172,64,24,122526
0076,0,553,1061,907,4.257e+06,4.199e+06,6.7299e+07,6.7403e+07,1,274,140,64,20,64990
0076,1,373,1277,1047,3.443e+06,3.429e+06,1.17747e+08,1.18385e+08,1,274,140,64,20,64990
0077,0,179,409,359,574000,578000,9.34e+06,9.783e+06,1,76,44,64,28,18234
0077,1,127,735,624,523000,509000,2.1429e+07,2.1413e+07,1,76,44,64,28,18234
0078,0,507,1019,855,3.672e+06,3.555e+06,5.0929e+07,5.0879e+07,1,237,127,64,24,73300
0078,1,346,1405,1104,3.484e+06,3.452e+06,9.9571e+07,1.0113e+08,1,237,127,64,24,73300
0079,0,91,198,167,264000,264000,3.167e+06,3.425e+06,1,38,21,64,31,22306
0079,1,77,374,331,206000,201000,8.484e+06,8.876e+06,1,38,21,64,31,22306
0080,0,427,903,768,2.766e+06,2.757e+06,3.9944e+07,4.0324e+07,1,208,125,64,24,48803
0080,1,344,1533,1304,2.645e+06,2.608e+06,9.6243e+07,9.7056e+07,1,208,125,64,24,48803
0081,0,835,1785,1549,7.848e+06,7.665e+06,1.79534e+08,1.77783e+08,1,393,228,64,22,126667
0081,1,489,2010,1640,5.442e+06,5.323e+06,2.5611e+08,2.54643e+08,1,393,228,64,22,126667
0082,0,699,1560,1314,6.299e+06,6.276e+06,1.24495e+08,1.26499e+08,1,335,176,64,26,91972
0082,1,516,2190,1812,5.736e+06,5.604e+06,2.57579e+08,2.57206e+08,1,335,176,64,26,91972
0083,0,383,818,705,2.027e+06,2.029e+06,3.1256e+07,3.1623e+07,1,188,113,64,31,30354
0083,1,238,832,649,1.9e+06,1.836e+06,4.1357e+07,4.0886e+07,1,188,113,64,31,30354
0084,0,740,1465,1287,6.038e+06,6.003e+06,1.11953e+08,1.12605e+08,1,342,194,64,20,84102
0084,1,395,1476,1194,4.367e+06,4.285e+06,1.30003e+08,1.29057e+08,1,342,194,64,20,84102
0085,0,294,584,522,1.692e+06,1.683e+06,2.1411e+07,2.2556e+07,1,144,90,64,21,67290
0085,1,183,736,624,1.327e+06,1.326e+06,3.5151e+07,3.6702e+07,1,144,90,64,21,67290
0086,0,133,299,267,387000,397000,5.705e+06,5.958e+06,1,70,41,64,33,14124
0086,1,77,396,342,260000,228000,9.575e+06,9.519e+06,1,70,41,64,33,14124
0087,0,238,610,569,880000,853000,2.1007e+07,2.1347e+07,1,90,74,64,34,58406
0087,1,115,613,548,464000,441000,2.8149e+07,2.8943e+07,1,90,74,64,34,58406
0088,0,313,811,725,1.488e+06,1.482e+06,3.0493e+07,3.1519e+07,1,147,101,64,38,49607
0088,1,199,1002,858,1.185e+06,1.155e+06,5.0237e+07,5.134e+07,1,147,101,64,38,49607
0089,0,728,1390,1190,8.017e+06,7.748e+06,1.34865e+08,1.34575e+08,1,335,188,64,25,146216
0089,1,511,2249,1869,6.813e+06,6.491e+06,2.88074e+08,2.869e+08,1,335,188,64,25,146216
0090,0,175,381,326,841000,842000,1.4182e+07,1.4735e+07,1,93,55,64,22,45360
0090,1,124,473,389,637000,645000,2.3846e+07,2.5101e+07,1,93,55,64,22,45360
0091,0,222,505,469,662000,662000,1.1418e+07,1.1884e+07,1,82,61,64,39,23251
0091,1,89,441,389,285000,282000,1.1318e+07,1.1704e+07,1,82,61,64,39,23251
0092,0,1011,2014,1756,1.3325e+07,1.2666e+07,2.6339e+08,2.59632e+08,1,532,298,64,16,194730
0092,1,634,2469,2068,1.0568e+07,1.0204e+07,4.34844e+08,4.3378e+08,1,532,298,64,16,194730
0093,0,112,257,235,281000,285000,5.288e+06,5.524e+06,1,55,36,64,34,13639
0093,1,43,157,122,125000,132000,3.825e+06,3.992e+06,1,55,36,64,34,13639
0094,0,231,603,572,756000,751000,1.4536e+07,1.5581e+07,1,87,77,64,50,67649
0094,1,113,608,548,355000,344000,2.0127e+07,2.1146e+07,1,87,77,64,50,67649
0095,0,585,1270,1107,4.025e+06,3.999e+06,7.6754e+07,7.7043e+07,1,270,152,64,24,62460
0095,1,346,1539,1231,3.116e+06,3.028e+06,1.19921e+08,1.19725e+08,1,270,152,64,24,62460
0096,0,206,538,496,498000,504000,1.1614e+07,1.2082e+07,1,75,49,64,32,33945
0096,1,98,519,430,299000,297000,1.2824e+07,1.3473e+07,1,75,49,64,32,33945
0097,0,795,1539,1242,1.0485e+07,1.0338e+07,1.82754e+08,1.83802e+08,1,457,233,64,27,177348
0097,1,520,1851,1505,8.631e+06,8.266e+06,3.3918e+08,3.37399e+08,1,457,233,64,27,177348
0098,0,244,494,436,1.048e+06,1.006e+06,1.4982e+07,1.5156e+07,1,94,55,64,29,33262
0098,1,162,818,719,690000,702000,3.3348e+07,3.4844e+07,1,94,55,64,29,33262
0099,0,373,715,598,2.498e+06,2.493e+06,3.2727e+07,3.3525e+07,1,171,82,64,15,85924
0099,1,272,1397,1210,1.884e+06,1.871e+06,8.8121e+07,9.0293e+07,1,171,82,64,15,85924
