case,repeat,fold,baseline,learned,difference,oracle,changed,chosen_discarded,discarded_oracle
0,124101,3,149,149,0,145,False,False,145
0,124102,3,144,144,0,144,False,False,147
0,124103,3,148,148,0,144,False,False,144
0,124104,3,145,145,0,145,False,False,145
1,124101,3,494,494,0,494,False,False,496
1,124102,3,490,490,0,490,False,False,496
1,124103,3,495,495,0,483,False,False,487
1,124104,3,496,496,0,495,False,False,505
2,124101,2,274,287,13,274,True,False,281
2,124102,2,280,280,0,275,False,False,280
2,124103,2,279,279,0,279,False,False,279
2,124104,2,279,279,0,279,True,False,287
3,124101,0,211,211,0,201,False,False,204
3,124102,0,210,210,0,207,False,False,207
3,124103,0,208,204,-4,204,True,False,205
3,124104,0,203,203,0,203,False,False,206
4,124101,3,473,485,12,473,True,False,486
4,124102,3,478,478,0,477,False,False,487
4,124103,3,478,478,0,473,False,False,483
4,124104,3,480,480,0,480,False,False,486
5,124101,3,76,76,0,74,False,False,74
5,124102,3,74,74,0,74,False,False,75
5,124103,3,73,73,0,73,False,False,76
5,124104,3,73,73,0,73,False,False,76
6,124101,3,130,130,0,130,False,False,136
6,124102,3,135,135,0,131,False,False,134
6,124103,3,136,136,0,130,False,False,135
6,124104,3,130,130,0,130,False,False,134
7,124101,0,321,321,0,321,False,False,323
7,124102,0,331,331,0,324,False,False,324
7,124103,0,324,324,0,320,False,False,320
7,124104,0,328,328,0,317,False,False,317
8,124101,1,234,234,0,234,False,False,240
8,124102,1,236,236,0,236,False,False,242
8,124103,1,238,238,0,237,False,False,237
8,124104,1,246,246,0,242,False,False,242
9,124101,0,239,238,-1,238,True,False,240
9,124102,0,237,237,0,237,False,False,237
9,124103,0,236,236,0,236,False,False,241
9,124104,0,235,235,0,234,False,False,241
10,124101,3,593,593,0,593,False,False,600
10,124102,3,592,583,-9,583,True,False,603
10,124103,3,583,583,0,583,False,False,599
10,124104,3,586,586,0,586,False,False,601
11,124101,0,478,478,0,478,False,False,486
11,124102,0,469,469,0,467,False,False,490
11,124103,0,479,479,0,476,False,False,476
11,124104,0,479,479,0,479,False,False,483
12,124101,2,169,169,0,169,False,False,177
12,124102,2,171,171,0,171,False,False,176
12,124103,2,177,177,0,174,False,False,176
12,124104,2,173,173,0,173,False,False,175
13,124101,0,119,119,0,114,False,False,114
13,124102,0,118,118,0,112,False,False,114
13,124103,0,116,116,0,116,False,False,117
13,124104,0,115,115,0,114,True,False,114
14,124101,0,290,297,7,290,True,False,296
14,124102,0,301,298,-3,293,True,False,293
14,124103,0,296,296,0,296,False,False,302
14,124104,0,299,295,-4,295,True,False,302
15,124101,0,90,90,0,90,False,False,91
15,124102,0,91,91,0,88,False,False,88
15,124103,0,88,88,0,88,False,False,89
15,124104,0,91,91,0,91,False,False,92
16,124101,3,178,175,-3,175,True,False,184
16,124102,3,177,177,0,177,False,False,177
16,124103,3,179,179,0,179,False,False,179
16,124104,3,180,176,-4,176,True,False,180
17,124101,1,144,144,0,143,False,False,150
17,124102,1,147,147,0,144,False,False,144
17,124103,1,144,144,0,143,False,False,143
17,124104,1,146,144,-2,144,True,False,146
18,124101,2,90,89,-1,89,True,True,89
18,124102,2,89,89,0,89,False,False,90
18,124103,2,89,91,2,89,True,False,91
18,124104,2,90,90,0,90,False,False,90
19,124101,1,52,52,0,52,False,False,52
19,124102,1,55,52,-3,52,True,True,52
19,124103,1,52,52,0,52,False,False,53
19,124104,1,51,51,0,51,False,False,54
20,124101,1,68,68,0,68,False,False,71
20,124102,1,66,66,0,66,False,False,70
20,124103,1,69,69,0,69,False,False,69
20,124104,1,70,69,-1,69,True,True,69
21,124101,0,309,309,0,309,False,False,319
21,124102,0,301,301,0,301,False,False,313
21,124103,0,307,299,-8,299,True,False,311
21,124104,0,308,308,0,302,False,False,324
22,124101,2,73,73,0,73,False,False,74
22,124102,2,75,75,0,75,False,False,77
22,124103,2,74,74,0,73,False,False,73
22,124104,2,75,75,0,75,False,False,75
23,124101,0,105,105,0,104,False,False,105
23,124102,0,104,106,2,101,True,False,101
23,124103,0,101,101,0,100,False,False,102
23,124104,0,104,103,-1,103,True,False,104
24,124101,1,182,182,0,175,False,False,175
24,124102,1,174,174,0,174,False,False,178
24,124103,1,180,181,1,178,True,False,178
24,124104,1,173,173,0,173,False,False,177
25,124101,2,329,332,3,329,True,False,337
25,124102,2,342,342,0,332,False,False,332
25,124103,2,344,344,0,324,False,False,342
25,124104,2,337,337,0,334,False,False,339
26,124101,3,614,614,0,614,False,False,630
26,124102,3,607,607,0,607,False,False,640
26,124103,3,607,607,0,607,False,False,635
26,124104,3,620,620,0,620,False,False,642
27,124101,3,65,65,0,62,False,False,65
27,124102,3,63,63,0,63,False,False,63
27,124103,3,65,65,0,63,False,False,63
27,124104,3,62,62,0,62,False,False,64
28,124101,0,222,222,0,222,False,False,231
28,124102,0,231,231,0,227,False,False,230
28,124103,0,229,229,0,229,False,False,238
28,124104,0,232,232,0,227,False,False,238
29,124101,1,243,249,6,240,True,False,240
29,124102,1,238,238,0,232,False,False,238
29,124103,1,245,245,0,242,False,False,242
29,124104,1,244,244,0,244,False,False,246
30,124101,2,163,163,0,163,False,False,166
30,124102,2,168,168,0,164,False,False,164
30,124103,2,161,161,0,158,False,False,172
30,124104,2,164,164,0,161,False,False,163
31,124101,0,319,319,0,318,False,False,323
31,124102,0,310,310,0,310,False,False,320
31,124103,0,320,320,0,316,False,False,318
31,124104,0,320,320,0,320,False,False,322
32,124101,1,186,186,0,186,False,False,187
32,124102,1,189,189,0,189,False,False,190
32,124103,1,194,194,0,190,False,False,190
32,124104,1,194,194,0,193,False,False,195
33,124101,0,143,143,0,143,False,False,143
33,124102,0,143,143,0,140,False,False,142
33,124103,0,142,142,0,142,False,False,142
33,124104,0,145,145,0,141,False,False,141
34,124101,2,216,216,0,206,False,False,215
34,124102,2,205,205,0,205,False,False,209
34,124103,2,202,206,4,202,True,False,208
34,124104,2,210,210,0,206,False,False,207
35,124101,3,257,257,0,254,False,False,272
35,124102,3,258,258,0,250,False,False,250
35,124103,3,256,256,0,252,False,False,265
35,124104,3,266,266,0,258,False,False,258
36,124101,1,108,108,0,108,False,False,109
36,124102,1,107,107,0,107,True,False,113
36,124103,1,107,107,0,107,False,False,109
36,124104,1,110,110,0,106,False,False,106
37,124101,0,318,318,0,318,False,False,322
37,124102,0,320,320,0,310,False,False,318
37,124103,0,327,327,0,313,False,False,320
37,124104,0,325,325,0,323,False,False,323
38,124101,3,126,126,0,126,False,False,131
38,124102,3,129,129,0,129,False,False,133
38,124103,3,130,130,0,129,False,False,131
38,124104,3,132,132,0,131,False,False,131
39,124101,2,213,213,0,213,False,False,214
39,124102,2,215,215,0,212,False,False,212
39,124103,2,214,214,0,210,False,False,210
39,124104,2,216,216,0,215,False,False,215
40,124101,2,378,378,0,366,False,False,368
40,124102,2,372,372,0,366,False,False,368
40,124103,2,355,355,0,355,False,False,368
40,124104,2,384,374,-10,374,True,True,374
41,124101,3,214,214,0,214,False,False,218
41,124102,3,224,224,0,214,False,False,219
41,124103,3,212,212,0,212,False,False,213
41,124104,3,218,218,0,216,False,False,216
42,124101,3,496,496,0,496,False,False,502
42,124102,3,490,490,0,490,False,False,523
42,124103,3,498,498,0,498,False,False,498
42,124104,3,505,505,0,491,False,False,527
43,124101,0,203,203,0,200,False,False,204
43,124102,0,189,189,0,189,False,False,208
43,124103,0,197,197,0,193,False,False,193
43,124104,0,199,199,0,197,False,False,197
44,124101,0,534,534,0,534,False,False,551
44,124102,0,547,547,0,547,False,False,557
44,124103,0,551,551,0,546,False,False,552
44,124104,0,557,557,0,539,False,False,547
45,124101,2,181,181,0,172,False,False,185
45,124102,2,186,186,0,179,False,False,179
45,124103,2,177,177,0,177,False,False,183
45,124104,2,186,186,0,183,False,False,183
46,124101,2,345,345,0,343,False,False,346
46,124102,2,341,341,0,341,False,False,347
46,124103,2,344,344,0,342,False,False,348
46,124104,2,347,347,0,344,False,False,345
47,124101,0,445,445,0,445,False,False,454
47,124102,0,443,443,0,443,False,False,451
47,124103,0,454,454,0,443,False,False,451
47,124104,0,444,444,0,444,False,False,452
48,124101,2,293,293,0,293,False,False,295
48,124102,2,287,287,0,278,False,False,278
48,124103,2,291,291,0,291,False,False,294
48,124104,2,286,286,0,284,False,False,284
49,124101,0,207,209,2,204,True,False,204
49,124102,0,205,204,-1,204,True,False,211
49,124103,0,201,201,0,201,False,False,207
49,124104,0,198,198,0,198,False,False,203
50,124101,3,157,157,0,154,False,False,154
50,124102,3,156,156,0,155,False,False,155
50,124103,3,152,156,4,152,True,False,156
50,124104,3,157,157,0,152,False,False,152
51,124101,0,187,187,0,185,False,False,191
51,124102,0,189,189,0,186,False,False,186
51,124103,0,182,182,0,182,False,False,184
51,124104,0,186,186,0,186,False,False,189
52,124101,2,179,179,0,176,False,False,176
52,124102,2,177,177,0,177,False,False,181
52,124103,2,175,175,0,175,False,False,178
52,124104,2,185,188,3,173,True,False,173
53,124101,3,210,210,0,210,False,False,222
53,124102,3,207,207,0,207,False,False,212
53,124103,3,210,210,0,210,False,False,213
53,124104,3,208,208,0,208,False,False,213
54,124101,0,360,360,0,358,False,False,358
54,124102,0,352,352,0,352,False,False,356
54,124103,0,347,347,0,347,False,False,349
54,124104,0,359,359,0,359,False,False,363
55,124101,0,146,146,0,144,False,False,145
55,124102,0,149,149,0,148,False,False,148
55,124103,0,140,140,0,140,False,False,151
55,124104,0,144,144,0,142,False,False,142
56,124101,1,323,323,0,323,False,False,328
56,124102,1,328,326,-2,326,True,False,334
56,124103,1,330,334,4,329,True,False,329
56,124104,1,323,325,2,323,True,False,330
57,124101,1,194,194,0,193,False,False,193
57,124102,1,193,193,0,193,False,False,194
57,124103,1,192,192,0,189,False,False,189
57,124104,1,191,191,0,191,True,False,192
58,124101,1,112,112,0,112,False,False,113
58,124102,1,108,108,0,108,False,False,116
58,124103,1,113,113,0,113,False,False,114
58,124104,1,112,112,0,109,False,False,113
59,124101,0,182,176,-6,170,True,False,170
59,124102,0,172,169,-3,169,True,False,169
59,124103,0,170,170,0,170,False,False,174
59,124104,0,168,168,0,168,False,False,176
60,124101,1,183,183,0,174,False,False,174
60,124102,1,178,187,9,178,True,True,181
60,124103,1,180,180,0,176,False,False,176
60,124104,1,179,181,2,176,True,False,176
61,124101,0,62,62,0,62,False,False,62
61,124102,0,61,61,0,61,False,False,62
61,124103,0,61,61,0,61,False,False,63
61,124104,0,63,63,0,59,False,False,64
62,124101,2,161,161,0,160,False,False,167
62,124102,2,164,164,0,160,False,False,160
62,124103,2,164,157,-7,157,True,False,165
62,124104,2,163,163,0,160,False,False,163
63,124101,3,130,130,0,130,False,False,132
63,124102,3,133,133,0,133,False,False,135
63,124103,3,132,132,0,132,False,False,135
63,124104,3,130,130,0,130,False,False,137
64,124101,0,133,133,0,130,False,False,130
64,124102,0,135,138,3,130,True,True,133
64,124103,0,131,131,0,128,False,False,128
64,124104,0,132,133,1,132,True,False,132
65,124101,2,154,154,0,154,False,False,154
65,124102,2,150,150,0,150,False,False,156
65,124103,2,153,153,0,153,False,False,158
65,124104,2,153,153,0,153,False,False,158
66,124101,1,334,334,0,334,False,False,346
66,124102,1,343,344,1,337,True,True,337
66,124103,1,349,349,0,340,False,False,346
66,124104,1,333,333,0,333,False,False,334
67,124101,3,169,169,0,161,False,False,164
67,124102,3,166,166,0,161,False,False,161
67,124103,3,167,167,0,166,False,False,166
67,124104,3,168,168,0,165,False,False,165
68,124101,1,93,93,0,93,False,False,95
68,124102,1,92,92,0,92,False,False,93
68,124103,1,94,95,1,94,True,False,94
68,124104,1,95,95,0,93,False,False,93
69,124101,3,264,264,0,264,False,False,265
69,124102,3,273,273,0,261,False,False,267
69,124103,3,271,271,0,264,False,False,270
69,124104,3,263,274,11,263,True,False,272
70,124101,1,333,333,0,327,False,False,327
70,124102,1,341,341,0,324,False,False,324
70,124103,1,333,333,0,328,False,False,328
70,124104,1,323,323,0,323,False,False,333
71,124101,0,107,107,0,102,False,False,102
71,124102,0,104,102,-2,102,True,False,102
71,124103,0,104,104,0,102,False,False,102
71,124104,0,105,105,0,102,False,False,102
72,124101,3,413,414,1,413,True,False,436
72,124102,3,428,422,-6,422,True,False,426
72,124103,3,426,426,0,412,False,False,441
72,124104,3,411,411,0,411,False,False,443
73,124101,2,225,225,0,225,False,False,230
73,124102,2,236,236,0,231,False,False,231
73,124103,2,229,229,0,226,False,False,226
73,124104,2,237,237,0,224,False,False,224
74,124101,1,147,147,0,142,False,False,145
74,124102,1,144,144,0,143,False,False,143
74,124103,1,147,147,0,141,False,False,141
74,124104,1,144,144,0,144,False,False,146
75,124101,2,238,238,0,233,False,False,235
75,124102,2,239,239,0,236,False,False,239
75,124103,2,242,242,0,240,False,False,240
75,124104,2,235,235,0,235,False,False,236
76,124101,1,93,93,0,93,False,False,100
76,124102,1,97,97,0,95,False,False,99
76,124103,1,101,101,0,97,False,False,97
76,124104,1,96,96,0,93,False,False,103
77,124101,0,221,221,0,221,False,False,223
77,124102,0,221,221,0,220,False,False,220
77,124103,0,233,233,0,209,False,False,224
77,124104,0,216,216,0,216,False,False,227
78,124101,3,160,160,0,160,False,False,163
78,124102,3,159,159,0,159,False,False,165
78,124103,3,162,162,0,162,False,False,166
78,124104,3,162,162,0,159,False,False,159
79,124101,3,339,339,0,331,False,False,338
79,124102,3,336,338,2,336,True,True,338
79,124103,3,330,330,0,327,False,False,327
79,124104,3,338,347,9,333,True,False,333
80,124101,3,186,186,0,186,True,False,186
80,124102,3,187,187,0,187,False,False,194
80,124103,3,190,190,0,190,False,False,195
80,124104,3,195,195,0,189,False,False,189
81,124101,1,231,231,0,228,False,False,232
81,124102,1,226,226,0,226,False,False,234
81,124103,1,232,232,0,231,False,False,231
81,124104,1,236,236,0,232,False,False,232
82,124101,2,303,303,0,298,False,False,307
82,124102,2,297,297,0,297,False,False,303
82,124103,2,294,294,0,294,False,False,308
82,124104,2,304,304,0,289,False,False,302
83,124101,2,319,319,0,319,False,False,326
83,124102,2,321,321,0,321,False,False,329
83,124103,2,317,317,0,317,False,False,324
83,124104,2,325,321,-4,321,True,False,334
84,124101,1,280,280,0,280,False,False,287
84,124102,1,287,283,-4,275,True,False,275
84,124103,1,285,285,0,285,False,False,289
84,124104,1,293,280,-13,280,True,True,280
85,124101,1,153,148,-5,148,True,False,153
85,124102,1,155,155,0,150,False,False,152
85,124103,1,150,150,0,146,False,False,146
85,124104,1,152,152,0,148,False,False,148
86,124101,2,317,310,-7,310,True,False,313
86,124102,2,313,313,0,313,False,False,316
86,124103,2,310,310,0,310,False,False,313
86,124104,2,308,308,0,308,False,False,314
87,124101,3,143,143,0,143,False,False,151
87,124102,3,148,148,0,146,False,False,146
87,124103,3,146,146,0,144,False,False,144
87,124104,3,149,149,0,149,False,False,149
88,124101,3,275,275,0,275,False,False,278
88,124102,3,282,282,0,275,False,False,275
88,124103,3,282,282,0,281,False,False,281
88,124104,3,281,275,-6,275,True,True,275
89,124101,2,218,220,2,210,True,False,210
89,124102,2,209,209,0,209,False,False,216
89,124103,2,207,207,0,207,False,False,212
89,124104,2,208,223,15,208,True,False,209
90,124101,3,399,396,-3,380,True,False,380
90,124102,3,380,380,0,379,False,False,385
90,124103,3,390,391,1,390,True,False,404
90,124104,3,397,397,0,385,False,False,385
91,124101,3,217,217,0,210,False,False,210
91,124102,3,213,213,0,210,False,False,210
91,124103,3,212,212,0,212,False,False,215
91,124104,3,220,220,0,215,False,False,216
92,124101,0,289,289,0,287,False,False,290
92,124102,0,277,277,0,277,False,False,285
92,124103,0,291,290,-1,290,True,False,292
92,124104,0,280,283,3,280,True,False,287
93,124101,0,90,88,-2,88,True,False,92
93,124102,0,91,91,0,87,False,False,87
93,124103,0,88,88,0,88,False,False,89
93,124104,0,89,89,0,89,False,False,90
94,124101,2,182,182,0,182,False,False,183
94,124102,2,183,183,0,182,False,False,182
94,124103,2,183,183,0,181,False,False,185
94,124104,2,179,179,0,179,False,False,180
95,124101,1,147,148,1,147,True,False,148
95,124102,1,144,144,0,144,False,False,153
95,124103,1,146,146,0,146,False,False,149
95,124104,1,151,151,0,144,False,False,144
96,124101,1,156,149,-7,143,True,False,143
96,124102,1,144,144,0,144,False,False,148
96,124103,1,147,152,5,147,True,True,150
96,124104,1,151,151,0,141,False,False,141
97,124101,2,318,318,0,306,False,False,313
97,124102,2,317,317,0,315,False,False,315
97,124103,2,316,316,0,310,False,False,310
97,124104,2,324,324,0,315,False,False,315
98,124101,1,372,372,0,372,False,False,382
98,124102,1,371,371,0,371,False,False,380
98,124103,1,374,374,0,374,False,False,379
98,124104,1,383,383,0,368,False,False,387
99,124101,3,90,90,0,87,False,False,87
99,124102,3,88,88,0,87,False,False,88
99,124103,3,89,89,0,89,False,False,91
99,124104,3,92,92,0,90,False,False,90
100,124101,3,105,105,0,105,False,False,108
100,124102,3,106,106,0,106,False,False,109
100,124103,3,107,107,0,105,False,False,106
100,124104,3,105,105,0,104,False,False,106
101,124101,0,133,133,0,129,False,False,129
101,124102,0,132,132,0,128,False,False,128
101,124103,0,128,128,0,128,False,False,129
101,124104,0,126,126,0,126,False,False,132
102,124101,0,232,232,0,224,False,False,224
102,124102,0,226,226,0,225,False,False,230
102,124103,0,234,234,0,226,False,False,228
102,124104,0,237,226,-11,226,True,False,226
103,124101,3,174,174,0,174,False,False,178
103,124102,3,184,184,0,175,False,False,176
103,124103,3,173,173,0,173,False,False,177
103,124104,3,177,177,0,177,False,False,179
104,124101,1,201,201,0,201,False,False,210
104,124102,1,210,210,0,210,False,False,213
104,124103,1,202,202,0,202,False,False,203
104,124104,1,213,211,-2,202,True,True,202
105,124101,2,162,162,0,160,False,False,161
105,124102,2,156,156,0,156,False,False,157
105,124103,2,161,159,-2,159,True,False,160
105,124104,2,164,164,0,155,False,False,155
106,124101,1,354,354,0,354,False,False,362
106,124102,1,353,353,0,351,False,False,351
106,124103,1,353,353,0,353,False,False,355
106,124104,1,359,367,8,358,True,False,358
107,124101,1,426,426,0,421,False,False,421
107,124102,1,415,415,0,408,False,False,427
107,124103,1,427,427,0,424,False,False,424
107,124104,1,420,420,0,416,False,False,423
108,124101,1,393,393,0,390,False,False,390
108,124102,1,399,399,0,394,False,False,394
108,124103,1,398,398,0,396,False,False,396
108,124104,1,396,396,0,392,False,False,400
109,124101,3,293,293,0,293,False,False,304
109,124102,3,296,302,6,296,True,False,300
109,124103,3,300,300,0,295,False,False,295
109,124104,3,295,295,0,295,False,False,297
110,124101,1,503,503,0,503,False,False,509
110,124102,1,504,504,0,504,False,False,506
110,124103,1,505,505,0,505,False,False,518
110,124104,1,503,503,0,503,False,False,513
111,124101,1,401,401,0,392,False,False,392
111,124102,1,388,388,0,388,False,False,407
111,124103,1,399,399,0,396,False,False,396
111,124104,1,391,391,0,391,False,False,406
112,124101,1,143,143,0,143,False,False,148
112,124102,1,149,152,3,147,True,True,148
112,124103,1,146,146,0,146,False,False,150
112,124104,1,153,153,0,148,False,False,148
113,124101,2,82,82,0,82,False,False,82
113,124102,2,83,82,-1,82,True,False,82
113,124103,2,81,81,0,81,False,False,82
113,124104,2,81,81,0,81,False,False,82
114,124101,0,266,266,0,266,False,False,268
114,124102,0,264,264,0,264,False,False,270
114,124103,0,268,268,0,266,False,False,266
114,124104,0,267,267,0,265,False,False,265
115,124101,0,129,129,0,126,False,False,126
115,124102,0,122,122,0,122,False,False,125
115,124103,0,124,127,3,124,True,False,125
115,124104,0,126,126,0,124,False,False,124
116,124101,1,125,125,0,115,False,False,115
116,124102,1,122,122,0,118,False,False,123
116,124103,1,118,118,0,117,False,False,122
116,124104,1,120,120,0,120,False,False,128
117,124101,0,113,113,0,109,False,False,109
117,124102,0,111,111,0,109,False,False,109
117,124103,0,112,112,0,110,False,False,110
117,124104,0,113,113,0,113,False,False,114
118,124101,3,176,176,0,170,False,False,170
118,124102,3,176,176,0,172,False,False,172
118,124103,3,171,171,0,171,False,False,175
118,124104,3,176,176,0,175,False,False,177
119,124101,3,171,171,0,171,False,False,173
119,124102,3,180,180,0,172,False,False,172
119,124103,3,181,181,0,171,False,False,171
119,124104,3,174,172,-2,171,True,False,171
120,124101,2,288,288,0,275,False,False,288
120,124102,2,282,294,12,280,True,False,280
120,124103,2,281,281,0,281,False,False,286
120,124104,2,287,278,-9,278,True,False,281
121,124101,2,151,151,0,148,False,False,148
121,124102,2,147,147,0,147,False,False,148
121,124103,2,150,150,0,148,False,False,152
121,124104,2,150,151,1,150,True,False,152
122,124101,2,186,186,0,183,False,False,183
122,124102,2,187,187,0,180,False,False,180
122,124103,2,184,184,0,181,False,False,189
122,124104,2,187,187,0,186,False,False,186
123,124101,1,472,479,7,472,True,False,476
123,124102,1,478,478,0,468,False,False,474
123,124103,1,481,481,0,472,False,False,475
123,124104,1,483,470,-13,470,True,False,474
124,124101,2,167,171,4,166,True,False,166
124,124102,2,173,173,0,170,False,False,170
124,124103,2,172,171,-1,170,True,False,170
124,124104,2,170,170,0,166,False,False,171
125,124101,2,165,165,0,160,False,False,173
125,124102,2,163,168,5,163,True,True,168
125,124103,2,168,168,0,164,False,False,173
125,124104,2,165,165,0,165,False,False,169
126,124101,2,124,124,0,124,False,False,127
126,124102,2,130,130,0,124,False,False,127
126,124103,2,127,130,3,127,True,False,128
126,124104,2,128,128,0,126,False,False,126
127,124101,2,134,134,0,134,False,False,140
127,124102,2,135,135,0,135,False,False,137
127,124103,2,134,134,0,134,False,False,139
127,124104,2,135,135,0,135,False,False,143
