case,fold,difference,groups
0,3,0.0,4
1,3,0.0,4
2,2,3.25,4
3,0,-1.0,4
4,3,3.0,4
5,3,0.0,4
6,3,0.0,4
7,0,0.0,4
8,1,0.0,4
9,0,-0.25,4
10,3,-2.25,4
11,0,0.0,4
12,2,0.0,4
13,0,0.0,4
14,0,0.0,4
15,0,0.0,4
16,3,-1.75,4
17,1,-0.5,4
18,2,0.25,4
19,1,-0.75,4
20,1,-0.25,4
21,0,-2.0,4
22,2,0.0,4
23,0,0.25,4
24,1,0.25,4
25,2,0.75,4
26,3,0.0,4
27,3,0.0,4
28,0,0.0,4
29,1,1.5,4
30,2,0.0,4
31,0,0.0,4
32,1,0.0,4
33,0,0.0,4
34,2,1.0,4
35,3,0.0,4
36,1,0.0,4
37,0,0.0,4
38,3,0.0,4
39,2,0.0,4
40,2,-2.5,4
41,3,0.0,4
42,3,0.0,4
43,0,0.0,4
44,0,0.0,4
45,2,0.0,4
46,2,0.0,4
47,0,0.0,4
48,2,0.0,4
49,0,0.25,4
50,3,1.0,4
51,0,0.0,4
52,2,0.75,4
53,3,0.0,4
54,0,0.0,4
55,0,0.0,4
56,1,1.0,4
57,1,0.0,4
58,1,0.0,4
59,0,-2.25,4
60,1,2.75,4
61,0,0.0,4
62,2,-1.75,4
63,3,0.0,4
64,0,1.0,4
65,2,0.0,4
66,1,0.25,4
67,3,0.0,4
68,1,0.25,4
69,3,2.75,4
70,1,0.0,4
71,0,-0.5,4
72,3,-1.25,4
73,2,0.0,4
74,1,0.0,4
75,2,0.0,4
76,1,0.0,4
77,0,0.0,4
78,3,0.0,4
79,3,2.75,4
80,3,0.0,4
81,1,0.0,4
82,2,0.0,4
83,2,-1.0,4
84,1,-4.25,4
85,1,-1.25,4
86,2,-1.75,4
87,3,0.0,4
88,3,-1.5,4
89,2,4.25,4
90,3,-0.5,4
91,3,0.0,4
92,0,0.5,4
93,0,-0.5,4
94,2,0.0,4
95,1,0.25,4
96,1,-0.5,4
97,2,0.0,4
98,1,0.0,4
99,3,0.0,4
100,3,0.0,4
101,0,0.0,4
102,0,-2.75,4
103,3,0.0,4
104,1,-0.5,4
105,2,-0.5,4
106,1,2.0,4
107,1,0.0,4
108,1,0.0,4
109,3,1.5,4
110,1,0.0,4
111,1,0.0,4
112,1,0.75,4
113,2,-0.25,4
114,0,0.0,4
115,0,0.75,4
116,1,0.0,4
117,0,0.0,4
118,3,0.0,4
119,3,-0.5,4
120,2,0.75,4
121,2,0.25,4
122,2,0.0,4
123,1,-1.5,4
124,2,0.75,4
125,2,1.25,4
126,2,0.75,4
127,2,0.0,4
