case,v113_T,v136_T,difference,v113_lns_attempts,v136_lns_attempts,v113_ms,v136_ms
512,245,247,2,3756,4585,1574,1585
513,226,227,1,4196,4551,1593,1610
514,189,188,-1,5774,5896,1611,1614
515,93,93,0,13367,13879,1614,1623
516,133,136,3,6876,6790,1625,1621
517,196,193,-3,5003,5018,1619,1631
518,83,84,1,13906,14824,1620,1615
519,218,220,2,4900,4714,1624,1621
520,205,204,-1,4657,5624,1609,1618
521,511,495,-16,1614,1733,1606,1614
522,165,169,4,6013,6412,1608,1610
523,248,245,-3,4832,5257,1608,1607
524,307,312,5,3083,3046,1562,1559
525,130,134,4,9689,10223,1559,1560
526,418,408,-10,2583,2578,1558,1562
527,169,167,-2,9259,8642,1563,1574
528,136,136,0,8075,8192,1564,1578
529,184,185,1,6469,6679,1572,1579
530,148,149,1,7612,8006,1575,1589
531,87,87,0,16237,17384,1585,1579
532,57,55,-2,19951,22103,1589,1592
533,109,110,1,10452,10763,1587,1587
534,234,221,-13,4690,4905,1586,1588
535,495,492,-3,2267,2429,1582,1582
536,98,98,0,13551,13600,1560,1555
537,105,104,-1,11469,11801,1559,1557
538,238,242,4,4846,5520,1560,1558
539,393,388,-5,2346,2849,1560,1559
540,147,151,4,8157,7642,1559,1570
541,162,161,-1,6453,6978,1568,1569
542,164,167,3,6863,6408,1563,1563
543,420,418,-2,2175,2536,1559,1562
544,174,173,-1,7364,7595,1563,1566
545,185,183,-2,9704,10494,1580,1570
546,242,251,9,5660,5394,1583,1572
547,368,371,3,2359,2892,1580,1573
548,97,94,-3,14540,15631,1559,1559
549,135,138,3,7740,7081,1559,1558
550,273,271,-2,4370,4345,1560,1558
551,490,487,-3,1602,1728,1560,1557
552,228,228,0,5343,5387,1559,1559
553,297,302,5,4689,4253,1560,1561
554,167,171,4,5617,5815,1565,1570
555,278,276,-2,3720,3726,1561,1571
556,316,316,0,2922,3156,1562,1564
557,460,459,-1,2719,2730,1574,1573
558,98,100,2,12691,12336,1581,1575
559,222,222,0,5539,5984,1577,1576
560,215,214,-1,5477,5268,1559,1560
561,171,164,-7,6827,6974,1558,1560
562,153,150,-3,7517,7631,1558,1558
563,150,152,2,8125,8594,1560,1557
564,142,146,4,10033,9290,1561,1558
565,192,195,3,6199,6456,1558,1558
566,81,81,0,16142,16365,1568,1558
567,228,226,-2,4499,4508,1565,1562
568,95,95,0,11466,11537,1558,1562
569,100,102,2,13628,16841,1559,1562
570,73,73,0,18721,18892,1561,1564
571,163,164,1,8934,9646,1561,1563
572,134,135,1,9698,7642,1559,1558
573,337,341,4,3030,3142,1559,1557
574,420,430,10,2781,2926,1558,1558
575,162,160,-2,6571,6838,1559,1558
576,234,236,2,4493,4331,1559,1557
577,122,124,2,11080,11869,1557,1558
578,254,252,-2,4348,4710,1560,1558
579,48,48,0,31328,32384,1561,1557
580,337,342,5,2686,3129,1558,1559
581,215,214,-1,4338,4587,1557,1557
582,125,124,-1,9386,9135,1561,1564
583,146,145,-1,9438,8888,1562,1564
584,78,80,2,17345,19343,1560,1560
585,441,437,-4,1862,2165,1559,1557
586,159,168,9,10154,9113,1559,1558
587,313,315,2,2879,2883,1557,1558
588,133,132,-1,9352,10116,1559,1558
589,460,465,5,1699,1751,1558,1558
590,203,205,2,5487,5321,1560,1558
591,221,219,-2,4568,4856,1569,1560
592,170,169,-1,9240,8839,1565,1563
593,87,87,0,12390,12595,1567,1558
594,123,124,1,10063,8962,1563,1556
595,43,43,0,33154,33310,1556,1548
596,71,70,-1,21431,22697,1552,1556
597,215,209,-6,4912,5239,1558,1558
598,99,99,0,12029,11773,1560,1559
599,276,278,2,3224,3553,1560,1557
600,317,316,-1,2807,3078,1561,1559
601,391,387,-4,1979,2127,1561,1557
602,139,140,1,10420,9966,1559,1559
603,208,202,-6,5074,5476,1559,1558
604,150,153,3,7029,7193,1561,1560
605,175,176,1,6776,6416,1563,1560
606,212,203,-9,5707,5864,1567,1557
607,191,190,-1,6347,6847,1565,1559
608,186,186,0,6183,6237,1558,1560
609,118,120,2,10497,10006,1561,1559
610,103,104,1,13812,13697,1558,1558
611,360,376,16,2939,2825,1560,1557
612,152,154,2,10270,10928,1558,1551
613,284,289,5,3343,3378,1559,1561
614,232,238,6,4545,5193,1560,1557
615,77,77,0,15639,16165,1577,1558
616,109,108,-1,11097,12601,1576,1558
617,335,341,6,3031,3082,1567,1559
618,141,143,2,10169,10777,1563,1556
619,388,390,2,2310,2621,1563,1560
620,295,300,5,4068,4485,1560,1558
621,292,292,0,3912,4170,1560,1557
622,146,146,0,9339,8928,1561,1558
623,227,224,-3,5263,4632,1559,1558
624,604,620,16,1564,1806,1560,1558
625,368,360,-8,2743,3276,1560,1558
626,291,284,-7,3573,3987,1561,1560
627,658,649,-9,1319,1188,1566,1560
628,226,233,7,5039,5447,1564,1560
629,86,85,-1,13767,14004,1564,1558
630,265,268,3,4706,5280,1571,1558
631,343,345,2,3166,3109,1570,1558
632,355,357,2,3957,4498,1561,1557
633,382,394,12,2972,3213,1561,1557
634,340,346,6,2689,2989,1559,1556
635,252,252,0,4470,4830,1560,1557
636,152,150,-2,8158,8794,1558,1557
637,94,93,-1,12341,12345,1557,1557
638,114,116,2,13290,13957,1562,1556
639,312,313,1,2626,3005,1569,1557
640,119,119,0,10291,10627,1568,1558
641,196,199,3,4994,5216,1561,1558
642,108,109,1,10432,10674,1564,1557
643,273,269,-4,3663,3934,1564,1557
644,192,192,0,6355,6418,1561,1562
645,141,141,0,7493,7652,1561,1559
646,99,99,0,12760,13282,1562,1559
647,162,162,0,7019,7100,1563,1559
648,351,355,4,2500,2567,1561,1556
649,126,125,-1,7100,7801,1562,1558
650,150,151,1,7377,7636,1559,1559
651,82,83,1,14434,14427,1571,1558
652,95,100,5,13771,10983,1571,1557
653,256,247,-9,4521,4714,1562,1561
654,232,230,-2,4777,5147,1564,1559
655,181,181,0,6818,7279,1563,1559
656,206,200,-6,5226,5314,1560,1559
657,153,151,-2,6503,7383,1558,1559
658,73,73,0,24225,24573,1561,1557
659,221,215,-6,5638,6483,1559,1556
660,474,468,-6,1996,2075,1561,1557
661,282,274,-8,3386,4268,1558,1557
662,196,196,0,5726,5424,1562,1559
663,101,102,1,11941,12132,1569,1558
664,153,153,0,6486,6664,1569,1560
665,210,212,2,4833,4749,1561,1557
666,224,217,-7,5635,5412,1566,1559
667,231,239,8,3568,3509,1566,1559
668,168,177,9,7430,6671,1558,1560
669,242,242,0,3660,3746,1561,1560
670,292,290,-2,3730,3574,1559,1559
671,71,73,2,17405,16946,1560,1559
672,155,154,-1,8059,8239,1559,1556
673,322,333,11,2559,2833,1560,1557
674,92,95,3,15061,14788,1562,1559
675,470,471,1,1870,1985,1567,1558
676,125,121,-4,9397,9621,1566,1562
677,122,122,0,12088,11062,1563,1561
678,405,411,6,2753,2763,1568,1559
679,80,84,4,14193,14323,1568,1557
680,88,88,0,19031,19360,1560,1561
681,83,83,0,14730,14882,1559,1560
682,171,171,0,6989,7464,1559,1560
683,389,387,-2,2082,2343,1559,1557
684,380,385,5,2283,2407,1559,1556
685,332,327,-5,3219,3846,1558,1558
686,252,246,-6,3759,4185,1558,1556
687,67,67,0,18640,18938,1569,1558
688,373,372,-1,2396,2402,1572,1556
689,118,118,0,12158,11562,1569,1558
690,137,137,0,8323,8551,1566,1564
691,334,334,0,2509,2633,1566,1562
692,174,168,-6,5618,5657,1559,1559
693,278,284,6,4336,4250,1560,1564
694,63,63,0,17362,17527,1567,1562
695,90,93,3,13564,12951,1564,1565
696,121,124,3,9309,10514,1560,1558
697,337,338,1,3074,3175,1559,1558
698,200,194,-6,4780,5080,1563,1557
699,210,206,-4,5534,5537,1573,1558
700,57,57,0,19921,19714,1572,1558
701,339,337,-2,3143,3250,1569,1558
702,628,632,4,1882,2005,1565,1562
703,182,179,-3,7237,7320,1565,1562
704,503,510,7,1629,1547,1559,1565
705,286,292,6,3616,4291,1557,1561
706,321,319,-2,3683,3845,1559,1558
707,252,254,2,3621,3911,1564,1558
708,155,152,-3,7080,7117,1562,1558
709,247,259,12,5417,4992,1560,1559
710,227,221,-6,5346,5615,1559,1560
711,113,112,-1,8816,9464,1565,1557
712,498,500,2,2161,2146,1576,1558
713,228,224,-4,4434,4311,1574,1560
714,200,199,-1,4953,5233,1572,1557
715,164,170,6,7201,6921,1570,1563
716,199,194,-5,6183,6144,1559,1558
717,216,221,5,5173,5245,1559,1560
718,118,114,-4,11984,12790,1561,1559
719,217,217,0,4649,4633,1568,1560
720,296,293,-3,3174,3524,1576,1558
721,75,75,0,17964,18225,1570,1557
722,109,109,0,10161,10042,1558,1559
723,85,85,0,12115,12942,1559,1556
724,239,249,10,6027,6058,1560,1557
725,298,293,-5,5786,5603,1564,1558
726,174,172,-2,8054,7965,1574,1566
727,118,117,-1,10396,10446,1575,1561
728,156,161,5,7412,6911,1560,1559
729,473,467,-6,1803,1893,1558,1558
730,239,239,0,4669,4676,1558,1559
731,169,166,-3,6798,7470,1561,1560
732,263,269,6,4293,4338,1566,1559
733,149,155,6,8670,7917,1566,1557
734,196,203,7,5088,5016,1556,1559
735,520,522,2,1537,1581,1560,1558
736,316,318,2,3241,3346,1560,1559
737,82,81,-1,15870,15883,1563,1562
738,261,260,-1,4368,4394,1562,1560
739,341,336,-5,3277,3253,1562,1560
740,164,162,-2,6198,6384,1559,1559
741,240,240,0,6017,5719,1558,1559
742,215,217,2,4854,4924,1557,1560
743,97,97,0,13239,13591,1557,1557
744,373,372,-1,2288,2485,1563,1560
745,90,86,-4,14082,13720,1559,1558
746,61,61,0,19144,19063,1563,1559
747,82,82,0,13523,13503,1562,1559
748,233,240,7,4199,4293,1566,1559
749,284,292,8,3444,3496,1565,1560
750,96,98,2,13229,13078,1575,1561
751,85,85,0,18526,18510,1574,1561
752,425,417,-8,2631,2673,1561,1558
753,123,124,1,12458,12671,1559,1558
754,552,572,20,2064,2244,1558,1557
755,284,285,1,3501,3719,1559,1559
756,522,535,13,1981,2194,1565,1560
757,297,306,9,3629,4312,1564,1557
758,140,136,-4,9294,9462,1556,1559
759,192,195,3,6548,6356,1552,1565
760,150,152,2,8295,7895,1559,1560
761,198,199,1,6569,5807,1558,1557
762,248,240,-8,4185,4178,1565,1565
763,152,153,1,8694,8870,1564,1564
764,112,113,1,15615,15953,1559,1558
765,387,389,2,3235,2943,1558,1558
766,139,141,2,10801,11072,1557,1556
767,270,269,-1,4986,5145,1556,1557
