iteration,seconds,steps,successes,mean_T_completed,mean_lns_T_completed,mean_cost_all,mean_group_spread,entropy,approx_kl,gradient_norm,updates,learning_rate,nn_collect_seconds,lns_seconds,update_seconds,input_mean_N,input_mean_M,input_mean_K
1,58.609479584003566,34138,128,266.703125,176.6015625,1.766015625,5.6328125,2.6078687368044213,0.0006679701299060133,0.07548815777886715,536,3e-06,5.042709790999652,32.391077542008134,21.161619249993237,15.3125,60.5,8
2,116.0648184169986,79348,128,353.203125,227.146484375,2.2714648437500005,7.7734375,2.645271348414448,0.0004553690383703799,0.23304406736614341,708,2.935483870967742e-06,4.583090832995367,32.86203629199008,19.985604875007994,16.5,69.625,7.65625
3,196.95135124999797,121035,128,325.6796875,219.224609375,2.19224609375,6.6328125,2.8475663672926967,0.00012328246979827147,0.1116856939953529,652,2.870967741935484e-06,6.642787999997381,32.72083874999953,41.49624349999067,15.5,76.4375,8.875
4,261.842137833999,165692,128,348.8828125,232.349609375,2.3234960937499998,7.234375,2.7932555614198957,0.00019362157276688662,0.11556930646300316,700,2.806451612903226e-06,4.802447166002821,32.76424083299935,27.297344749997137,16.375,77.5,8.28125
5,334.4498811670055,217874,126,381.63492063492066,255.14285714285714,3.3037915039062504,51.4609375,2.8219303512105753,0.0007074062383496175,21.00803973744897,816,2.7419354838709676e-06,8.124947582997265,32.33976612500555,32.11693450000894,16.40625,87.21875,8.75
6,404.31269049999537,267664,128,388.984375,265.81640625,2.6581640625,7.8984375,2.8764600133284546,3.0116914436753645e-05,0.1441312879228439,780,2.6774193548387097e-06,5.977812375000212,33.114463292004075,30.74085833299614,16.6875,89.03125,7.5625
7,466.5329273749958,308554,128,319.453125,214.24609375,2.1424609375,6.953125,2.7184969522058964,3.2812203458698616e-05,0.10973364054225385,640,2.6129032258064518e-06,4.567963875000714,32.66899433299841,24.953921082997113,16.03125,72.40625,7.9375
8,526.4244704590092,346366,128,295.40625,196.353515625,1.9635351562499999,5.4921875,2.6697704872569523,4.158736682805801e-05,0.0730966626402192,592,2.5483870967741934e-06,4.012886417011032,32.90091654199932,22.94984120799927,15.46875,70.21875,7.0625
9,588.0532619169971,386349,128,312.3671875,201.4140625,2.0141406249999996,5.953125,2.6667220732968326,6.47974011910634e-05,0.10753529598331375,628,2.4838709677419355e-06,4.32251025000005,32.72007812499942,24.55861904199992,15.40625,67.34375,8.71875
10,652.1850854590011,428804,128,331.6796875,214.806640625,2.1480664062500003,6.0,2.7688615537551513,5.239769787090017e-05,0.11621954816068153,664,2.419354838709677e-06,4.964923708001152,32.77744550000352,26.3615171249985,15.875,71.71875,8.375
11,716.7526960420073,473178,128,346.671875,230.6875,2.306875,6.1328125,2.840979329128375,0.00015401271917991135,0.10896407175894784,696,2.3548387096774193e-06,4.602746832999401,32.75311262499599,27.184215957997367,16.34375,78.8125,8.6875
12,784.6936065839982,516918,127,328.2834645669291,221.8779527559055,2.5970715332031253,57.03125,2.813805221465596,0.0003405474913664355,18.04744799722705,684,2.2903225806451614e-06,7.5489879160013516,32.924326332999044,27.43866149999667,15.4375,77.375,7.34375
13,851.9390134590067,564239,128,369.6953125,236.095703125,2.36095703125,7.40625,2.7774337675120377,1.3550910068869525e-05,0.14491727644124547,740,2.2258064516129034e-06,5.379262125003152,32.96819112499361,28.869029708992457,15.40625,74.125,8.8125
14,922.3638450840081,614950,128,396.1796875,268.068359375,2.68068359375,8.8671875,2.9626485873107336,2.722019084637393e-05,0.17405065808014655,796,2.161290322580645e-06,5.925159916005214,32.947806666998076,31.52289516699966,16.375,90.53125,7.625
15,987.9441941670084,659987,128,351.8515625,235.29296875,2.3529296875,8.078125,2.9405388801612635,4.536102825932046e-05,0.14579761957495727,704,2.096774193548387e-06,4.861876208989997,32.89047616699827,27.79823345800105,16.34375,82.5625,8.6875
16,1055.446917334004,706834,128,365.9921875,249.638671875,2.49638671875,7.21875,2.9657345081939073,0.00010243947685809916,0.1490331597198717,732,2.032258064516129e-06,5.534190167003544,32.89728245799779,29.042155707997154,16,86.0625,8.0625
17,1126.5379528339981,757741,128,397.7109375,268.091796875,2.68091796875,7.8828125,2.9948119434280014,0.00010908586906588413,0.16122392910396932,796,1.967741935483871e-06,6.0108573329926,33.41987270899699,31.630926915997406,16.4375,90.3125,7.8125
18,1192.4039520840015,802147,128,346.921875,234.03125,2.3403125,6.5078125,2.8942804531804445,5.31462872632803e-05,0.10523247462964949,696,1.9032258064516128e-06,5.358306666996214,32.821709249998094,27.65486070800398,16.4375,80.46875,7.4375
19,1256.871730209008,845535,128,338.96875,219.90625,2.1990625,7.578125,2.7561946504256305,0.0002047550003603003,0.1356815836556694,680,1.8387096774193547e-06,4.897108958000899,32.95292241600691,26.58855141600361,16.21875,72.9375,7.90625
20,1321.6697596669983,888933,128,339.046875,220.220703125,2.2022070312500004,6.515625,2.894279085187351,0.00013400740187534285,0.11389607236008434,680,1.7741935483870966e-06,4.549288249996607,33.152598957996815,27.066302249993896,15.9375,77.875,8.5625
21,1378.288119667006,924756,128,279.8671875,173.78125,1.7378125,5.859375,2.6108308983700614,7.768010069870712e-05,0.09278343285300902,560,1.7096774193548387e-06,3.5186812920001103,33.14644841699919,19.924612290997175,15.3125,57.46875,7.8125
22,1442.1148613340047,966482,128,325.984375,218.0078125,2.180078125,6.1328125,2.823441143781861,0.00011471189268767783,0.11112532766958687,652,1.6451612903225806e-06,4.563667374997749,33.05691200000001,26.17930316599086,15.375,71.65625,7.84375
23,1512.5889861250034,1015065,128,379.5546875,245.3671875,2.453671875,8.4296875,2.940322460312592,0.00019783591163824094,0.15305384063210928,760,1.5806451612903224e-06,7.368923333007842,33.133406916997046,29.94374033299391,16.21875,84.65625,7.46875
24,1575.1612060420011,1055007,128,312.046875,201.5625,2.015625,5.734375,2.804351275513886,7.778755863656206e-05,0.08430997566408982,628,1.5161290322580643e-06,4.5985041669919156,32.92094470800657,25.02427470800467,15.65625,73.0625,7
25,1638.4456055420014,1096063,128,320.75,208.099609375,2.0809960937500005,6.734375,2.848368891277669,7.439688555528304e-05,0.11089477240345123,644,1.4516129032258064e-06,4.351921374996891,33.26700279099168,25.63718137500109,15.9375,74.8125,7.78125
26,1711.4290009999968,1150674,128,426.6484375,274.50390625,2.7450390625,9.390625,3.071000205579205,0.00026477603438758397,0.18302520135609068,856,1.3870967741935483e-06,5.795662667005672,33.30817699999898,33.85132737499953,16.875,93.40625,7.9375
27,1784.6737050000083,1202138,127,389.1023622047244,254.04724409448818,2.91646484375,62.28125,3.030178526545515,0.00014555988191318576,20.772524554540617,808,1.3225806451612901e-06,8.577225208995515,32.768065165990265,31.86876475000463,16.0625,87.5625,8.6875
28,1855.7256429590052,1253719,128,402.9765625,254.05859375,2.5405859375000004,6.9140625,2.985879166291492,5.23105055534367e-06,0.14105742383231917,808,1.258064516129032e-06,5.669044666006812,33.47069708300114,31.881224958997336,15.96875,82.28125,8.53125
29,1919.5065350840014,1294712,128,320.2578125,202.962890625,2.0296289062499997,6.2109375,2.822003010267056,7.732779122186482e-06,0.09415809080143522,644,1.1935483870967741e-06,5.11874925000302,33.26906425000925,25.36251912500302,15,72.375,7.71875
30,1992.1027001670009,1347980,128,416.15625,270.38671875,2.7038671874999998,10.59375,3.065575707757302,3.239192405252087e-05,0.21817228103582367,836,1.129032258064516e-06,5.809830084006535,33.658419250001316,33.09882629099593,16.34375,89.59375,7.875
31,2060.0254726669955,1394175,128,360.8984375,228.6640625,2.286640625,6.328125,3.005819604871023,1.0371297396535693e-05,0.12417805598256337,724,1.0645161290322577e-06,6.231869915995048,33.015872874995694,28.644062084000325,16.03125,77.0625,7.28125
32,2124.8324857499974,1437062,128,335.0546875,219.05859375,2.1905859375,6.03125,2.9356442519596646,8.590047970375145e-06,0.09272463587001853,672,9.999999999999997e-07,4.717225041997153,33.12194462500338,26.938037874992006,15.40625,80.34375,7.34375
