case,mode,status,initial_T,best_T,saved,completed_rounds,elapsed_sec,cpu_sec,peak_rss_bytes
0035,continuous,not_started,62,62,0,0,0,0.0,0
0035,multistart,not_started,62,62,0,0,0,0.0,0
0033,continuous,not_started,136,136,0,0,0,0.0,0
0033,multistart,not_started,136,136,0,0,0,0.0,0
0023,continuous,not_started,79,79,0,0,0,0.0,0
0023,multistart,not_started,79,79,0,0,0,0.0,0
0064,continuous,not_started,191,191,0,0,0,0.0,0
0064,multistart,not_started,191,191,0,0,0,0.0,0
0060,continuous,not_started,145,145,0,0,0,0.0,0
0060,multistart,not_started,145,145,0,0,0,0.0,0
0066,continuous,not_started,402,402,0,0,0,0.0,0
0066,multistart,not_started,402,402,0,0,0,0.0,0
0068,continuous,not_started,405,405,0,0,0,0.0,0
0068,multistart,not_started,405,405,0,0,0,0.0,0
0005,continuous,not_started,572,572,0,0,0,0.0,0
0005,multistart,not_started,572,572,0,0,0,0.0,0
0097,continuous,not_started,540,540,0,0,0,0.0,0
0097,multistart,not_started,540,540,0,0,0,0.0,0
0019,continuous,not_started,641,641,0,0,0,0.0,0
0019,multistart,not_started,641,641,0,0,0,0.0,0
