scenario,kind,time,towers,mask,ids,extracted,skeleton_T,allowance,repaired,repair_extra
initial_six,initial,0,6,0,a1|a2|c7|j1|e1|h10,1,155,165,9,17
suffix_24_1,suffix,24,1,1,a1,1,140,140,1,4
suffix_24_2,suffix,24,1,2,a2,1,137,140,0,0
suffix_24_3,suffix,24,2,3,a1|a2,1,133,140,1,4
suffix_24_4,suffix,24,1,4,c7|j1|e1|h10,1,141,140,7,10
suffix_24_5,suffix,24,2,5,a1|c7|j1|e1|h10,0,142,140,9,17
suffix_24_6,suffix,24,2,6,a2|c7|j1|e1|h10,1,141,140,7,10
suffix_24_7,suffix,24,3,7,a1|a2|c7|j1|e1|h10,1,140,140,9,17
suffix_25_1,suffix,25,1,1,a1,1,139,139,1,4
suffix_25_2,suffix,25,1,2,a2,1,136,139,0,0
suffix_25_3,suffix,25,2,3,a1|a2,1,132,139,1,4
suffix_25_4,suffix,25,1,4,c7|j1|e1|h10,0,141,139,7,10
suffix_25_5,suffix,25,2,5,a1|c7|j1|e1|h10,0,141,139,9,17
suffix_25_6,suffix,25,2,6,a2|c7|j1|e1|h10,0,141,139,7,10
suffix_25_7,suffix,25,3,7,a1|a2|c7|j1|e1|h10,1,140,139,9,17
suffix_26_1,suffix,26,1,1,a1,1,138,138,1,4
suffix_26_2,suffix,26,1,2,a2,1,135,138,0,0
suffix_26_3,suffix,26,2,3,a1|a2,1,131,138,1,4
suffix_26_4,suffix,26,1,4,c7|j1|e1|h10,0,140,138,7,10
suffix_26_5,suffix,26,2,5,a1|c7|j1|e1|h10,0,140,138,9,17
suffix_26_6,suffix,26,2,6,a2|c7|j1|e1|h10,0,140,138,7,10
suffix_26_7,suffix,26,3,7,a1|a2|c7|j1|e1|h10,0,140,138,9,17
suffix_27_1,suffix,27,1,1,a1,1,137,137,1,4
suffix_27_2,suffix,27,1,2,a2,1,134,137,0,0
suffix_27_3,suffix,27,2,3,a1|a2,1,130,137,1,4
suffix_27_4,suffix,27,1,4,c7|j1|e1|h10,0,139,137,7,10
suffix_27_5,suffix,27,2,5,a1|c7|j1|e1|h10,0,139,137,9,17
suffix_27_6,suffix,27,2,6,a2|c7|j1|e1|h10,0,139,137,7,10
suffix_27_7,suffix,27,3,7,a1|a2|c7|j1|e1|h10,0,139,137,9,17
suffix_28_1,suffix,28,1,1,a1,1,136,136,1,4
suffix_28_2,suffix,28,1,2,c7|j1|e1|h10,0,138,136,7,10
suffix_28_3,suffix,28,2,3,a1|c7|j1|e1|h10,0,138,136,9,17
suffix_28_4,suffix,28,1,4,a2,1,133,136,0,0
suffix_28_5,suffix,28,2,5,a1|a2,1,129,136,1,4
suffix_28_6,suffix,28,2,6,a2|c7|j1|e1|h10,0,138,136,7,10
suffix_28_7,suffix,28,3,7,a1|a2|c7|j1|e1|h10,0,138,136,9,17
suffix_29_1,suffix,29,1,1,a1,1,135,135,1,4
suffix_29_2,suffix,29,1,2,c7|j1|e1|h10,0,137,135,7,10
suffix_29_3,suffix,29,2,3,a1|c7|j1|e1|h10,0,137,135,9,17
suffix_29_4,suffix,29,1,4,a2,1,132,135,0,0
suffix_29_5,suffix,29,2,5,a1|a2,1,128,135,1,4
suffix_29_6,suffix,29,2,6,a2|c7|j1|e1|h10,0,137,135,7,10
suffix_29_7,suffix,29,3,7,a1|a2|c7|j1|e1|h10,0,137,135,9,17
suffix_30_1,suffix,30,1,1,a1,1,134,134,1,4
suffix_30_2,suffix,30,1,2,c7|j1|e1|h10,0,136,134,7,10
suffix_30_3,suffix,30,2,3,a1|c7|j1|e1|h10,0,136,134,9,17
suffix_30_4,suffix,30,1,4,a2,1,131,134,0,0
suffix_30_5,suffix,30,2,5,a1|a2,1,127,134,1,4
suffix_30_6,suffix,30,2,6,a2|c7|j1|e1|h10,0,136,134,7,10
suffix_30_7,suffix,30,3,7,a1|a2|c7|j1|e1|h10,0,136,134,9,17
suffix_31_1,suffix,31,1,1,a1,1,133,133,1,4
suffix_31_2,suffix,31,1,2,c7|j1|e1|h10,0,135,133,7,10
suffix_31_3,suffix,31,2,3,a1|c7|j1|e1|h10,0,135,133,9,17
suffix_31_4,suffix,31,1,4,a2,1,130,133,0,0
suffix_31_5,suffix,31,2,5,a1|a2,1,126,133,1,4
suffix_31_6,suffix,31,2,6,a2|c7|j1|e1|h10,0,135,133,7,10
suffix_31_7,suffix,31,3,7,a1|a2|c7|j1|e1|h10,0,135,133,9,17
suffix_32_1,suffix,32,1,1,a1,1,132,132,1,4
suffix_32_2,suffix,32,1,2,c7|j1|e1|h10,0,134,132,7,10
suffix_32_3,suffix,32,2,3,a1|c7|j1|e1|h10,0,134,132,9,17
suffix_32_4,suffix,32,1,4,a2,1,129,132,0,0
suffix_32_5,suffix,32,2,5,a1|a2,1,125,132,1,4
suffix_32_6,suffix,32,2,6,a2|c7|j1|e1|h10,0,134,132,7,10
suffix_32_7,suffix,32,3,7,a1|a2|c7|j1|e1|h10,0,134,132,9,17
suffix_33_1,suffix,33,1,1,a1,1,131,131,1,4
suffix_33_2,suffix,33,1,2,c7|j1|e1|h10,0,133,131,7,10
suffix_33_3,suffix,33,2,3,a1|c7|j1|e1|h10,0,133,131,9,17
suffix_33_4,suffix,33,1,4,a2,1,128,131,0,0
suffix_33_5,suffix,33,2,5,a1|a2,1,124,131,1,4
suffix_33_6,suffix,33,2,6,a2|c7|j1|e1|h10,0,133,131,7,10
suffix_33_7,suffix,33,3,7,a1|a2|c7|j1|e1|h10,0,133,131,9,17
suffix_35_1,suffix,35,1,1,a1,1,129,129,1,4
suffix_35_2,suffix,35,1,2,c7|j1|e1|h10,0,131,129,7,10
suffix_35_3,suffix,35,2,3,a1|c7|j1|e1|h10,0,131,129,9,17
suffix_35_4,suffix,35,1,4,a2,1,126,129,0,0
suffix_35_5,suffix,35,2,5,a1|a2,1,122,129,1,4
suffix_35_6,suffix,35,2,6,a2|c7|j1|e1|h10,0,131,129,7,10
suffix_35_7,suffix,35,3,7,a1|a2|c7|j1|e1|h10,0,131,129,9,17
