case,v113_T,v114_T,difference,S,E,elapsed_ms,cooperative_completed
000000.txt,102,99,-3,99,0,1594,2
000004.txt,339,352,13,352,0,1594,3
000008.txt,185,192,7,192,0,1607,0
000012.txt,174,176,2,176,0,1614,2
000016.txt,152,153,1,153,0,1615,0
000020.txt,149,149,0,149,0,1609,1
000024.txt,267,262,-5,262,0,1618,0
000028.txt,178,175,-3,175,0,1620,0
000032.txt,94,98,4,98,0,1615,0
000036.txt,237,235,-2,235,0,1613,1
000040.txt,125,120,-5,120,0,1616,2
000044.txt,127,127,0,127,0,1612,0
000048.txt,412,410,-2,410,0,1568,2
000052.txt,411,420,9,420,0,1572,0
000056.txt,73,73,0,73,0,1564,1
000060.txt,157,160,3,160,0,1562,2
000064.txt,266,272,6,272,0,1563,1
000068.txt,98,99,1,99,0,1562,1
000072.txt,84,85,1,85,0,1563,2
000076.txt,169,173,4,173,0,1567,0
000080.txt,203,204,1,204,0,1586,8
000084.txt,115,112,-3,112,0,1579,0
000088.txt,753,731,-22,731,0,1576,0
000092.txt,103,104,1,104,0,1570,0
000096.txt,172,172,0,172,0,1559,1
000100.txt,155,157,2,157,0,1559,1
000104.txt,70,70,0,70,0,1561,4
000108.txt,263,266,3,266,0,1565,1
000112.txt,76,74,-2,74,0,1565,2
000116.txt,231,232,1,232,0,1571,1
000120.txt,107,107,0,107,0,1571,2
000124.txt,187,185,-2,185,0,1564,1
000128.txt,259,260,1,260,0,1571,0
000132.txt,400,397,-3,397,0,1570,0
000136.txt,65,64,-1,64,0,1575,0
000140.txt,260,263,3,263,0,1570,0
000144.txt,162,163,1,163,0,1559,0
000148.txt,227,229,2,229,0,1560,0
000152.txt,101,101,0,101,0,1562,0
000156.txt,160,158,-2,158,0,1571,4
000160.txt,314,308,-6,308,0,1570,1
000164.txt,182,184,2,184,0,1567,7
000168.txt,336,340,4,340,0,1580,0
000172.txt,72,73,1,73,0,1582,2
000176.txt,284,288,4,288,0,1575,0
000180.txt,404,405,1,405,0,1576,1
000184.txt,122,120,-2,120,0,1576,2
000188.txt,122,113,-9,113,0,1575,0
000192.txt,188,187,-1,187,0,1561,0
000196.txt,187,186,-1,186,0,1559,0
000200.txt,188,187,-1,187,0,1558,0
000204.txt,83,85,2,85,0,1560,1
000208.txt,194,194,0,194,0,1560,0
000212.txt,211,211,0,211,0,1562,3
000216.txt,138,139,1,139,0,1562,0
000220.txt,62,62,0,62,0,1561,0
000224.txt,75,75,0,75,0,1561,0
000228.txt,119,119,0,119,0,1571,1
000232.txt,165,163,-2,163,0,1568,1
000236.txt,137,141,4,141,0,1566,0
000240.txt,131,131,0,131,0,1559,0
000244.txt,155,155,0,155,0,1570,0
000248.txt,151,151,0,151,0,1570,0
000252.txt,106,104,-2,104,0,1568,0
000256.txt,211,210,-1,210,0,1566,6
000260.txt,411,426,15,426,0,1559,0
000264.txt,119,120,1,120,0,1562,0
000268.txt,146,146,0,146,0,1558,2
000272.txt,400,399,-1,399,0,1557,0
000276.txt,524,517,-7,517,0,1581,1
000280.txt,257,254,-3,254,0,1570,0
000284.txt,281,282,1,282,0,1577,2
000288.txt,238,241,3,241,0,1561,0
000292.txt,208,206,-2,206,0,1568,0
000296.txt,322,312,-10,312,0,1564,0
000300.txt,124,125,1,125,0,1570,1
000304.txt,180,176,-4,176,0,1572,4
000308.txt,122,123,1,123,0,1568,0
000312.txt,260,255,-5,255,0,1565,1
000316.txt,137,134,-3,134,0,1565,1
000320.txt,166,163,-3,163,0,1558,2
000324.txt,308,315,7,315,0,1560,0
000328.txt,351,350,-1,350,0,1561,0
000332.txt,119,115,-4,115,0,1562,1
000336.txt,105,105,0,105,0,1547,1
000340.txt,322,320,-2,320,0,1561,0
000344.txt,370,370,0,370,0,1562,1
000348.txt,252,249,-3,249,0,1564,0
000352.txt,270,274,4,274,0,1578,0
000356.txt,65,65,0,65,0,1578,4
000360.txt,244,247,3,247,0,1575,0
000364.txt,377,373,-4,373,0,1575,1
000368.txt,90,88,-2,88,0,1569,1
000372.txt,144,148,4,148,0,1559,2
000376.txt,213,211,-2,211,0,1566,1
000380.txt,185,186,1,186,0,1565,1
000384.txt,388,373,-15,373,0,1559,0
000388.txt,147,145,-2,145,0,1570,0
000392.txt,147,151,4,151,0,1568,12
000396.txt,261,257,-4,257,0,1559,1
000400.txt,110,118,8,118,0,1562,16
000404.txt,201,196,-5,196,0,1562,0
000408.txt,455,459,4,459,0,1565,0
000412.txt,205,203,-2,203,0,1576,0
000416.txt,204,204,0,204,0,1573,5
000420.txt,352,361,9,361,0,1558,0
000424.txt,172,174,2,174,0,1561,3
000428.txt,426,415,-11,415,0,1561,0
000432.txt,225,220,-5,220,0,1558,1
000436.txt,139,135,-4,135,0,1561,1
000440.txt,107,107,0,107,0,1561,1
000444.txt,270,276,6,276,0,1559,0
000448.txt,220,224,4,224,0,1560,0
000452.txt,414,409,-5,409,0,1561,0
000456.txt,96,97,1,97,0,1557,2
000460.txt,253,249,-4,249,0,1568,2
000464.txt,89,89,0,89,0,1569,7
000468.txt,90,89,-1,89,0,1562,4
000472.txt,517,528,11,528,0,1566,0
000476.txt,294,294,0,294,0,1563,0
000480.txt,279,276,-3,276,0,1559,0
000484.txt,124,123,-1,123,0,1561,1
000488.txt,110,110,0,110,0,1560,0
000492.txt,127,127,0,127,0,1558,2
000496.txt,425,431,6,431,0,1560,2
000500.txt,421,422,1,422,0,1560,1
000504.txt,109,111,2,111,0,1559,2
000508.txt,141,142,1,142,0,1557,1
000512.txt,132,132,0,132,0,1566,1
000524.txt,235,238,3,238,0,1560,0
000547.txt,338,346,8,346,0,1560,0
000559.txt,193,192,-1,192,0,1559,0
000608.txt,610,610,0,610,0,1558,0
000683.txt,102,102,0,102,0,1563,0
000714.txt,293,283,-10,283,0,1562,1
000821.txt,177,175,-2,175,0,1560,5
000838.txt,156,156,0,156,0,1566,1
000926.txt,250,250,0,250,0,1574,1
001015.txt,254,261,7,261,0,1570,0
001042.txt,77,77,0,77,0,1555,0
001074.txt,298,288,-10,288,0,1561,4
001094.txt,459,443,-16,443,0,1562,0
001172.txt,178,182,4,182,0,1562,0
001219.txt,274,281,7,281,0,1561,4
001232.txt,244,235,-9,235,0,1557,12
001274.txt,134,134,0,134,0,1565,0
001302.txt,191,187,-4,187,0,1566,1
001313.txt,175,175,0,175,0,1560,3
001326.txt,151,151,0,151,0,1558,0
001332.txt,209,207,-2,207,0,1566,17
001353.txt,121,121,0,121,0,1568,4
001440.txt,211,208,-3,208,0,1564,1
001444.txt,294,305,11,305,0,1562,0
001485.txt,68,68,0,68,0,1561,5
001487.txt,126,123,-3,123,0,1563,2
001501.txt,163,160,-3,160,0,1563,0
001510.txt,339,339,0,339,0,1558,1
001575.txt,259,259,0,259,0,1560,1
001583.txt,69,70,1,70,0,1572,0
001597.txt,153,156,3,156,0,1564,1
001647.txt,268,267,-1,267,0,1557,1
001659.txt,85,85,0,85,0,1558,2
001678.txt,429,415,-14,415,0,1560,0
001738.txt,406,416,10,416,0,1561,1
001762.txt,562,565,3,565,0,1566,0
001767.txt,454,466,12,466,0,1557,0
001826.txt,309,316,7,316,0,1559,1
001829.txt,337,356,19,356,0,1559,0
001848.txt,120,121,1,121,0,1558,1
001869.txt,327,330,3,330,0,1559,0
002008.txt,110,110,0,110,0,1568,2
002031.txt,80,79,-1,79,0,1566,2
002039.txt,176,176,0,176,0,1562,0
002053.txt,202,208,6,208,0,1558,0
002070.txt,131,129,-2,129,0,1563,0
002127.txt,146,147,1,147,0,1563,2
002182.txt,269,264,-5,264,0,1558,0
002195.txt,109,107,-2,107,0,1561,1
002223.txt,152,156,4,156,0,1558,0
002224.txt,155,150,-5,150,0,1560,2
002270.txt,92,91,-1,91,0,1559,1
002276.txt,165,169,4,169,0,1560,4
002330.txt,146,146,0,146,0,1563,3
002404.txt,227,228,1,228,0,1563,5
002444.txt,350,352,2,352,0,1561,3
002518.txt,354,352,-2,352,0,1558,0
002522.txt,243,239,-4,239,0,1564,0
002531.txt,332,335,3,335,0,1574,0
002540.txt,254,255,1,255,0,1573,0
002551.txt,352,361,9,361,0,1570,0
002602.txt,153,155,2,155,0,1567,0
002613.txt,414,414,0,414,0,1565,2
002621.txt,222,221,-1,221,0,1557,1
002705.txt,289,280,-9,280,0,1557,1
002757.txt,92,93,1,93,0,1564,2
002808.txt,136,140,4,140,0,1569,0
002827.txt,127,129,2,129,0,1564,1
002880.txt,123,125,2,125,0,1557,0
002938.txt,379,374,-5,374,0,1559,4
002965.txt,428,436,8,436,0,1559,0
002971.txt,226,228,2,228,0,1572,0
002979.txt,141,143,2,143,0,1582,0
003054.txt,141,142,1,142,0,1579,0
003061.txt,125,125,0,125,0,1577,1
003124.txt,387,377,-10,377,0,1559,0
003144.txt,138,135,-3,135,0,1557,3
003147.txt,241,255,14,255,0,1559,1
003188.txt,117,114,-3,114,0,1566,2
003204.txt,185,185,0,185,0,1578,0
003209.txt,156,158,2,158,0,1565,2
003247.txt,51,51,0,51,0,1559,4
003256.txt,173,180,7,180,0,1560,1
003261.txt,461,476,15,476,0,1561,0
003269.txt,80,78,-2,78,0,1557,1
003334.txt,88,89,1,89,0,1558,3
003348.txt,118,119,1,119,0,1559,0
003368.txt,199,200,1,200,0,1558,0
003396.txt,54,55,1,55,0,1557,9
003405.txt,385,383,-2,383,0,1559,3
003406.txt,149,146,-3,146,0,1557,0
003425.txt,316,317,1,317,0,1558,0
003467.txt,163,164,1,164,0,1570,0
003498.txt,99,93,-6,93,0,1567,4
003532.txt,129,130,1,130,0,1559,0
003552.txt,220,218,-2,218,0,1560,3
003554.txt,265,262,-3,262,0,1558,1
003581.txt,517,517,0,517,0,1557,0
003680.txt,174,169,-5,169,0,1561,3
003704.txt,198,206,8,206,0,1559,0
003743.txt,133,133,0,133,0,1558,0
003822.txt,301,310,9,310,0,1559,0
003891.txt,388,375,-13,375,0,1557,0
003897.txt,166,166,0,166,0,1558,0
003972.txt,522,514,-8,514,0,1557,1
003973.txt,281,277,-4,277,0,1579,1
003994.txt,123,125,2,125,0,1573,8
004008.txt,132,134,2,134,0,1573,0
004079.txt,110,110,0,110,0,1576,0
004081.txt,340,355,15,355,0,1578,0
004122.txt,329,328,-1,328,0,1573,1
004128.txt,321,321,0,321,0,1559,4
004139.txt,181,180,-1,180,0,1557,0
004196.txt,117,121,4,121,0,1557,2
004197.txt,101,102,1,102,0,1559,2
004206.txt,194,192,-2,192,0,1558,1
004318.txt,197,201,4,201,0,1560,0
004363.txt,197,199,2,199,0,1562,2
004413.txt,321,320,-1,320,0,1560,2
004482.txt,112,112,0,112,0,1559,1
004486.txt,87,87,0,87,0,1562,2
004525.txt,132,132,0,132,0,1560,3
004553.txt,150,150,0,150,0,1560,0
004555.txt,136,136,0,136,0,1556,0
004560.txt,168,169,1,169,0,1557,3
004575.txt,397,397,0,397,0,1556,0
004590.txt,207,205,-2,205,0,1556,1
