case,v311,v401,delta,index,elapsed_ms
0000.txt,43,43,0,100.0,1909
0001.txt,102,99,-3,103.03030303030303,1909
0002.txt,110,107,-3,102.80373831775701,1916
0003.txt,120,119,-1,100.84033613445378,1905
0004.txt,245,252,7,97.22222222222223,1905
0005.txt,611,605,-6,100.99173553719008,1904
0006.txt,115,115,0,100.0,1906
0007.txt,112,115,3,97.3913043478261,1903
0008.txt,127,128,1,99.21875,1902
0009.txt,81,81,0,100.0,1902
0010.txt,69,70,1,98.57142857142857,1902
0011.txt,152,157,5,96.81528662420382,1904
0012.txt,121,122,1,99.18032786885246,1901
0013.txt,180,180,0,100.0,1902
0014.txt,342,347,5,98.55907780979827,1902
0015.txt,509,508,-1,100.19685039370079,1902
0016.txt,127,126,-1,100.7936507936508,1905
0017.txt,195,198,3,98.48484848484848,1905
0018.txt,72,72,0,100.0,1903
0019.txt,592,581,-11,101.89328743545612,1906
0020.txt,137,141,4,97.16312056737588,1902
0021.txt,67,68,1,98.52941176470588,1901
0022.txt,68,68,0,100.0,1905
0023.txt,82,84,2,97.61904761904762,1902
0024.txt,123,118,-5,104.23728813559322,1905
0025.txt,57,57,0,100.0,1902
0026.txt,127,118,-9,107.62711864406779,1903
0027.txt,139,140,1,99.28571428571429,1903
0028.txt,248,250,2,99.2,1901
0029.txt,248,247,-1,100.40485829959515,1901
0030.txt,433,445,12,97.30337078651685,1902
0031.txt,120,116,-4,103.44827586206897,1902
0032.txt,140,143,3,97.9020979020979,1905
0033.txt,137,140,3,97.85714285714286,1906
0034.txt,417,409,-8,101.9559902200489,1901
0035.txt,62,62,0,100.0,1903
0036.txt,206,202,-4,101.98019801980197,1903
0037.txt,238,237,-1,100.42194092827005,1902
0038.txt,126,123,-3,102.4390243902439,1901
0039.txt,117,114,-3,102.63157894736842,1904
0040.txt,141,138,-3,102.17391304347827,1902
0041.txt,88,87,-1,101.14942528735632,1903
0042.txt,311,305,-6,101.9672131147541,1903
0043.txt,166,166,0,100.0,1903
0044.txt,174,175,1,99.42857142857143,1901
0045.txt,193,193,0,100.0,1902
0046.txt,150,151,1,99.33774834437087,1902
0047.txt,314,310,-4,101.29032258064517,1904
0048.txt,223,216,-7,103.24074074074075,1901
0049.txt,178,175,-3,101.71428571428571,1902
0050.txt,141,137,-4,102.91970802919708,1902
0051.txt,116,116,0,100.0,1905
0052.txt,185,187,2,98.93048128342247,1902
0053.txt,124,126,2,98.41269841269842,1902
0054.txt,283,285,2,99.29824561403508,1902
0055.txt,284,288,4,98.61111111111111,1902
0056.txt,189,190,1,99.47368421052632,1904
0057.txt,235,235,0,100.0,1903
0058.txt,291,287,-4,101.39372822299651,1903
0059.txt,68,68,0,100.0,1901
0060.txt,150,154,4,97.40259740259741,1901
0061.txt,266,271,5,98.1549815498155,1901
0062.txt,165,163,-2,101.22699386503068,1902
0063.txt,249,249,0,100.0,1904
0064.txt,186,186,0,100.0,1904
0065.txt,124,124,0,100.0,1904
0066.txt,413,402,-11,102.7363184079602,1902
0067.txt,197,194,-3,101.54639175257732,1901
0068.txt,396,397,1,99.74811083123426,1902
0069.txt,132,130,-2,101.53846153846153,1902
0070.txt,390,392,2,99.48979591836735,1902
0071.txt,385,386,1,99.74093264248705,1903
0072.txt,89,89,0,100.0,1902
0073.txt,228,226,-2,100.88495575221239,1902
0074.txt,94,97,3,96.90721649484536,1901
0075.txt,342,334,-8,102.39520958083833,1902
0076.txt,252,245,-7,102.85714285714286,1901
0077.txt,85,84,-1,101.19047619047619,1902
0078.txt,249,249,0,100.0,1906
0079.txt,70,70,0,100.0,1904
0080.txt,169,167,-2,101.19760479041916,1901
0081.txt,332,337,5,98.51632047477744,1902
0082.txt,301,300,-1,100.33333333333333,1901
0083.txt,167,170,3,98.23529411764706,1902
0084.txt,304,297,-7,102.35690235690235,1902
0085.txt,203,198,-5,102.52525252525253,1901
0086.txt,96,93,-3,103.2258064516129,1902
0087.txt,114,111,-3,102.70270270270271,1901
0088.txt,146,148,2,98.64864864864865,1903
0089.txt,341,334,-7,102.09580838323353,1902
0090.txt,154,156,2,98.71794871794872,1902
0091.txt,99,99,0,100.0,1901
0092.txt,501,511,10,98.04305283757338,1901
0093.txt,81,81,0,100.0,1902
0094.txt,119,119,0,100.0,1901
0095.txt,225,223,-2,100.89686098654708,1901
0096.txt,81,81,0,100.0,1901
0097.txt,563,552,-11,101.9927536231884,1902
0098.txt,128,129,1,99.2248062015504,1901
0099.txt,187,186,-1,100.53763440860214,1901
