case,rows,complete,T,E,S,max_feature_error,seconds
0,32,True,130,0,130,2.757499095729088e-08,41.791951833991334
1,32,True,299,0,299,2.7276701897172018e-08,37.733099749995745
2,32,True,103,0,103,2.618147942889948e-08,42.13179162499728
3,32,True,186,0,186,2.4453187585926628e-08,41.02846945899364
4,32,True,263,0,263,2.5981511830863724e-08,38.1290863329923
5,32,True,181,0,181,5.154996296496961e-08,40.94503333300236
6,32,True,343,0,343,2.7415056225166268e-08,37.025325291993795
7,32,True,298,0,298,2.8889159287004418e-08,39.04919841699302
8,32,True,98,0,98,2.8528718831744015e-08,41.80423550000705
9,32,True,290,0,290,2.8180138444966474e-08,37.57909566599119
10,32,True,78,0,78,2.6490953208835322e-08,42.34762341600435
11,32,True,132,0,132,2.6318934032154573e-08,41.51454183399619
12,32,True,121,0,121,2.932926967957883e-08,41.90425354099716
13,32,True,120,0,120,2.9038160320737916e-08,42.20380054099951
14,32,True,215,0,215,2.850656921626893e-08,40.6435823750071
15,32,True,254,0,254,2.8940654317466397e-08,39.287278000003425
16,32,True,282,0,282,2.659284148442964e-08,38.17767350000213
17,32,True,185,0,185,2.9348479868573918e-08,41.64369129099941
18,32,True,135,0,135,2.9109245125447103e-08,41.89480475000164
19,24,True,562,0,562,2.869853266140865e-08,24.864543666000827
20,32,True,58,0,58,2.6468503278032074e-08,42.57292474999849
21,32,True,129,0,129,2.9159106795795253e-08,42.24471708398778
22,32,True,204,0,204,2.938257137596878e-08,40.30831524998939
23,32,True,81,0,81,1.6128315682983896e-08,42.441063708
24,32,True,265,0,265,2.880160221430117e-08,38.44535762500891
25,32,True,101,0,101,2.970331136609161e-08,42.00544720899779
26,32,True,327,0,327,2.9075436502878915e-08,38.496944833008456
27,32,True,92,0,92,2.948094579569016e-08,42.22848991700448
28,32,True,93,0,93,2.9240014409737114e-08,42.33844875000068
29,0,True,604,0,604,0.0,1.6203017499938142
30,32,True,151,0,151,2.963364387209566e-08,41.28469941699586
31,32,True,118,0,118,2.833663437229461e-08,41.798107583003
32,32,True,227,0,227,2.6422677601445343e-08,39.51039829199726
33,32,True,194,0,194,2.8972478860467277e-08,40.64018687499629
34,32,True,143,0,143,2.8115398453820717e-08,41.70193883300817
35,32,True,129,0,129,4.614553139603572e-08,41.97621349999099
36,32,True,275,0,275,2.9011110291854436e-08,39.75222133300849
37,32,True,276,0,276,2.9551882718692468e-08,38.94777870899998
38,32,True,144,0,144,2.5793822855391113e-08,41.58231720900221
39,32,True,130,0,130,2.938257137596878e-08,41.79604741599178
40,32,True,159,0,159,2.4543089005568675e-08,41.05092783299915
41,32,True,188,0,188,2.6490953208835322e-08,40.79099462500017
42,32,True,280,0,280,2.746289096133836e-08,38.3117701250012
43,32,True,72,0,72,2.8233779092445843e-08,42.685618083007284
44,32,True,194,0,194,2.8950827513085642e-08,40.23405954199552
45,32,True,194,0,194,2.635207541068496e-08,40.75708870800736
46,32,True,399,0,399,4.839188982863618e-08,39.06667658399965
47,32,True,269,0,269,2.8899221682365805e-08,38.42627458399511
48,32,True,99,0,99,2.8950827513085642e-08,42.14265633300238
49,32,True,432,0,432,4.723386948235486e-08,38.178262500005076
50,32,True,151,0,151,2.790004649533273e-08,41.687613707996206
51,32,True,78,0,78,2.8610229518832853e-08,42.426726042001974
52,32,True,255,0,255,2.7037158401022054e-08,40.44692291699175
53,32,True,102,0,102,2.8899221682365805e-08,42.44741074999911
54,32,True,87,0,87,2.8774656102292795e-08,42.20776954200119
55,32,True,131,0,131,2.8363589588131788e-08,41.73414420799236
56,32,True,167,0,167,2.6918226647687504e-08,40.57564125000499
57,32,True,317,0,317,2.9194111683672475e-08,38.04370929200377
58,32,True,171,0,171,2.9325110895150885e-08,40.91684433299815
59,32,True,118,0,118,2.743705873609059e-08,42.18505850000656
60,32,True,109,0,109,2.781550090258378e-08,42.07145733300422
61,32,True,268,0,268,2.8026025056249182e-08,40.245948124997085
62,32,True,322,0,322,2.6678566245053048e-08,38.14477387499937
63,32,True,190,0,190,2.5544847792602354e-08,40.49004579200118
64,32,True,87,0,87,2.948861377305434e-08,42.3565155420074
65,32,True,219,0,219,2.8774656102292795e-08,40.09122875001049
66,32,True,312,0,312,2.963005463207935e-08,38.36029120799503
67,32,True,168,0,168,2.850656921626893e-08,40.73137108399533
68,32,True,275,0,275,2.8893099024429603e-08,38.97428441699594
69,32,True,285,0,285,2.8007001717789137e-08,39.204825291992165
70,32,True,114,0,114,2.9297198333999575e-08,41.85018116701394
71,32,True,170,0,170,3.667978143440109e-08,41.53055704200233
72,32,True,162,0,162,2.764807638389044e-08,41.53985050000483
73,32,True,163,0,163,2.9357511643901546e-08,40.83822820799833
74,32,True,131,0,131,2.7093020382729094e-08,41.96636658300122
75,32,True,104,0,104,2.9279474622612156e-08,42.17739079199964
76,32,True,484,0,484,2.9536325718559908e-08,35.48619866700028
77,32,True,389,0,389,2.8142950303511327e-08,35.91225958400173
78,32,True,176,0,176,2.955797651083003e-08,41.21720808401005
79,32,True,238,0,238,2.7578268446681875e-08,40.62474195800314
80,32,True,198,0,198,2.9386476030346387e-08,40.08910041600757
81,32,True,102,0,102,2.8905022375624867e-08,42.110424124999554
82,32,True,111,0,111,2.850656921626893e-08,42.17204779099848
83,32,True,165,0,165,2.528681897207008e-08,41.69496833400626
84,32,True,128,0,128,2.6490953208835322e-08,41.884702416995424
85,32,True,234,0,234,3.405979698278827e-08,40.41839758399874
86,32,True,349,0,349,2.6680174292081915e-08,39.26216679200297
87,32,True,254,0,254,2.857756942198364e-08,40.514374874997884
88,32,True,208,0,208,4.503462047722451e-08,41.20903395800269
89,24,True,538,0,538,2.6222009563703352e-08,25.1926736250025
90,32,True,169,0,169,2.9637668652604532e-08,41.671149457994034
91,32,True,440,0,440,2.5880648513165738e-08,33.97210174999782
92,32,True,158,0,158,5.108969558520471e-08,41.93672141600109
93,32,True,59,0,59,2.5915062984438464e-08,42.57731125000282
94,32,True,149,0,149,2.926046205331545e-08,41.61835370800691
95,32,True,173,0,173,2.750983607580082e-08,41.54626258299686
96,32,True,143,0,143,2.4259983355534587e-08,41.50003508399823
97,32,True,380,0,380,2.7428686100172683e-08,36.32814483299444
98,32,True,86,0,86,2.948861377305434e-08,42.053915791999316
99,32,True,234,0,234,2.8750475666861064e-08,39.58587391600304
100,32,True,265,0,265,5.318568296885928e-08,40.84759929199936
101,32,True,92,0,92,2.622604367008563e-08,42.13091599999461
102,32,True,226,0,226,2.8590845913001317e-08,40.65911587499431
103,32,True,149,0,149,2.9168230386567018e-08,41.37195787500241
104,32,True,182,0,182,2.7513977873816486e-08,40.90807908399438
105,32,True,275,0,275,2.8355607750718548e-08,39.986445625007036
106,32,True,166,0,166,4.070561110403048e-08,41.66869229200529
107,32,True,328,0,328,2.9168230386567018e-08,38.500763415999245
108,32,True,133,0,133,2.8233779092445843e-08,41.77907920899452
109,32,True,416,0,416,2.6236807504353976e-08,34.380515917000594
110,32,True,165,0,165,2.688052602728419e-08,40.99169762499514
111,32,True,327,0,327,2.869950288530987e-08,37.6889492499904
112,32,True,96,0,96,2.9240014409737114e-08,42.04136849999486
113,32,True,129,0,129,2.959095835031178e-08,41.68136387500272
114,32,True,160,0,160,2.7867106622281312e-08,41.22975829200004
115,32,True,265,0,265,2.9024870507043943e-08,39.14852170800441
116,32,True,65,0,65,2.9076974827901836e-08,42.4351036670123
117,32,True,90,0,90,2.717971803178898e-08,42.29959058300301
118,32,True,230,0,230,2.872513005236499e-08,40.03220033299294
119,32,True,96,0,96,2.7093020382729094e-08,42.20907479200105
120,32,True,440,0,440,2.8133392282470027e-08,38.073186166991945
121,32,True,151,0,151,2.973535095929236e-08,41.05841124999279
122,32,True,102,0,102,2.4263837716809178e-08,41.9194601670024
123,32,True,117,0,117,2.8840957178033477e-08,42.067711249997956
124,32,True,196,0,196,2.8950827513085642e-08,40.59280274999037
125,32,True,183,0,183,2.9260461942293148e-08,41.074601041007554
126,32,True,468,0,468,2.8758661341221625e-08,35.60635545900732
127,32,True,124,0,124,2.8233779092445843e-08,42.25676583399763
128,32,True,348,0,348,2.781550090258378e-08,35.93427483299456
129,32,True,458,0,458,2.8473556401564792e-08,33.359010749991285
130,32,True,414,0,414,2.8770848259362936e-08,38.360205624994705
131,32,True,600,0,600,3.623962396837044e-08,35.77253100000962
132,32,True,155,0,155,2.8286950115585796e-08,41.759819250000874
133,32,True,233,0,233,2.9404958135081927e-08,40.44341245800024
134,32,True,165,0,165,2.833663437229461e-08,40.94140254199738
135,32,True,234,0,234,2.7881465025636487e-08,39.559130707988515
136,32,True,364,0,364,2.9587917227402727e-08,37.3773629579955
137,32,True,229,0,229,2.9003026424945233e-08,40.30082154199772
138,32,True,88,0,88,2.7093020382729094e-08,42.23591762500291
139,32,True,234,0,234,2.6118889273618606e-08,39.678297541991924
140,32,True,236,0,236,2.7690901682753122e-08,40.946287500002654
141,32,True,162,0,162,2.838316415232356e-08,40.96421220799675
142,32,True,264,0,264,2.958195621793891e-08,40.07544179201068
143,32,True,115,0,115,2.8230566551101788e-08,42.09032683300029
144,32,True,211,0,211,2.7226813026359764e-08,40.28237333300058
145,32,True,363,0,363,2.9163286230371455e-08,35.97605837500305
146,32,True,186,0,186,2.778044472240282e-08,40.52018262499769
147,32,True,197,0,197,2.7309764449867657e-08,40.73562016700453
148,32,True,117,0,117,2.7744882502567236e-08,41.86197658299352
149,32,True,223,0,223,2.8233779092445843e-08,40.49699795899505
150,32,True,202,0,202,2.8291605613794957e-08,40.81047166700591
151,32,True,109,0,109,2.189558379050993e-08,41.932524499992724
152,32,True,224,0,224,2.8209831914871586e-08,40.05577041700599
153,32,True,156,0,156,2.350184868937788e-08,41.1059315839957
154,32,True,211,0,211,2.8590845913001317e-08,40.165134750001016
155,32,True,151,0,151,2.9656794242605145e-08,41.40073320901138
156,32,True,72,0,72,2.80492445936531e-08,42.563776124996366
157,32,True,109,0,109,2.850656921626893e-08,41.93290395899385
158,32,True,84,0,84,2.930059972428012e-08,42.37671462500293
159,32,True,364,0,364,2.833663437229461e-08,38.49109079199843
160,32,True,495,0,495,2.6927986729319286e-08,32.91889683299814
161,32,True,174,0,174,2.765866768950076e-08,40.83776287500223
162,32,True,104,0,104,2.809646559853718e-08,42.02314366599603
163,32,True,116,0,116,2.6675288755662052e-08,41.86621400000877
164,32,True,128,0,128,2.958156442023352e-08,41.72086279200448
165,32,True,220,0,220,2.745276173055089e-08,40.9951580830093
166,32,True,394,0,394,2.779766361538094e-08,37.35198533399671
167,32,True,365,0,365,2.9177098848087724e-08,35.97399429199868
168,32,True,210,0,210,2.8164832133192874e-08,40.84406016599678
169,32,True,232,0,232,2.828298828472242e-08,39.01231841700792
170,32,True,176,0,176,2.613727823064238e-08,40.72054995800136
171,32,True,290,0,290,2.8243716698739263e-08,38.788823542010505
172,32,True,190,0,190,2.9168230386567018e-08,41.140223166003125
173,32,True,268,0,268,2.9286711278331268e-08,39.52150237499154
174,32,True,299,0,299,2.9063421780328724e-08,37.783947582996916
175,32,True,311,0,311,2.931343823231458e-08,38.242651125008706
176,32,True,307,0,307,2.7723581541572173e-08,38.54231320800318
177,32,True,97,0,97,2.618147942889948e-08,41.99306725000497
178,32,True,134,0,134,2.9357511643901546e-08,41.506812874999014
179,32,True,90,0,90,2.8950827513085642e-08,42.181073708998156
180,32,True,109,0,109,2.6490953208835322e-08,42.075875291993725
181,32,True,513,0,513,2.908934815248898e-08,31.7920070830005
182,32,True,146,0,146,2.5096692501946904e-08,41.718376458011335
183,32,True,161,0,161,2.8164832133192874e-08,41.61307133300579
184,32,True,329,0,329,2.8547994079808348e-08,38.90363425000396
185,32,True,282,0,282,2.4283373756261994e-08,39.553198749999865
186,32,True,308,0,308,2.9467464801591348e-08,40.139734083990334
187,32,True,82,0,82,2.850656921626893e-08,42.49132391701278
188,32,True,97,0,97,2.5376234891183458e-08,42.35334779199911
189,32,True,275,0,275,2.9075436502878915e-08,40.189440292000654
190,32,True,137,0,137,2.8528718942766318e-08,41.41012587500154
191,32,True,238,0,238,2.8899221682365805e-08,39.03005783300614
192,24,True,488,0,488,2.563708045855151e-08,25.530653415989946
193,32,True,143,0,143,2.5544847792602354e-08,41.89578899998742
194,32,True,248,0,248,2.8950827513085642e-08,39.12371366699517
195,32,True,56,0,56,2.6468503278032074e-08,42.651443499999004
196,32,True,215,0,215,2.8839635679567266e-08,39.99674166600744
197,32,True,146,0,146,2.671932353148776e-08,41.27734974998748
198,32,True,215,0,215,4.768371586472142e-08,41.09367762498732
199,32,True,182,0,182,2.497718443184027e-08,40.70836554199923
200,24,True,481,0,481,2.078520944248652e-08,25.933398833003594
201,32,True,255,0,255,2.8750475666861064e-08,40.33782337499724
202,32,True,112,0,112,2.833663437229461e-08,42.22446158301318
203,32,True,219,0,219,2.905100338068678e-08,40.720130834000884
204,32,True,111,0,111,2.6490953208835322e-08,42.112219624992576
205,32,True,472,0,472,2.8070323732087843e-08,33.282647500003804
206,32,True,152,0,152,2.7093020382729094e-08,41.59810758399544
207,32,True,101,0,101,2.9194111794694777e-08,42.18601525000122
208,32,True,244,0,244,2.9636254783582672e-08,39.38508191698929
209,32,True,391,0,391,2.710559254825995e-08,38.14718433300732
210,32,True,74,0,74,2.8711564348249397e-08,42.65004529200087
211,32,True,484,0,484,2.9353041108848288e-08,32.454118458001176
212,32,True,277,0,277,2.833663437229461e-08,38.55692395899678
213,32,True,156,0,156,2.963005463207935e-08,41.65225633299269
214,32,True,158,0,158,2.5977811235478043e-08,41.21006949999719
215,32,True,387,0,387,2.7935654234312324e-08,37.937628041006974
216,32,True,130,0,130,2.2138868072119067e-08,41.38047925000137
217,32,True,204,0,204,2.8421347719742585e-08,40.94149495799502
218,32,True,195,0,195,2.9669867673831618e-08,40.11896924999019
219,32,True,111,0,111,2.7971943539206734e-08,42.20019112499722
220,32,True,185,0,185,2.9366190812396553e-08,41.5605727499933
221,32,True,179,0,179,2.9168230386567018e-08,40.71083445800468
222,32,True,89,0,89,2.869853266140865e-08,42.369468333999976
223,32,True,103,0,103,2.7956160830733268e-08,42.11617954200483
224,32,True,135,0,135,2.6490953208835322e-08,41.893726333000814
225,32,True,446,0,446,2.873029636418778e-08,35.59069487500528
226,32,True,240,0,240,2.9419307989719812e-08,40.5442326659977
227,32,True,345,0,345,2.9185722616453802e-08,38.4866249159968
228,32,True,104,0,104,2.9075436502878915e-08,42.17884262499865
229,32,True,112,0,112,2.6918226647687504e-08,42.342978415996186
230,32,True,193,0,193,2.833663437229461e-08,40.14951750000182
231,32,True,98,0,98,2.80492445936531e-08,42.19385195799987
232,32,True,329,0,329,2.9463672723828438e-08,37.89979254199716
233,32,True,141,0,141,2.9251212563252693e-08,41.30389099998865
234,32,True,82,0,82,2.8610229518832853e-08,42.5471175420098
235,32,True,149,0,149,2.4995496228363834e-08,41.4080736249889
236,32,True,210,0,210,2.781550090258378e-08,41.26638745798846
237,32,True,470,0,470,2.6631284733014127e-08,35.69874337500369
238,32,True,381,0,381,2.8233779092445843e-08,34.335994249995565
239,32,True,211,0,211,2.700039458680692e-08,39.87404329198762
240,32,True,83,0,83,2.846237301401544e-08,42.324183500008075
241,32,True,279,0,279,2.3172053165154693e-08,39.00155225000344
242,32,True,439,0,439,2.8269631524580063e-08,33.742240624997066
243,32,True,285,0,285,2.9240014409737114e-08,40.370142375002615
244,32,True,319,0,319,2.838316415232356e-08,37.62524683299125
245,32,True,204,0,204,2.869853266140865e-08,40.877212374995
246,32,True,174,0,174,2.9357511643901546e-08,41.21643537499767
247,32,True,210,0,210,2.6311960277247692e-08,39.8198010000051
248,32,True,339,0,339,2.5685093940630566e-08,37.96155195799656
249,32,True,178,0,178,2.922835173890803e-08,41.29507329199987
250,32,True,156,0,156,2.6318934032154573e-08,41.561658542006626
251,32,True,169,0,169,2.8431438536813403e-08,41.14462708399515
252,32,True,341,0,341,5.2068425349105496e-08,39.005339374998584
253,32,True,74,0,74,2.8813983976583302e-08,42.63945629099908
254,32,True,95,0,95,5.6467558184891686e-08,42.22750091699709
255,32,True,206,0,206,2.8225298320805337e-08,40.74995545799902
256,32,True,463,0,463,2.740443438842277e-08,34.221259500001906
257,32,True,252,0,252,2.858312386777584e-08,39.36984370899154
258,32,True,62,0,62,2.4543089116590977e-08,42.49093779100804
259,32,True,326,0,326,2.5356672095355748e-08,39.78987641700951
260,32,True,282,0,282,2.9343825147520874e-08,39.8291070839914
261,32,True,210,0,210,2.9415279212408052e-08,40.702704292009
262,32,True,158,0,158,2.5544847792602354e-08,41.33396570800687
263,32,True,405,0,405,2.6333432989744665e-08,34.287081959002535
264,32,True,207,0,207,2.750983607580082e-08,40.7207257909904
265,32,True,169,0,169,2.3125299342119376e-08,40.70397783401131
266,32,True,434,0,434,2.6652483442468622e-08,36.49914562499907
267,32,True,57,0,57,1.9868214962137642e-08,42.77458158299851
268,32,True,146,0,146,2.5019233573786437e-08,41.51012049999554
269,32,True,223,0,223,2.932926967957883e-08,41.12908808400971
270,32,True,194,0,194,2.5659398605881734e-08,40.371273790995474
271,24,True,583,0,583,2.7530396518038458e-08,25.240265749991522
272,32,True,266,0,266,2.5861903840684874e-08,38.268923583003925
273,32,True,96,0,96,2.838316415232356e-08,42.17615254200064
274,32,True,216,0,216,2.384185793236071e-08,40.758824916003505
275,24,True,541,0,541,2.9334223050625496e-08,26.143954458006192
276,32,True,113,0,113,2.8663652895666303e-08,41.833462583002984
277,32,True,88,0,88,2.948861377305434e-08,42.39377666699875
278,32,True,333,0,333,2.9448935179310354e-08,37.10973179199209
279,32,True,263,0,263,2.970331136609161e-08,38.30701800000679
280,32,True,113,0,113,2.5544847792602354e-08,42.242031375004444
281,32,True,716,0,716,5.108969558520471e-08,33.07753624999896
282,32,True,130,0,130,2.8950827513085642e-08,41.72746012499556
283,32,True,184,0,184,2.9651308297573564e-08,40.69711241700861
284,32,True,126,0,126,2.6490953208835322e-08,41.68410962499911
285,32,True,324,0,324,2.938954779541092e-08,38.050084249989595
286,32,True,642,0,642,5.9224997350781905e-08,35.45279208300053
287,32,True,192,0,192,2.817674116251112e-08,40.404920916989795
288,32,True,368,0,368,2.958156442023352e-08,37.25004341699241
289,32,True,143,0,143,2.716418667780829e-08,41.44190979198902
290,32,True,260,0,260,2.6895448534958177e-08,39.64362937500118
291,32,True,461,0,461,2.622604367008563e-08,35.44607779200305
292,32,True,236,0,236,2.943439247893309e-08,40.00703725000494
293,32,True,121,0,121,2.9357511643901546e-08,41.79685504199006
294,32,True,82,0,82,2.9140048596332235e-08,42.46705179200217
295,32,True,178,0,178,2.9343825147520874e-08,41.24003795799217
296,32,True,128,0,128,2.878640326109405e-08,41.51520516700111
297,32,True,114,0,114,2.9636699871993244e-08,42.009033750000526
298,32,True,127,0,127,2.8950827513085642e-08,41.826887457995326
299,32,True,221,0,221,2.9571296633612576e-08,40.90318933399976
300,32,True,479,0,479,4.975692080577687e-08,37.913475917011965
301,32,True,100,0,100,2.869853266140865e-08,42.30728620800073
302,32,True,180,0,180,2.9343825147520874e-08,40.64020683300623
303,32,True,273,0,273,2.867058868094574e-08,38.87130091698782
304,32,True,212,0,212,2.8950827513085642e-08,40.75817333300074
305,32,True,325,0,325,2.7247837652843998e-08,37.41361429200333
306,32,True,312,0,312,2.9603697826452446e-08,38.254944708998664
307,32,True,226,0,226,2.9641481602560305e-08,40.96846983299474
308,32,True,296,0,296,2.8350633285434412e-08,37.89044033299433
309,32,True,303,0,303,2.945170685109133e-08,39.59728124999674
310,32,True,194,0,194,2.856850878085737e-08,40.35797699999239
311,32,True,64,0,64,2.8610229518832853e-08,42.47793824999826
312,32,True,126,0,126,2.812996191536854e-08,41.945184042007895
313,32,True,182,0,182,2.733091031270618e-08,40.527067624992924
314,32,True,361,0,361,2.95639037695139e-08,36.497652874997584
315,32,True,328,0,328,2.6876025849276175e-08,37.53550616600842
316,32,True,237,0,237,2.5915062984438464e-08,40.177565582998795
317,32,True,469,0,469,2.780024699333694e-08,34.009871709000436
318,32,True,64,0,64,2.4870003390020656e-08,42.66235608300485
319,32,True,223,0,223,2.9186418948334847e-08,39.49965866698767
320,32,True,337,0,337,2.6746789449916264e-08,36.569030333004775
321,32,True,466,0,466,2.7373107225336923e-08,33.227595499993186
322,32,True,137,0,137,2.853736813523966e-08,41.71465366700431
323,32,True,158,0,158,2.7247837652843998e-08,41.067072374993586
324,32,True,433,0,433,2.384185793236071e-08,34.52592908299994
325,32,True,177,0,177,2.9279474622612156e-08,40.86132058298972
326,32,True,235,0,235,2.4995496228363834e-08,39.67328745900886
327,32,True,101,0,101,2.2706531321858847e-08,42.00253225000051
328,32,True,105,0,105,2.850656921626893e-08,42.29489854199346
329,32,True,401,0,401,2.9311460592040817e-08,37.21703129199159
330,32,True,80,0,80,2.750983607580082e-08,42.47951729099441
331,32,True,212,0,212,4.334883252354871e-08,40.80006866699841
332,24,True,550,0,550,2.791241904276376e-08,25.691763082999387
333,32,True,276,0,276,2.8840957178033477e-08,39.11602812500496
334,32,True,222,0,222,2.575509339131088e-08,40.38874016699265
335,32,True,162,0,162,2.781550090258378e-08,41.317600750000565
336,32,True,131,0,131,2.7593698770367325e-08,41.44446929100377
337,32,True,217,0,217,2.5544847792602354e-08,40.990334917005384
338,32,True,127,0,127,2.7385917866773468e-08,41.64418408299389
339,32,True,202,0,202,4.048617374685648e-08,41.57186300000467
340,32,True,433,0,433,2.711573987568272e-08,33.720074124998064
341,32,True,166,0,166,2.9474824358999285e-08,40.91861304199847
342,32,True,161,0,161,2.9637668652604532e-08,41.128745000009076
343,32,True,115,0,115,2.9186032923789185e-08,42.079019083001185
344,32,True,236,0,236,2.8185142109116157e-08,39.622315792003064
345,32,True,144,0,144,1.7029898491394135e-08,41.78905787499389
346,32,True,215,0,215,2.9394071399124755e-08,39.95355862499855
347,32,True,195,0,195,2.921796316002201e-08,41.22470395801065
348,32,True,60,0,60,2.9727629802245303e-08,42.55544199999713
349,32,True,343,0,343,2.9357511643901546e-08,36.62043762499525
350,32,True,84,0,84,2.8592303302765743e-08,42.21776533400407
351,32,True,138,0,138,2.7385917866773468e-08,41.350460000001476
352,32,True,137,0,137,2.8233779092445843e-08,41.732050999999046
353,32,True,410,0,410,3.544059956617218e-08,38.983033000011346
354,32,True,141,0,141,2.8774656102292795e-08,41.88152829099272
355,32,True,124,0,124,1.477732891608241e-08,41.97407041701081
356,32,True,130,0,130,2.7247837652843998e-08,41.56184145800944
357,32,True,263,0,263,2.9404958135081927e-08,39.9436357079976
358,32,True,154,0,154,2.9786727195890705e-08,40.864807416000986
359,32,True,248,0,248,2.5897190503165746e-08,39.7289766670001
360,32,True,364,0,364,2.850656921626893e-08,36.19056587500381
361,32,True,109,0,109,2.905100338068678e-08,42.119523624991416
362,32,True,126,0,126,2.671932353148776e-08,41.75824833399383
363,32,True,352,0,352,2.8996854251062132e-08,38.05093820800539
364,32,True,89,0,89,2.869853266140865e-08,42.322843207992264
365,32,True,130,0,130,2.80492445936531e-08,41.78350508300355
366,32,True,219,0,219,2.8610229518832853e-08,39.7696425000031
367,32,True,237,0,237,2.608736837661496e-08,40.71193887499976
368,32,True,160,0,160,2.8286950115585796e-08,41.335396000009496
369,32,True,215,0,215,2.7047485917641723e-08,39.44551533400954
370,32,True,304,0,304,2.6451765444690523e-08,38.362260875001084
371,32,True,521,0,521,3.9736429924275285e-08,37.26395187500748
372,32,True,174,0,174,5.8218490250894206e-08,41.75799700000789
373,32,True,165,0,165,2.8200046964244052e-08,41.07102249999298
374,32,True,95,0,95,2.921796316002201e-08,42.33133600000292
375,32,True,555,0,555,2.9394071399124755e-08,35.36661933400319
376,32,True,348,0,348,2.8026025056249182e-08,36.352323833008995
377,32,True,111,0,111,2.7136369151747886e-08,41.88669075000507
378,32,True,261,0,261,2.8497843640451492e-08,38.56094995800231
379,32,True,304,0,304,2.9011110291854436e-08,38.923010708007496
380,32,True,450,0,450,2.943439247893309e-08,38.15791570900183
381,32,True,149,0,149,2.6142388032113217e-08,41.262847082994995
382,32,True,154,0,154,2.384185793236071e-08,41.562894334012526
383,32,True,511,0,511,2.923612973937395e-08,35.77261733300111
384,32,True,158,0,158,2.405099697178059e-08,40.730308875004994
385,32,True,255,0,255,2.781550090258378e-08,39.228333291001036
386,32,True,277,0,277,2.715714586543072e-08,39.896007374991314
387,32,True,221,0,221,2.833663437229461e-08,40.54736633299035
388,32,True,149,0,149,2.8426830556149696e-08,41.59941737499321
389,32,True,179,0,179,2.6490953208835322e-08,40.83555262500886
390,32,True,253,0,253,2.7093020382729094e-08,39.93626666600176
391,32,True,108,0,108,5.183012596887693e-08,42.253221458013286
392,32,True,99,0,99,2.6738532277192917e-08,41.938393208009074
393,32,True,271,0,271,2.84207577472273e-08,39.394790542006376
394,32,True,196,0,196,2.8899221682365805e-08,41.451237084009335
395,32,True,212,0,212,2.6069703729092453e-08,40.188283999988926
396,32,True,131,0,131,2.7392772827816714e-08,41.64536695799325
397,32,True,186,0,186,2.956891864691613e-08,40.5108571669989
398,32,True,471,0,471,2.834681500640812e-08,37.1930072499963
399,24,True,541,0,541,2.8610229518832853e-08,25.63781679200474
400,32,True,157,0,157,2.8950827513085642e-08,41.09660950000398
401,32,True,99,0,99,2.671932353148776e-08,42.291020499993465
402,32,True,118,0,118,2.95639037695139e-08,42.32431833300507
403,32,True,81,0,81,2.5544847792602354e-08,42.462026458000764
404,32,True,45,0,45,2.5363678712864157e-08,42.69520204201399
405,32,True,87,0,87,2.8679135621878515e-08,42.408024874996045
406,32,True,177,0,177,2.084694472603843e-08,40.52699124999344
407,32,True,224,0,224,2.784618535756067e-08,39.96864133400959
408,32,True,209,0,209,2.5096692501946904e-08,40.377694291993976
409,32,True,164,0,164,2.3396556803056967e-08,41.252160999996704
410,32,True,136,0,136,2.6490953208835322e-08,41.86622266600898
411,32,True,284,0,284,2.781550090258378e-08,38.771350915994844
412,32,True,139,0,139,2.5096692501946904e-08,41.842987916999846
413,32,True,198,0,198,4.6748741100444136e-08,41.09181979201094
414,32,True,493,0,493,2.9730192196986138e-08,34.60780141700525
415,32,True,298,0,298,2.8299805165943326e-08,38.99725316699187
416,32,True,242,0,242,2.781550090258378e-08,40.921030375000555
417,32,True,289,0,289,2.9010645552496328e-08,38.34278558299411
418,32,True,247,0,247,2.9049195160446573e-08,39.600908207998145
419,32,True,202,0,202,2.7500532961965973e-08,40.48600449999503
420,32,True,290,0,290,2.9031455572869902e-08,39.01954887500324
421,32,True,168,0,168,2.97527014136989e-08,40.91488587499771
422,32,True,393,0,393,2.8459875456299244e-08,35.47266195798875
423,32,True,226,0,226,2.5544847792602354e-08,40.62682275001134
424,32,True,112,0,112,2.528681897207008e-08,41.91525258299953
425,32,True,154,0,154,2.9140048596332235e-08,41.47171516699018
426,32,True,87,0,87,2.968452672558186e-08,42.39531133399578
427,32,True,328,0,328,2.818973321438989e-08,39.19817666600284
428,32,True,159,0,159,2.6788604445826536e-08,41.05755191699427
429,32,True,205,0,205,2.9075436502878915e-08,40.07560649998777
430,32,True,123,0,123,2.846789004529171e-08,41.861194249999244
431,32,True,180,0,180,2.8899221682365805e-08,40.74474345800991
432,32,True,201,0,201,2.781550090258378e-08,40.88302366700373
433,32,True,425,0,425,2.754836525564741e-08,38.230321333001484
434,32,True,120,0,120,2.95639037695139e-08,41.78069987500203
435,32,True,182,0,182,2.8426830556149696e-08,40.87791616699542
436,32,True,106,0,106,5.2981906417670643e-08,42.4665113749943
437,32,True,397,0,397,2.9543171797818957e-08,37.212302709012874
438,32,True,135,0,135,2.5096692501946904e-08,41.736384000003454
439,32,True,180,0,180,2.8610229518832853e-08,40.686977582998225
440,32,True,281,0,281,2.8456411116373204e-08,38.811530874998425
441,32,True,247,0,247,2.8089545245357783e-08,40.27701045900176
442,32,True,256,0,256,2.781550090258378e-08,38.47733304099529
443,32,True,206,0,206,2.953858502241502e-08,40.62059895899438
444,32,True,319,0,319,3.9143348784520526e-08,40.02316912499373
445,32,True,391,0,391,2.9771689447066763e-08,35.948462665997795
446,32,True,230,0,230,3.178914398382915e-08,40.465233249997254
447,32,True,140,0,140,2.576458835168438e-08,41.78480083300383
448,32,True,88,0,88,2.957973443962203e-08,42.514831624997896
449,32,True,432,0,432,2.9443258275918538e-08,36.37732666700322
450,32,True,137,0,137,2.869853266140865e-08,41.216648417001124
451,32,True,123,0,123,2.8950827513085642e-08,41.90825158300868
452,32,True,186,0,186,2.7093020382729094e-08,40.699017915991135
453,32,True,138,0,138,2.8233779092445843e-08,41.72313708398724
454,32,True,124,0,124,2.8610229518832853e-08,42.03172066700063
455,32,True,386,0,386,2.9672867829511063e-08,34.85177125000337
456,32,True,216,0,216,2.7135188429561197e-08,39.84568287500588
457,32,True,168,0,168,2.9495081932395806e-08,40.510591625003144
458,32,True,168,0,168,2.384185793236071e-08,41.234364125004504
459,32,True,137,0,137,2.942507781877879e-08,41.90638833399862
460,32,True,133,0,133,2.9607535978470878e-08,41.55476720900333
461,32,True,177,0,177,2.8753999514741224e-08,41.52134195899998
462,32,True,266,0,266,5.7681914356066954e-08,40.082046041003196
463,32,True,144,0,144,2.940511700799675e-08,41.52757862499857
464,32,True,223,0,223,2.76438996138495e-08,40.72245087500778
465,24,True,557,0,557,2.6080289705632254e-08,25.390868290996877
466,32,True,190,0,190,2.9038160320737916e-08,41.2461399169988
467,32,True,227,0,227,2.764273376865134e-08,40.29472299999907
468,32,True,65,0,65,2.5915062984438464e-08,42.4819712919998
469,32,True,123,0,123,2.8899221682365805e-08,41.9950893339992
470,32,True,140,0,140,2.9240014409737114e-08,41.92053679199307
471,32,True,315,0,315,2.869853266140865e-08,38.97129991700058
472,32,True,131,0,131,2.6490953208835322e-08,41.78641958300432
473,32,True,113,0,113,2.384185793236071e-08,42.17695670899411
474,32,True,103,0,103,2.8483635561293852e-08,42.13381250000384
475,32,True,196,0,196,2.8950827513085642e-08,40.51175137500104
476,32,True,181,0,181,2.6864065305609586e-08,40.96298162500898
477,32,True,115,0,115,2.2178472502965008e-08,42.1008509999956
478,32,True,99,0,99,2.8774656102292795e-08,42.03980691600009
479,32,True,90,0,90,2.869853266140865e-08,42.13900387499598
480,32,True,162,0,162,2.838316415232356e-08,41.4053497910063
481,32,True,323,0,323,2.86746669742044e-08,38.15208137499576
482,32,True,250,0,250,2.750983607580082e-08,39.79981491700164
483,32,True,52,0,52,2.2706531321858847e-08,42.58990283300227
484,32,True,291,0,291,2.791609943209039e-08,38.63299908299814
485,32,True,98,0,98,5.108969558520471e-08,42.332753624999896
486,32,True,316,0,316,2.9075436502878915e-08,39.239255791995674
487,32,True,354,0,354,2.9194111683672475e-08,37.980554833004135
488,32,True,92,0,92,2.6490953208835322e-08,42.46028137499525
489,32,True,312,0,312,2.913008956273444e-08,37.85871549999865
490,32,True,91,0,91,2.948861377305434e-08,42.38343375000113
491,32,True,180,0,180,2.740443438842277e-08,40.96667091699783
492,32,True,145,0,145,2.9619486086041036e-08,41.06487074999313
493,32,True,152,0,152,2.7621664622223818e-08,41.29214179101109
494,32,True,137,0,137,2.9607535978470878e-08,41.486819416997605
495,32,True,250,0,250,2.881982819058493e-08,39.21637533300964
496,32,True,172,0,172,2.750983607580082e-08,40.90445370800444
497,32,True,307,0,307,2.79776903866491e-08,38.30596820800565
498,32,True,165,0,165,2.688052602728419e-08,41.928993666995666
499,32,True,202,0,202,2.4663990960682725e-08,40.48415429200395
500,32,True,72,0,72,2.9503302578781643e-08,42.38767112499045
501,32,True,105,0,105,2.384185793236071e-08,42.147432167010265
502,32,True,151,0,151,2.879624250162749e-08,41.217223500003456
503,32,True,511,0,511,2.9404958135081927e-08,36.376892000000225
504,32,True,203,0,203,2.9459766959227807e-08,40.59841845900519
505,32,True,225,0,225,4.521731677975538e-08,41.15594916700502
506,32,True,81,0,81,2.5544847792602354e-08,42.434877875013626
507,32,True,181,0,181,2.6918226647687504e-08,41.06488974999229
508,32,True,168,0,168,2.8732495382932655e-08,40.700672500010114
509,32,True,157,0,157,5.4495675305687996e-08,41.732845332997385
510,32,True,233,0,233,2.867058868094574e-08,39.96725470900128
511,32,True,98,0,98,2.314743485776205e-08,42.34358629099734
