case,fold,baseline,learned,difference,teacher_difference,changed
0,0,130.5,130.5,0.0,0.0,False
1,3,296.5,296.5,0.0,0.0,False
2,1,101.75,99.25,-2.5,-2.5,True
3,0,184.0,184.0,0.0,0.0,False
4,0,262.0,262.0,0.0,0.0,False
5,1,178.25,178.25,0.0,0.0,False
6,1,346.0,346.0,0.0,0.0,False
7,1,306.0,306.0,0.0,0.0,False
8,3,99.5,99.5,0.0,0.0,False
9,3,286.25,286.25,0.0,0.0,False
10,0,77.0,77.0,0.0,0.0,False
11,2,129.25,129.25,0.0,0.0,False
12,1,119.5,123.25,3.75,3.5,True
13,0,118.75,123.25,4.5,2.5,True
14,0,210.0,210.0,0.0,0.0,False
15,3,255.25,255.25,0.0,0.0,False
16,2,284.25,283.0,-1.25,3.25,True
17,2,180.5,180.5,0.0,0.0,False
18,1,137.5,139.75,2.25,1.75,True
19,0,559.5,559.5,0.0,0.0,False
20,2,58.0,59.0,1.0,1.0,True
21,3,130.75,130.75,0.0,0.0,False
22,2,199.5,199.5,0.0,0.0,False
23,1,80.5,80.5,0.0,0.0,False
24,1,263.75,263.75,0.0,0.0,False
25,3,101.0,101.0,0.0,0.0,False
26,2,323.75,323.75,0.0,0.0,False
27,3,92.5,98.0,5.5,5.25,True
28,1,97.5,97.0,-0.5,-2.0,True
30,1,151.0,151.0,0.0,0.0,False
31,1,116.25,116.0,-0.25,0.25,True
32,0,227.25,227.25,0.0,0.0,False
33,0,197.0,197.0,0.0,0.0,False
34,3,146.75,146.75,0.0,0.0,False
35,2,127.75,127.75,0.0,0.0,False
36,0,275.25,270.5,-4.75,-1.5,True
37,1,280.25,280.5,0.25,-4.0,True
38,3,150.75,150.75,0.0,0.0,False
39,2,134.25,129.5,-4.75,-1.25,True
40,1,159.25,159.25,0.0,0.0,False
41,3,188.75,188.75,0.0,0.0,False
42,2,277.75,277.75,0.0,0.0,False
43,3,72.0,72.0,0.0,0.0,True
44,2,192.5,192.5,0.0,0.0,False
45,3,194.5,194.5,0.0,0.0,False
46,1,402.5,414.75,12.25,5.25,True
47,2,277.75,273.75,-4.0,-11.25,True
48,3,100.5,100.5,0.0,0.0,False
49,1,427.25,427.25,0.0,0.0,False
50,3,150.0,150.0,0.0,0.0,False
51,3,76.25,76.25,0.0,0.0,False
52,1,254.75,254.75,0.0,0.0,False
53,2,104.25,103.25,-1.0,2.5,True
54,3,89.5,89.5,0.0,0.0,False
55,3,137.25,137.25,0.0,0.0,False
56,1,168.25,168.25,0.0,0.0,False
57,0,320.75,320.75,0.0,0.0,False
58,2,169.0,170.0,1.0,-0.25,True
59,2,117.0,117.0,0.0,0.0,False
60,0,111.0,111.0,0.0,0.0,False
61,2,268.75,273.25,4.5,-2.5,True
62,1,325.5,325.5,0.0,0.0,False
63,1,194.0,194.0,0.0,0.0,False
64,2,87.0,89.25,2.25,0.25,True
65,3,217.75,217.75,0.0,-1.25,True
66,3,309.75,309.75,0.0,0.0,False
67,3,170.0,170.0,0.0,0.0,False
68,2,269.0,264.5,-4.5,-4.25,True
69,0,279.75,279.75,0.0,0.0,False
70,0,112.75,112.75,0.0,0.0,False
71,3,169.0,169.0,0.0,0.0,False
72,0,158.0,158.0,0.0,0.0,False
73,0,163.25,163.25,0.0,0.0,False
74,0,132.25,132.25,0.0,0.0,False
75,2,102.25,103.75,1.5,4.75,True
76,1,499.75,499.75,0.0,0.0,False
77,1,406.25,406.25,0.0,0.0,False
78,2,180.0,180.0,0.0,0.0,False
79,2,237.5,237.5,0.0,0.0,False
80,0,200.5,200.5,0.0,0.0,False
81,2,102.0,99.5,-2.5,-1.75,True
82,0,114.0,110.0,-4.0,-3.25,True
83,3,165.75,165.75,0.0,0.0,False
84,1,129.25,129.5,0.25,-0.75,True
85,3,235.75,235.75,0.0,0.0,False
86,1,347.25,347.25,0.0,0.0,False
87,2,255.5,255.5,0.0,0.0,False
88,2,205.75,207.75,2.0,4.5,True
89,2,541.0,541.0,0.0,0.0,False
90,3,170.0,170.0,0.0,0.0,False
91,3,440.25,440.25,0.0,0.0,False
92,0,156.25,156.25,0.0,0.0,False
93,2,58.0,58.0,0.0,0.0,False
94,0,149.25,146.75,-2.5,-3.5,True
95,1,178.5,182.75,4.25,4.5,True
96,2,141.0,141.75,0.75,-1.25,True
97,3,376.5,376.5,0.0,0.0,False
98,1,86.75,86.75,0.0,0.0,False
99,0,241.25,241.25,0.0,0.0,False
100,2,264.75,264.75,0.0,0.0,False
101,0,91.5,91.5,0.0,0.0,False
102,2,220.75,220.75,0.0,0.0,False
103,1,146.75,146.75,0.0,0.0,False
104,2,186.5,186.5,0.0,0.0,False
105,0,277.0,277.0,0.0,0.0,False
106,1,166.25,166.25,0.0,0.0,False
107,1,325.5,325.5,0.0,0.0,False
108,0,135.75,135.75,0.0,0.0,False
109,1,414.5,414.5,0.0,0.0,False
110,1,165.25,165.25,0.0,0.0,False
111,2,329.25,329.25,0.0,0.0,False
112,1,96.0,94.5,-1.5,-2.5,True
113,2,128.5,128.5,0.0,0.0,False
114,3,159.25,159.25,0.0,0.0,False
115,2,264.5,260.75,-3.75,-4.25,True
116,3,67.25,67.25,0.0,0.0,False
117,1,89.0,92.0,3.0,5.25,True
118,2,233.0,233.0,0.0,0.0,False
119,0,95.75,97.75,2.0,1.5,True
120,3,440.5,438.25,-2.25,4.5,True
121,2,148.75,148.75,0.0,0.0,False
122,3,98.0,98.0,0.0,0.0,False
123,1,116.5,120.5,4.0,3.75,True
124,3,194.5,194.5,0.0,0.0,False
125,0,183.0,186.5,3.5,3.25,True
126,3,467.0,467.0,0.0,0.0,False
127,2,124.75,124.75,0.0,0.0,False
128,1,339.25,339.25,0.0,0.0,False
129,1,463.5,463.5,0.0,0.0,False
130,3,399.5,399.5,0.0,0.0,False
131,3,608.0,608.0,0.0,0.0,False
132,2,156.75,156.75,0.0,0.0,False
133,1,242.5,242.5,0.0,0.0,False
134,2,165.5,165.5,0.0,0.0,False
135,2,230.75,230.75,0.0,0.0,False
136,1,368.75,362.5,-6.25,-7.25,True
137,0,232.5,236.25,3.75,-5.0,True
138,1,89.0,91.25,2.25,2.75,True
139,0,231.75,235.0,3.25,9.25,True
140,3,236.75,236.75,0.0,0.0,False
141,1,163.75,164.0,0.25,-4.75,True
142,3,262.25,262.25,0.0,0.0,False
143,0,114.0,114.0,0.0,0.0,False
144,3,199.5,199.0,-0.5,3.5,True
145,0,366.0,366.0,0.0,0.0,False
146,2,184.0,184.0,0.0,0.0,False
147,2,197.5,197.75,0.25,2.25,True
148,2,117.25,115.5,-1.75,-1.25,True
149,0,225.5,225.5,0.0,0.0,False
150,0,201.5,201.5,0.0,0.0,False
151,1,113.5,113.25,-0.25,1.75,True
152,3,227.0,227.0,0.0,0.0,False
153,3,154.5,154.5,0.0,0.0,False
154,3,208.5,220.25,11.75,6.0,True
155,1,166.0,151.5,-14.5,-12.5,True
156,0,72.5,73.0,0.5,1.25,True
157,1,106.5,110.0,3.5,0.0,True
158,1,84.75,83.75,-1.0,-1.25,True
159,1,362.5,362.5,0.0,0.0,False
160,1,496.75,496.75,0.0,0.0,False
161,3,178.75,178.75,0.0,0.0,False
162,0,103.5,103.5,0.0,0.0,False
163,0,116.25,116.25,0.0,0.0,False
164,3,129.25,129.25,0.0,0.0,False
165,1,221.5,219.5,-2.0,0.75,True
166,2,411.75,411.75,0.0,0.0,False
167,0,362.75,362.75,0.0,0.0,False
168,0,208.0,208.75,0.75,0.5,True
169,2,231.5,231.5,0.0,0.0,False
170,1,176.25,176.25,0.0,0.0,False
171,3,289.0,289.0,0.0,0.0,False
172,2,188.75,188.75,0.0,0.0,False
173,1,269.5,269.5,0.0,0.0,False
174,0,299.75,298.0,-1.75,-0.5,True
175,2,307.5,307.5,0.0,0.0,False
176,2,311.0,311.0,0.0,0.0,False
177,3,102.5,101.0,-1.5,0.75,True
178,0,136.5,136.5,0.0,0.0,False
179,3,94.25,95.0,0.75,2.5,True
180,1,108.25,108.25,0.0,0.0,False
181,2,515.25,515.25,0.0,0.0,False
182,0,145.5,144.75,-0.75,-1.25,True
183,0,160.75,160.75,0.0,0.0,False
184,0,323.0,323.0,0.0,0.0,False
185,2,285.75,285.75,0.0,0.0,False
186,3,310.75,321.0,10.25,9.75,True
187,3,80.75,80.75,0.0,0.0,False
188,0,96.0,99.25,3.25,2.25,True
189,2,266.75,266.75,0.0,0.0,False
190,2,143.25,143.25,0.0,0.0,False
191,0,240.5,240.5,0.0,0.0,False
192,3,492.0,492.0,0.0,0.0,False
193,0,145.25,144.0,-1.25,-1.0,True
194,0,248.25,248.25,0.0,0.0,False
195,0,56.0,56.0,0.0,0.0,False
196,0,218.0,218.0,0.0,0.0,False
197,1,147.0,147.0,0.0,0.0,False
198,1,214.25,215.25,1.0,3.5,True
199,1,180.25,180.25,0.0,0.0,False
200,1,473.0,473.0,0.0,0.0,False
201,3,248.75,249.25,0.5,-0.5,True
202,2,109.75,113.5,3.75,2.5,True
203,0,219.5,216.75,-2.75,3.5,True
204,3,106.5,109.5,3.0,-2.5,True
205,3,474.25,474.25,0.0,0.0,False
206,0,157.75,157.75,0.0,0.0,False
207,1,98.75,98.75,0.0,0.0,False
208,2,245.0,245.0,0.0,0.0,False
209,1,382.75,391.75,9.0,8.0,True
210,1,75.0,74.5,-0.5,-2.25,True
211,2,481.0,481.0,0.0,0.0,False
212,2,272.5,272.25,-0.25,-1.0,True
213,2,154.75,154.75,0.0,0.0,False
214,0,159.0,159.0,0.0,0.0,False
215,1,392.0,392.0,0.0,0.0,False
216,3,127.0,127.0,0.0,0.0,False
217,3,202.0,199.25,-2.75,-3.25,True
218,2,203.0,203.0,0.0,0.0,False
219,0,112.5,112.5,0.0,0.0,False
220,1,187.75,184.25,-3.5,-10.0,True
221,2,182.5,182.5,0.0,0.0,False
222,1,87.75,88.25,0.5,-0.5,True
223,0,104.25,104.25,0.0,0.0,False
224,2,133.75,134.25,0.5,0.75,True
225,2,442.0,442.0,0.0,0.0,False
226,1,239.75,239.75,0.0,0.0,False
227,1,351.5,351.5,0.0,0.0,False
228,0,105.0,105.0,0.0,0.0,False
229,0,112.0,111.75,-0.25,0.0,True
230,1,191.25,191.25,0.0,0.0,False
231,2,99.0,99.0,0.0,0.5,True
232,2,327.75,329.5,1.75,1.75,True
233,2,142.0,139.25,-2.75,-3.25,True
234,1,81.25,80.5,-0.75,-0.5,True
235,3,145.5,145.5,0.0,0.0,False
236,3,209.25,209.25,0.0,0.0,False
237,2,464.0,464.0,0.0,0.0,False
238,1,383.75,386.75,3.0,2.5,True
239,2,210.5,210.5,0.0,0.0,False
240,3,84.5,84.5,0.0,0.0,False
241,1,279.0,279.0,0.0,0.0,False
242,0,439.5,430.25,-9.25,-14.75,True
243,0,282.75,282.75,0.0,0.0,False
244,3,317.5,315.0,-2.5,-4.25,True
245,0,203.5,203.5,0.0,0.0,False
246,2,174.75,174.75,0.0,0.0,False
247,0,211.0,211.0,0.0,0.0,False
248,3,342.25,342.25,0.0,0.0,False
249,3,181.5,181.5,0.0,0.0,False
250,2,154.0,154.0,0.0,0.0,False
251,0,173.75,170.75,-3.0,-2.75,True
252,0,337.0,337.0,0.0,0.0,False
253,3,74.0,74.0,0.0,0.0,True
254,1,95.0,98.0,3.0,3.0,True
255,2,206.5,206.5,0.0,0.0,False
256,0,465.5,465.5,0.0,0.0,False
257,0,253.75,253.75,0.0,0.0,False
258,2,62.75,62.25,-0.5,0.75,True
259,0,321.75,330.25,8.5,7.75,True
260,2,281.25,281.25,0.0,0.0,False
261,1,214.0,214.0,0.0,0.0,False
262,1,155.25,155.25,0.0,0.0,False
263,0,398.75,398.75,0.0,0.0,False
264,0,203.25,203.25,0.0,0.0,False
265,1,165.5,166.25,0.75,2.5,True
266,3,432.75,432.75,0.0,0.0,False
267,2,57.5,59.0,1.5,1.0,True
268,0,145.75,145.75,0.0,0.0,False
269,0,217.75,217.75,0.0,0.0,False
270,0,200.25,200.25,0.0,0.0,False
271,0,587.5,587.5,0.0,0.0,False
272,3,267.25,267.25,0.0,0.0,False
273,2,95.75,95.75,0.0,0.0,False
274,3,211.5,209.75,-1.75,2.0,True
275,1,541.25,541.25,0.0,0.0,False
276,2,114.0,114.0,0.0,0.0,False
277,1,87.0,87.0,0.0,0.0,False
278,2,339.0,339.0,0.0,0.0,False
279,0,279.75,279.75,0.0,0.0,False
280,1,115.0,115.0,0.0,0.0,False
281,2,712.75,712.75,0.0,0.0,False
282,3,133.25,133.25,0.0,0.0,False
283,1,179.0,179.0,0.0,0.0,False
284,3,127.5,127.5,0.0,0.0,False
285,2,323.5,323.5,0.0,0.0,False
286,2,642.75,642.75,0.0,0.0,False
287,0,186.5,186.5,0.0,0.0,False
288,0,367.75,367.75,0.0,0.0,False
289,0,151.0,148.5,-2.5,-1.0,True
290,3,252.0,252.0,0.0,0.0,False
291,1,454.25,454.25,0.0,0.0,False
292,0,233.25,233.25,0.0,0.0,False
293,1,120.25,120.25,0.0,0.0,False
294,0,82.0,82.0,0.0,0.0,False
295,3,176.75,176.75,0.0,0.0,False
296,0,128.25,128.25,0.0,0.0,False
297,2,114.0,114.0,0.0,0.0,False
298,1,126.0,124.0,-2.0,-0.75,True
299,2,220.75,227.0,6.25,7.0,True
300,0,489.0,471.5,-17.5,-24.25,True
301,1,103.75,103.0,-0.75,0.0,True
302,3,177.75,177.75,0.0,0.0,False
303,1,276.5,276.5,0.0,0.0,False
304,3,212.25,212.25,0.0,0.0,False
305,2,319.0,319.0,0.0,0.0,False
306,2,308.5,308.5,0.0,0.0,False
307,3,228.0,223.5,-4.5,-4.25,True
308,1,297.75,297.75,0.0,0.0,False
309,0,304.0,304.0,0.0,0.0,False
310,3,194.5,200.0,5.5,5.25,True
311,3,63.5,63.5,0.0,0.0,False
312,2,128.75,128.75,0.0,0.0,False
313,3,181.0,180.0,-1.0,-1.75,True
314,0,355.75,362.0,6.25,5.75,True
315,2,325.0,325.0,0.0,0.0,False
316,3,246.75,246.75,0.0,0.0,False
317,1,462.0,462.0,0.0,0.0,False
318,3,64.0,63.75,-0.25,-0.25,True
319,0,219.5,219.5,0.0,0.0,False
320,3,341.75,341.75,0.0,0.0,False
321,1,471.5,471.5,0.0,0.0,False
322,3,134.75,134.75,0.0,0.0,False
323,3,157.0,157.0,0.0,0.0,False
324,1,428.0,428.0,0.0,0.0,False
325,2,176.75,176.75,0.0,0.0,False
326,3,234.75,235.25,0.5,-1.75,True
327,2,100.75,100.75,0.0,0.0,False
328,3,106.25,109.25,3.0,2.5,True
329,1,391.0,391.0,0.0,0.0,False
330,2,84.0,84.0,0.0,0.0,False
331,3,211.25,214.0,2.75,0.5,True
332,2,546.75,546.75,0.0,0.0,False
333,2,276.25,276.25,0.0,0.0,False
334,1,220.75,213.25,-7.5,-8.5,True
335,1,162.25,162.25,0.0,0.0,False
336,3,130.25,130.25,0.0,0.0,False
337,0,224.0,220.5,-3.5,-9.25,True
338,3,127.75,127.75,0.0,0.0,False
339,0,205.0,205.0,0.0,0.0,False
340,0,427.5,427.5,0.0,0.0,False
341,1,163.5,169.0,5.5,-1.75,True
342,3,161.25,161.25,0.0,0.0,False
343,2,114.5,114.5,0.0,0.0,False
344,3,234.75,234.75,0.0,0.0,False
345,0,142.75,142.75,0.0,0.0,False
346,0,216.75,210.75,-6.0,-0.25,True
347,3,195.75,195.75,0.0,0.0,False
348,0,59.75,59.75,0.0,0.0,False
349,1,341.0,341.0,0.0,0.0,False
350,0,85.25,90.75,5.5,6.0,True
351,2,138.0,138.0,0.0,0.0,False
352,3,138.5,139.75,1.25,-3.5,True
353,0,416.0,416.0,0.0,0.0,False
354,3,140.0,140.0,0.0,0.0,False
355,1,120.25,120.25,0.0,0.0,False
356,2,133.0,128.25,-4.75,-3.25,True
357,2,261.25,261.25,0.0,0.0,False
358,3,156.75,156.75,0.0,0.0,False
359,3,247.0,247.0,0.0,0.0,False
360,0,363.5,363.5,0.0,0.0,False
361,1,110.25,110.25,0.0,0.0,False
362,3,130.75,130.75,0.0,0.0,False
363,2,356.75,356.75,0.0,0.0,False
364,0,91.0,91.0,0.0,0.0,False
365,1,128.75,128.75,0.0,0.0,False
366,0,222.75,222.75,0.0,0.0,False
367,3,237.25,237.25,0.0,0.0,False
368,1,159.5,159.5,0.0,0.0,False
369,3,213.25,213.25,0.0,0.0,False
370,0,307.5,307.5,0.0,0.0,False
371,0,522.75,522.75,0.0,0.0,False
372,1,174.5,177.0,2.5,3.75,True
373,2,167.25,167.25,0.0,0.0,False
374,1,94.5,94.5,0.0,0.0,False
375,0,567.5,576.0,8.5,23.0,True
376,1,348.75,348.75,0.0,0.0,False
377,0,110.75,110.75,0.0,0.0,False
378,2,260.25,260.25,0.0,0.0,False
379,0,300.5,307.0,6.5,9.5,True
380,2,453.0,448.25,-4.75,-0.5,True
381,3,154.25,153.75,-0.5,0.25,True
382,1,154.5,154.5,0.0,0.0,False
383,0,507.25,507.25,0.0,0.0,False
384,2,163.25,163.0,-0.25,-3.25,True
385,3,253.0,253.0,0.0,0.0,False
386,2,272.75,277.0,4.25,6.0,True
387,1,221.0,221.0,0.0,0.0,False
388,2,145.75,145.75,0.0,0.0,False
389,3,175.5,175.5,0.0,0.0,False
390,2,252.0,256.5,4.5,5.5,True
391,2,107.5,106.25,-1.25,1.0,True
392,3,102.25,102.25,0.0,0.0,False
393,0,266.0,275.75,9.75,4.5,True
394,3,194.75,193.75,-1.0,2.0,True
395,0,222.75,222.75,0.0,0.0,False
396,0,129.25,129.25,0.0,0.0,False
397,2,187.25,187.25,0.0,0.0,False
398,1,474.0,474.0,0.0,0.0,False
399,2,545.25,545.25,0.0,0.0,False
400,3,150.75,150.75,0.0,0.0,False
401,2,103.25,103.25,0.0,0.0,False
402,3,119.0,119.0,0.0,0.0,False
403,3,79.75,80.0,0.25,-0.5,True
404,0,44.0,44.0,0.0,0.0,False
405,2,86.0,86.0,0.0,0.0,False
406,0,174.75,174.75,0.0,0.0,False
407,1,227.5,227.5,0.0,0.0,False
408,3,202.5,202.5,0.0,0.0,False
409,0,164.0,164.0,0.0,0.0,False
410,2,137.0,135.75,-1.25,0.5,True
411,0,287.75,282.25,-5.5,-4.75,True
412,3,138.0,140.0,2.0,5.5,True
413,3,201.25,199.25,-2.0,-1.25,True
414,1,490.75,490.75,0.0,0.0,False
415,0,294.5,294.5,0.0,0.0,False
416,2,236.0,236.0,0.0,0.0,False
417,3,289.0,289.0,0.0,0.0,False
418,2,251.75,251.75,0.0,0.0,False
419,0,201.25,203.5,2.25,5.25,True
420,1,290.75,290.75,0.0,0.0,False
421,0,167.5,167.5,0.0,0.0,False
422,2,387.0,387.0,0.0,0.0,False
423,1,223.25,223.25,0.0,0.0,False
424,3,115.0,114.25,-0.75,0.75,True
425,2,152.25,153.0,0.75,0.0,True
426,1,86.5,86.5,0.0,0.0,False
427,1,331.0,331.0,0.0,0.0,False
428,2,160.75,158.5,-2.25,-2.0,True
429,1,205.75,203.0,-2.75,-3.0,True
430,0,123.75,123.75,0.0,0.0,False
431,3,174.25,174.25,0.0,0.0,False
432,0,201.5,201.5,0.0,0.0,False
433,1,425.75,425.75,0.0,0.0,False
434,2,119.0,119.0,0.0,0.0,False
435,1,177.5,179.25,1.75,1.5,True
436,2,105.75,105.75,0.0,0.0,False
437,3,398.5,398.5,0.0,0.0,False
438,1,138.0,138.0,0.0,0.0,False
439,1,179.5,179.5,0.0,0.0,False
440,0,277.0,277.0,0.0,0.0,False
441,2,246.25,246.25,0.0,0.0,False
442,1,263.5,262.5,-1.0,1.75,True
443,0,206.75,206.75,0.0,0.0,False
444,3,318.5,318.5,0.0,0.0,False
445,2,384.5,384.5,0.0,0.0,False
446,1,231.5,229.25,-2.25,1.25,True
447,2,137.5,136.75,-0.75,0.75,True
448,3,91.25,91.25,0.0,0.0,False
449,3,426.75,426.75,0.0,0.0,False
450,2,139.25,139.25,0.0,0.0,False
451,2,125.5,125.5,0.0,0.0,False
452,1,184.0,186.0,2.0,2.0,True
453,3,140.75,140.75,0.0,0.0,False
454,0,125.25,125.25,0.0,0.0,False
455,1,393.0,393.0,0.0,0.0,False
456,3,211.75,211.75,0.0,0.0,False
457,0,179.75,179.75,0.0,0.0,False
458,1,170.25,170.25,0.0,0.0,False
459,1,141.5,141.5,0.0,0.0,False
460,3,132.25,132.25,0.0,0.0,False
461,2,178.5,184.0,5.5,-1.0,True
462,0,258.25,258.25,0.0,0.0,False
463,1,141.75,141.75,0.0,0.0,False
464,1,228.25,228.25,0.0,0.0,False
465,1,547.25,546.75,-0.5,8.75,True
466,1,189.75,189.75,0.0,0.0,False
467,0,222.25,222.25,0.0,0.0,False
468,2,65.5,66.0,0.5,0.5,True
469,1,120.25,121.75,1.5,-0.25,True
470,2,140.5,138.75,-1.75,-4.0,True
471,0,311.0,311.0,0.0,0.0,False
472,3,129.75,129.75,0.0,0.0,False
473,2,114.25,114.25,0.0,0.0,False
474,3,103.0,103.0,0.0,0.0,False
475,3,191.5,192.25,0.75,-5.0,True
476,0,178.25,178.25,0.0,0.0,False
477,0,120.25,120.25,0.0,0.0,False
478,3,99.25,100.5,1.25,1.5,True
479,0,88.0,88.0,0.0,0.0,False
480,0,160.25,160.25,0.0,0.0,False
481,3,325.25,325.25,0.0,0.0,False
482,3,250.0,250.0,0.0,0.0,False
483,3,53.0,56.25,3.25,2.5,True
484,1,287.25,287.25,0.0,0.0,False
485,1,98.75,98.75,0.0,0.0,False
486,0,318.75,318.75,0.0,0.0,False
487,3,348.5,348.5,0.0,0.0,False
488,3,93.0,94.0,1.0,0.75,True
489,2,317.25,312.25,-5.0,-1.5,True
490,2,91.0,91.0,0.0,0.0,False
491,1,179.0,179.0,0.0,0.0,False
492,0,144.0,150.75,6.75,5.75,True
493,3,150.75,153.75,3.0,-0.25,True
494,0,139.75,139.75,0.0,0.0,False
495,3,249.5,249.5,0.0,0.0,False
496,1,168.25,168.25,0.0,0.0,False
497,1,308.0,308.0,0.0,0.0,False
498,3,159.75,159.75,0.0,0.0,False
499,2,202.5,204.25,1.75,0.5,True
500,1,72.25,73.5,1.25,0.75,True
501,2,109.0,109.0,0.0,0.0,False
502,3,153.5,153.5,0.0,0.0,False
503,2,501.5,501.5,0.0,0.0,False
504,1,202.75,202.75,0.0,0.0,False
505,2,225.5,225.5,0.0,0.0,False
506,3,80.0,80.0,0.0,0.0,False
507,2,179.75,179.75,0.0,0.0,False
508,0,170.0,170.0,0.0,0.0,False
509,1,159.5,158.5,-1.0,3.0,True
510,0,234.5,234.5,0.0,0.0,False
511,0,97.75,97.75,0.0,0.0,False
