case,selected,baseline,selected_cost,difference
0,0,381.5,381.5,0.0
1,0,98.0,96.75,-1.25
2,1,315.25,317.0,1.75
3,2,409.25,409.25,0.0
4,3,273.75,279.0,5.25
5,0,403.5,403.5,0.0
6,2,223.25,223.25,0.0
7,3,381.75,381.75,0.0
8,3,299.75,295.25,-4.5
9,3,201.0,203.0,2.0
10,0,290.0,290.0,0.0
11,2,99.25,99.25,0.0
12,0,423.75,423.75,0.0
13,3,169.25,168.0,-1.25
14,0,249.75,250.25,0.5
15,1,455.75,450.0,-5.75
16,2,108.0,108.0,0.0
17,3,326.0,324.25,-1.75
18,0,169.0,169.0,0.0
19,0,172.25,172.75,0.5
20,2,114.25,114.25,0.0
21,0,345.0,345.0,0.0
22,2,159.25,160.5,1.25
23,1,331.75,331.75,0.0
24,1,122.0,119.0,-3.0
25,1,130.5,130.5,0.0
26,0,282.25,282.25,0.0
27,0,452.5,452.5,0.0
28,1,265.5,265.5,0.0
29,3,93.0,89.0,-4.0
30,0,196.25,196.25,0.0
31,2,400.75,400.75,0.0
32,1,215.25,213.25,-2.0
33,3,159.25,156.25,-3.0
34,2,239.75,236.75,-3.0
35,3,89.5,88.0,-1.5
36,1,105.5,105.5,0.0
37,1,253.5,253.5,0.0
38,2,137.75,136.0,-1.75
39,2,80.75,80.75,0.0
40,2,172.0,170.0,-2.0
41,1,335.75,335.75,0.0
42,2,140.25,140.25,0.0
43,0,235.0,231.25,-3.75
44,2,506.5,509.0,2.5
45,1,279.0,279.0,0.0
46,1,209.5,207.5,-2.0
47,1,325.0,325.0,0.0
48,1,192.0,192.0,0.0
49,1,183.5,179.5,-4.0
50,2,113.0,112.75,-0.25
51,3,113.25,113.5,0.25
52,2,299.75,293.0,-6.75
53,2,363.25,355.75,-7.5
54,0,364.0,349.25,-14.75
55,2,84.75,85.0,0.25
56,1,199.25,199.25,0.0
57,0,214.5,214.5,0.0
58,2,170.0,170.5,0.5
59,0,366.25,365.75,-0.5
60,0,392.75,393.25,0.5
61,0,252.25,252.25,0.0
62,2,267.0,267.0,0.0
63,1,118.0,116.25,-1.75
64,1,221.5,221.5,0.0
65,2,290.0,290.0,0.0
66,2,69.25,69.0,-0.25
67,1,113.5,113.5,0.0
68,2,125.75,124.0,-1.75
69,2,418.25,426.0,7.75
70,3,292.5,292.5,0.0
71,0,88.0,87.5,-0.5
72,1,80.25,80.25,0.0
73,2,101.5,99.25,-2.25
74,1,440.0,437.25,-2.75
75,0,298.0,298.0,0.0
76,0,507.25,507.25,0.0
77,2,159.75,162.75,3.0
78,2,282.5,282.5,0.0
79,0,341.25,341.25,0.0
80,2,86.5,89.75,3.25
81,0,293.25,292.0,-1.25
82,2,60.0,60.0,0.0
83,2,74.75,73.5,-1.25
84,0,148.5,147.5,-1.0
85,3,350.5,350.5,0.0
86,2,122.25,121.75,-0.5
87,1,186.25,183.25,-3.0
88,1,242.5,242.5,0.0
89,3,334.25,339.25,5.0
90,1,381.0,381.0,0.0
91,1,203.0,198.0,-5.0
92,2,325.25,324.5,-0.75
93,1,104.75,104.75,0.0
94,1,391.75,396.5,4.75
95,3,163.25,162.75,-0.5
96,0,315.25,305.75,-9.5
97,3,417.75,415.0,-2.75
98,0,396.0,396.0,0.0
99,1,394.75,401.0,6.25
100,0,500.25,500.25,0.0
101,2,243.5,243.5,0.0
102,0,197.75,197.75,0.0
103,3,214.25,214.25,0.0
104,2,168.0,161.75,-6.25
105,1,367.75,365.0,-2.75
106,1,57.5,57.5,0.0
107,2,152.75,148.0,-4.75
108,1,77.75,77.75,0.0
109,0,260.25,260.25,0.0
110,3,210.0,209.25,-0.75
111,1,131.5,129.75,-1.75
112,3,193.75,192.0,-1.75
113,0,95.5,94.0,-1.5
114,1,176.25,182.0,5.75
115,2,125.0,123.5,-1.5
116,2,276.75,276.75,0.0
117,0,131.5,131.0,-0.5
118,0,102.25,97.25,-5.0
119,1,181.75,180.75,-1.0
120,2,207.25,207.25,0.0
121,1,545.0,545.0,0.0
122,1,248.25,248.25,0.0
123,0,228.25,228.25,0.0
124,1,334.0,337.0,3.0
125,0,89.5,90.25,0.75
126,0,314.5,314.5,0.0
127,1,142.0,141.25,-0.75
128,3,191.0,191.0,0.0
129,3,203.5,193.75,-9.75
130,2,403.75,395.5,-8.25
131,2,385.25,385.25,0.0
132,1,151.5,148.5,-3.0
133,1,329.75,329.75,0.0
134,1,334.5,337.5,3.0
135,3,152.25,149.5,-2.75
136,1,167.5,163.5,-4.0
137,3,73.75,72.25,-1.5
138,1,95.25,94.0,-1.25
139,1,368.75,368.75,0.0
140,0,231.0,231.0,0.0
141,3,227.25,221.5,-5.75
142,1,350.75,350.75,0.0
143,3,528.25,530.5,2.25
144,2,192.5,189.0,-3.5
145,2,80.75,82.5,1.75
146,0,90.0,90.0,0.0
147,2,113.0,111.75,-1.25
148,3,399.0,399.0,0.0
149,0,326.25,326.25,0.0
150,2,294.0,294.0,0.0
151,0,182.0,182.0,0.0
152,2,86.75,86.0,-0.75
153,0,82.5,82.5,0.0
154,2,177.5,172.75,-4.75
155,1,464.5,469.0,4.5
156,3,74.75,73.25,-1.5
157,0,280.25,280.25,0.0
158,3,311.75,311.75,0.0
159,2,129.0,127.5,-1.5
160,2,137.75,137.75,0.0
161,2,207.25,207.25,0.0
162,0,216.5,219.25,2.75
163,1,389.75,384.75,-5.0
164,3,539.0,511.25,-27.75
165,2,108.0,107.25,-0.75
166,1,332.5,332.5,0.0
167,3,184.75,179.0,-5.75
168,0,94.25,94.25,0.0
169,0,145.0,144.75,-0.25
170,0,549.0,549.0,0.0
171,1,77.5,77.5,0.0
172,2,154.75,150.25,-4.5
173,2,240.5,240.0,-0.5
174,2,202.75,206.75,4.0
175,2,238.25,238.25,0.0
176,0,177.25,172.75,-4.5
177,1,157.0,159.75,2.75
178,1,116.25,116.0,-0.25
179,1,84.75,84.75,0.0
180,3,280.75,273.5,-7.25
181,1,180.5,180.5,0.0
182,0,224.5,224.75,0.25
183,3,124.0,123.0,-1.0
184,3,425.0,422.0,-3.0
185,0,656.75,656.75,0.0
186,1,197.5,194.25,-3.25
187,1,79.25,79.25,0.0
188,0,129.0,127.0,-2.0
189,1,179.25,179.25,0.0
190,0,356.0,356.0,0.0
191,0,546.0,546.0,0.0
192,1,117.75,117.75,0.0
193,1,65.0,65.0,0.0
194,0,143.75,143.75,0.0
195,1,330.5,330.5,0.0
196,0,239.0,239.0,0.0
197,0,97.0,95.25,-1.75
198,2,547.0,538.0,-9.0
199,2,217.0,215.25,-1.75
200,0,332.5,332.5,0.0
201,3,107.25,107.25,0.0
202,0,50.0,50.0,0.0
203,0,79.75,79.25,-0.5
204,1,284.5,278.25,-6.25
205,2,321.5,317.75,-3.75
206,0,243.0,243.0,0.0
207,0,125.25,125.25,0.0
208,0,110.0,107.75,-2.25
209,1,235.0,235.0,0.0
210,1,116.25,116.25,0.0
211,1,320.5,320.5,0.0
212,1,100.5,100.5,0.0
213,0,68.0,68.0,0.0
214,0,281.25,285.25,4.0
215,1,202.0,202.0,0.0
216,0,144.0,144.0,0.0
217,1,299.25,299.25,0.0
218,2,274.25,274.0,-0.25
219,1,190.25,190.25,0.0
220,1,234.25,236.75,2.5
221,0,94.25,94.25,0.0
222,0,219.75,219.75,0.0
223,0,155.75,157.5,1.75
224,2,305.5,303.5,-2.0
225,0,283.0,283.0,0.0
226,3,81.25,81.25,0.0
227,0,265.75,267.5,1.75
228,1,93.0,93.0,0.0
229,2,247.5,249.0,1.5
230,2,118.5,114.0,-4.5
231,0,119.25,115.5,-3.75
232,0,495.75,495.75,0.0
233,0,330.5,330.5,0.0
234,2,377.75,377.25,-0.5
235,2,141.0,139.25,-1.75
236,1,479.5,479.5,0.0
237,2,186.0,183.75,-2.25
238,1,240.75,240.75,0.0
239,0,117.5,117.5,0.0
240,1,150.5,149.75,-0.75
241,1,380.5,380.5,0.0
242,3,209.5,206.0,-3.5
243,1,152.0,152.0,0.0
244,3,134.5,134.0,-0.5
245,0,138.0,139.25,1.25
246,0,133.0,132.0,-1.0
247,2,241.25,241.25,0.0
248,1,165.75,161.25,-4.5
249,2,140.0,140.0,0.0
250,1,244.5,252.0,7.5
251,0,419.75,419.75,0.0
252,1,78.0,76.75,-1.25
253,0,172.75,174.0,1.25
254,0,111.5,109.25,-2.25
255,1,299.75,299.75,0.0
256,2,143.5,143.5,0.0
257,1,118.5,118.75,0.25
258,0,90.0,90.0,0.0
259,1,134.75,133.75,-1.0
260,2,640.25,640.25,0.0
261,0,254.25,254.25,0.0
262,0,263.25,263.25,0.0
263,3,697.25,697.25,0.0
264,2,521.5,531.5,10.0
265,2,185.0,184.75,-0.25
266,1,176.0,176.0,0.0
267,1,320.5,318.75,-1.75
268,1,429.0,429.75,0.75
269,1,207.75,202.0,-5.75
270,2,442.75,443.0,0.25
271,2,172.0,171.25,-0.75
272,0,315.25,315.25,0.0
273,1,143.5,143.5,0.0
274,0,254.0,254.0,0.0
275,0,49.0,48.0,-1.0
276,0,175.0,171.75,-3.25
277,2,89.0,89.0,0.0
278,0,125.25,123.75,-1.5
279,0,106.5,106.25,-0.25
280,2,545.5,543.0,-2.5
281,0,132.75,132.75,0.0
282,0,75.0,75.0,0.0
283,1,225.0,225.0,0.0
284,2,145.0,145.0,0.0
285,1,161.0,161.0,0.0
286,0,523.25,523.25,0.0
287,2,88.5,88.0,-0.5
288,2,143.5,136.5,-7.0
289,1,359.75,359.75,0.0
290,2,165.5,165.5,0.0
291,1,232.75,228.5,-4.25
292,1,98.5,99.25,0.75
293,1,149.5,149.5,0.0
294,0,237.25,237.25,0.0
295,2,374.25,374.75,0.5
296,1,329.5,321.75,-7.75
297,0,279.5,275.25,-4.25
298,1,332.25,332.25,0.0
299,1,210.25,210.25,0.0
300,0,123.25,119.25,-4.0
301,2,97.5,97.5,0.0
302,3,111.5,108.75,-2.75
303,1,209.75,209.75,0.0
304,3,190.0,185.0,-5.0
305,3,203.25,204.25,1.0
306,1,174.5,174.5,0.0
307,0,155.25,156.25,1.0
308,0,331.75,331.75,0.0
309,2,206.0,208.75,2.75
310,2,93.25,91.75,-1.5
311,0,326.5,326.5,0.0
312,2,327.75,327.75,0.0
313,0,63.0,63.0,0.0
314,3,404.5,396.0,-8.5
315,2,174.75,174.75,0.0
316,0,346.0,346.0,0.0
317,0,215.25,207.0,-8.25
318,2,172.25,170.0,-2.25
319,0,327.25,327.25,0.0
320,0,143.5,147.0,3.5
321,3,121.5,121.5,0.0
322,0,400.25,400.25,0.0
323,1,118.25,118.25,0.0
324,0,539.25,539.25,0.0
325,0,87.75,87.75,0.0
326,0,413.5,413.25,-0.25
327,0,116.5,116.5,0.0
328,3,138.5,138.5,0.0
329,1,102.25,100.25,-2.0
330,3,64.0,63.5,-0.5
331,0,471.0,471.0,0.0
332,1,119.0,119.25,0.25
333,0,272.0,272.0,0.0
334,1,181.0,181.0,0.0
335,0,165.25,159.25,-6.0
336,3,79.0,79.0,0.0
337,0,106.0,105.25,-0.75
338,1,384.5,384.5,0.0
339,1,296.5,296.5,0.0
340,0,617.25,617.25,0.0
341,1,74.25,74.25,0.0
342,2,323.75,312.25,-11.5
343,2,395.75,397.25,1.5
344,1,334.25,334.25,0.0
345,2,109.0,107.5,-1.5
346,2,160.25,157.75,-2.5
347,1,448.25,445.75,-2.5
348,0,247.5,247.5,0.0
349,1,172.75,172.75,0.0
350,2,340.25,339.25,-1.0
351,0,252.0,252.0,0.0
352,0,195.5,195.75,0.25
353,0,399.5,399.5,0.0
354,0,609.75,613.5,3.75
355,3,299.25,299.75,0.5
356,1,460.5,455.25,-5.25
357,1,273.75,273.75,0.0
358,3,500.5,494.75,-5.75
359,3,149.25,149.25,0.0
360,1,202.75,200.75,-2.0
361,1,247.5,246.25,-1.25
362,2,344.0,344.0,0.0
363,0,75.0,75.0,0.0
364,3,78.0,78.0,0.0
365,2,75.25,75.0,-0.25
366,0,184.0,186.25,2.25
367,2,136.75,139.75,3.0
368,0,163.5,162.5,-1.0
369,0,73.0,72.5,-0.5
370,0,115.75,115.75,0.0
371,2,115.5,117.0,1.5
372,0,343.75,343.75,0.0
373,0,114.75,114.75,0.0
374,3,142.25,141.75,-0.5
375,0,279.5,279.5,0.0
376,0,116.25,116.25,0.0
377,0,189.25,189.25,0.0
378,0,109.0,109.0,0.0
379,1,395.25,393.75,-1.5
380,0,128.0,128.0,0.0
381,1,112.25,111.25,-1.0
382,1,480.25,480.25,0.0
383,0,186.25,182.75,-3.5
384,3,186.0,182.25,-3.75
385,0,228.25,228.25,0.0
386,0,102.5,102.5,0.0
387,2,303.0,303.0,0.0
388,1,483.5,483.5,0.0
389,2,105.5,106.75,1.25
390,2,372.0,372.0,0.0
391,1,278.75,278.75,0.0
392,2,90.0,90.0,0.0
393,2,169.25,165.75,-3.5
394,2,468.25,467.5,-0.75
395,0,109.25,110.5,1.25
396,2,239.0,232.75,-6.25
397,0,221.25,222.5,1.25
398,2,275.0,274.0,-1.0
399,2,194.0,194.0,0.0
400,2,289.0,289.0,0.0
401,1,216.5,216.5,0.0
402,1,278.5,282.75,4.25
403,0,111.5,109.75,-1.75
404,1,139.25,143.75,4.5
405,3,170.25,170.25,0.0
406,1,175.0,175.0,0.0
407,2,88.0,86.25,-1.75
408,2,477.75,475.0,-2.75
409,2,499.0,489.5,-9.5
410,1,372.75,370.5,-2.25
411,0,465.0,465.0,0.0
412,0,112.25,112.75,0.5
413,1,72.75,71.25,-1.5
414,3,137.75,137.75,0.0
415,0,335.0,335.0,0.0
416,3,119.0,119.0,0.0
417,0,400.75,400.75,0.0
418,2,137.25,137.0,-0.25
419,0,175.5,172.75,-2.75
420,0,322.5,322.5,0.0
421,3,199.75,200.0,0.25
422,2,176.75,175.75,-1.0
423,3,98.75,97.75,-1.0
424,1,201.25,196.75,-4.5
425,2,67.75,67.75,0.0
426,0,448.75,448.75,0.0
427,0,97.75,95.25,-2.5
428,2,284.0,284.0,0.0
429,3,440.0,440.0,0.0
430,0,232.5,234.0,1.5
431,3,199.0,200.75,1.75
432,1,115.25,110.75,-4.5
433,0,355.5,355.5,0.0
434,0,75.75,75.75,0.0
435,0,251.25,251.25,0.0
436,1,100.25,102.25,2.0
437,0,277.25,269.75,-7.5
438,0,271.0,271.0,0.0
439,2,142.5,140.5,-2.0
440,0,297.5,298.75,1.25
441,0,118.5,118.5,0.0
442,3,138.5,138.5,0.0
443,1,304.25,304.25,0.0
444,0,84.75,84.75,0.0
445,0,276.0,276.0,0.0
446,2,120.25,120.25,0.0
447,2,182.5,184.25,1.75
448,0,207.5,207.5,0.0
449,3,365.0,362.25,-2.75
450,0,116.0,116.0,0.0
451,2,128.0,128.0,0.0
452,1,283.0,283.0,0.0
453,2,216.5,213.75,-2.75
454,1,117.0,117.0,0.0
455,1,285.75,285.75,0.0
456,1,141.0,138.0,-3.0
457,3,294.0,292.25,-1.75
458,2,139.25,139.25,0.0
459,1,297.25,297.25,0.0
460,1,341.25,346.25,5.0
461,2,69.0,69.0,0.0
462,1,118.75,118.75,0.0
463,0,332.0,336.0,4.0
464,3,150.75,150.75,0.0
465,0,82.5,82.5,0.0
466,1,271.75,273.75,2.0
467,1,299.5,294.0,-5.5
468,2,77.25,77.25,0.0
469,0,292.25,284.0,-8.25
470,2,100.5,100.5,0.0
471,0,363.25,360.75,-2.5
472,1,143.25,142.5,-0.75
473,1,52.0,52.0,0.0
474,1,232.25,225.75,-6.5
475,1,140.0,140.0,0.0
476,0,236.25,236.25,0.0
477,2,253.75,253.75,0.0
478,0,124.75,124.75,0.0
479,3,329.75,329.75,0.0
480,1,167.5,167.5,0.0
481,1,160.0,160.0,0.0
482,1,286.25,286.25,0.0
483,0,162.75,162.5,-0.25
484,0,543.0,543.0,0.0
485,0,125.75,125.75,0.0
486,0,379.25,378.5,-0.75
487,0,240.25,240.25,0.0
488,1,362.0,357.75,-4.25
489,0,254.0,254.0,0.0
490,1,176.0,174.25,-1.75
491,0,187.75,186.0,-1.75
492,2,115.5,118.75,3.25
493,2,191.0,193.25,2.25
494,0,82.75,82.75,0.0
495,3,235.0,235.0,0.0
497,0,160.0,160.0,0.0
498,0,227.75,227.75,0.0
499,0,195.75,195.75,0.0
500,0,113.25,111.5,-1.75
501,3,244.25,244.25,0.0
502,1,95.5,95.5,0.0
503,2,97.5,98.75,1.25
504,0,95.75,95.75,0.0
505,0,356.75,356.75,0.0
506,0,421.75,421.75,0.0
507,3,264.25,258.25,-6.0
508,3,148.75,146.5,-2.25
509,3,84.0,83.25,-0.75
510,0,146.75,146.75,0.0
511,2,184.75,184.75,0.0
