case,v026_T,v027_T,delta_T,pre_lns_delta,v027_attempts,alternative_direct_best_saved,alternative_paired_best_saved,elapsed_ms
0000.txt,43,43,0,0,8100,0,0,2113
0001.txt,106,108,2,0,1831,0,0,2102
0002.txt,111,114,3,2,7246,0,0,1762
0003.txt,132,134,2,0,5360,0,0,1672
0004.txt,255,262,7,0,3388,0,0,1534
0005.txt,572,602,30,0,1635,0,4,1534
0006.txt,114,111,-3,0,8660,0,0,1534
0007.txt,119,115,-4,0,10200,0,0,1533
0008.txt,124,141,17,14,204,0,0,1605
0009.txt,83,85,2,0,314,0,0,1602
0010.txt,71,71,0,0,16167,0,0,1567
0011.txt,162,161,-1,0,3768,1,0,1566
0012.txt,126,123,-3,2,8081,0,0,1533
0013.txt,183,186,3,0,4074,0,0,1532
0014.txt,383,380,-3,0,1638,1,0,1539
0015.txt,550,576,26,0,1200,0,0,1539
0016.txt,127,129,2,0,6561,0,0,1532
0017.txt,211,209,-2,2,3257,0,0,1532
0018.txt,74,73,-1,0,12046,0,0,1534
0019.txt,678,663,-15,4,691,0,0,1535
0020.txt,150,150,0,0,4803,0,0,1534
0021.txt,65,67,2,0,14633,0,0,1532
0022.txt,68,68,0,0,16707,0,0,1533
0023.txt,84,82,-2,0,14531,0,0,1534
0024.txt,118,122,4,0,8297,0,1,1535
0025.txt,58,56,-2,0,18990,0,0,1535
0026.txt,121,133,12,0,69,0,0,1544
0027.txt,152,163,11,0,239,0,0,1560
0028.txt,263,263,0,0,3195,0,0,1560
0029.txt,261,249,-12,0,2863,0,0,1549
0030.txt,458,479,21,0,2207,1,0,1532
0031.txt,121,126,5,0,7240,0,0,1532
0032.txt,142,149,7,0,4934,0,0,1533
0033.txt,141,142,1,0,4848,0,0,1532
0034.txt,446,416,-30,0,1650,0,0,1534
0035.txt,63,63,0,0,18904,0,0,1532
0036.txt,207,205,-2,0,2986,0,0,1537
0037.txt,245,252,7,0,3400,0,1,1535
0038.txt,131,135,4,0,5717,1,0,1533
0039.txt,117,114,-3,0,8557,0,0,1533
0040.txt,137,137,0,0,6983,0,0,1534
0041.txt,92,94,2,0,7635,0,0,1534
0042.txt,324,334,10,0,1965,1,0,1533
0043.txt,169,155,-14,0,8247,0,0,1533
0044.txt,182,186,4,0,4009,3,0,1534
0045.txt,204,200,-4,0,5630,0,1,1534
0046.txt,149,150,1,0,5929,0,0,1534
0047.txt,337,341,4,0,1755,2,0,1536
0048.txt,229,228,-1,0,2516,1,0,1534
0049.txt,190,196,6,0,3162,0,0,1534
0050.txt,140,145,5,0,7992,0,0,1534
0051.txt,119,120,1,0,7283,0,0,1535
0052.txt,197,188,-9,0,3672,0,0,1535
0053.txt,131,131,0,0,8097,1,0,1534
0054.txt,307,311,4,0,2268,0,0,1535
0055.txt,297,292,-5,0,2349,0,0,1534
0056.txt,198,196,-2,2,4318,0,0,1535
0057.txt,257,254,-3,0,3628,0,0,1535
0058.txt,313,295,-18,0,2125,0,0,1537
0059.txt,68,68,0,0,14550,0,0,1535
0060.txt,156,155,-1,0,5824,0,0,1534
0061.txt,292,296,4,0,4939,0,0,1534
0062.txt,168,179,11,0,3510,0,0,1535
0063.txt,257,263,6,0,3025,0,0,1535
0064.txt,195,195,0,0,8043,0,0,1537
0065.txt,122,124,2,0,7975,0,1,1535
0066.txt,415,424,9,0,2100,0,0,1535
0067.txt,198,202,4,0,3802,0,4,1535
0068.txt,420,431,11,0,1347,0,1,1538
0069.txt,133,128,-5,0,6938,0,0,1538
0070.txt,424,437,13,0,1104,0,0,1538
0071.txt,408,405,-3,29,1311,2,2,1538
0072.txt,88,89,1,0,9139,0,0,1535
0073.txt,236,240,4,0,3070,0,0,1536
0074.txt,96,100,4,0,9691,0,0,1536
0075.txt,370,376,6,0,1612,1,0,1536
0076.txt,271,269,-2,-5,3111,0,0,1596
0077.txt,84,85,1,0,11376,0,0,1595
0078.txt,263,271,8,0,3484,0,0,1534
0079.txt,67,67,0,0,16193,0,0,1534
0080.txt,181,176,-5,0,3527,0,0,1534
0081.txt,374,378,4,0,1652,0,0,1534
0082.txt,320,331,11,0,2328,0,0,1534
0083.txt,172,171,-1,0,5802,0,0,1534
0084.txt,321,323,2,0,2293,0,0,1535
0085.txt,203,203,0,0,4565,1,1,1534
0086.txt,97,100,3,0,15851,0,0,1533
0087.txt,114,115,1,0,6441,0,0,1534
0088.txt,155,158,3,0,5953,3,1,1533
0089.txt,385,368,-17,0,1772,0,0,1533
0090.txt,153,159,6,0,10050,0,0,1533
0091.txt,98,98,0,0,10759,2,0,1533
0092.txt,563,561,-2,0,1269,0,0,1535
0093.txt,84,83,-1,0,12321,0,0,1535
0094.txt,122,119,-3,0,7930,0,0,1533
0095.txt,255,255,0,0,2301,0,0,1533
0096.txt,85,84,-1,0,10639,0,0,1532
0097.txt,552,582,30,0,1783,0,0,1533
0098.txt,130,127,-3,0,6796,0,0,1532
0099.txt,198,189,-9,0,4071,0,0,1533
