tag,case,control,boundary,selected,remaining,base_tail,best_tail,saved,status,labels,expanded,generated,pruned,dominated,goals,ms,minimum_open_bound,mandatory_cache,transition_checks,physical_checks,bound_checks,selected_moves,background_moves,rides,supports,skipped,north_a_launches,artifact,task_routes,multi_edges,task_legs,background_edges,maximum_task_length
0097_control_0570,0097,1,570,14,14,12,9,3,first_improvement,67631,477,138355,21839,48885,1,87.848,7,1,8,8605,138355,9,0,0,0,0,0,results/nn_rank/v132/20261005_temporal_tasks_studio/diagnostic/plans/0097_control_0570.txt,6239,118860,451018,0,11
0060_0000,0060,0,0,6,34,161,161,0,label_cap,100000,350,180374,17265,63109,0,314.413,140,27,8,61052,180374,0,0,0,0,0,0,-,2076,179015,2312624,322,33
0060_0024,0060,0,24,6,34,137,137,0,label_cap,100000,578,228656,91255,37401,0,273.910,125,58,8,43944,228656,0,0,0,0,0,0,-,3179,226753,2491698,557,30
0060_0025,0060,0,25,6,34,136,136,0,label_cap,100000,564,228420,84509,43911,0,263.768,124,50,8,42274,228420,0,0,0,0,0,0,-,3096,224779,2342918,559,30
0060_0026,0060,0,26,6,34,135,135,0,label_cap,100000,550,226457,85115,41342,0,255.930,124,50,8,40748,226457,0,0,0,0,0,0,-,3013,222779,2153205,547,30
0060_0027,0060,0,27,6,34,134,134,0,label_cap,100000,629,251869,105571,46298,0,273.715,124,50,8,40264,251869,0,0,0,0,0,0,-,3469,246154,2261036,624,30
0060_0028,0060,0,28,6,34,133,133,0,label_cap,100000,637,249951,104470,45481,0,205.011,123,50,8,25587,249951,0,0,0,0,0,0,-,3482,244187,2241374,641,27
0060_0029,0060,0,29,6,34,132,132,0,label_cap,100000,637,250126,104557,45569,0,198.014,122,49,8,24836,250126,0,0,0,0,0,0,-,3482,244192,2241423,641,27
0060_0030,0060,0,30,6,34,131,131,0,label_cap,100000,637,250308,104615,45693,0,198.911,121,48,8,25251,250308,0,0,0,0,0,0,-,3482,244205,2241592,641,27
0060_0031,0060,0,31,6,34,130,130,0,label_cap,100000,638,250498,104711,45787,0,205.125,120,47,8,25790,250498,0,0,0,0,0,0,-,3488,244622,2245486,642,27
0060_0032,0060,0,32,6,34,129,129,0,label_cap,100000,638,250674,104757,45917,0,213.325,119,46,8,25678,250674,0,0,0,0,0,0,-,3488,244631,2245739,642,27
0060_0033,0060,0,33,6,34,128,128,0,label_cap,100000,639,250872,104859,46013,0,201.323,118,45,8,25725,250872,0,0,0,0,0,0,-,3494,245022,2249480,643,27
0060_0035,0060,0,35,6,34,126,126,0,label_cap,100000,1113,346516,202661,43855,0,200.651,117,43,8,18757,346516,0,0,0,0,0,0,-,5184,337300,3376077,1125,30
0005_0000,0005,0,0,6,122,598,598,0,label_cap,100000,1876,1132254,992605,39649,0,2399.096,593,425,8,202939,1132254,0,0,0,0,0,0,-,9939,1119212,18244842,1854,50
0005_0223,0005,0,223,6,114,375,375,0,expansion_cap,5121,4096,398578,393256,202,0,449.717,374,368,8,29152,398578,0,0,0,0,0,0,-,9496,380859,4794013,4176,41
0068_0000,0068,0,0,4,157,426,426,0,label_cap,100000,1671,738437,590018,48419,0,1831.845,421,414,8,115628,738437,0,0,0,0,0,0,-,6067,728684,5407520,1663,23
0068_0264,0068,0,264,4,136,162,162,0,restricted_exhausted,0,0,0,1,0,0,0.008,162,1,0,0,0,0,0,0,0,0,0,-,0,0,0,0,0
0097_0000,0097,0,0,6,116,582,582,0,label_cap,100000,369,206602,76898,29704,0,2286.862,561,370,8,226278,206602,0,0,0,0,0,0,-,1503,206242,3854191,370,52
0097_0568,0097,0,568,6,22,14,14,0,restricted_exhausted,0,0,0,1,0,0,0.007,14,1,0,0,0,0,0,0,0,0,0,-,0,0,0,0,0
0019_0000,0019,0,0,5,217,643,643,0,label_cap,100000,177,258375,124169,34206,0,3152.402,633,178,8,185250,258375,0,0,0,0,0,0,-,723,257786,2385144,180,21
0019_0269,0019,0,269,5,213,374,374,0,expansion_cap,38702,4096,937673,891485,7487,0,688.689,372,364,8,8457,937673,0,0,0,0,0,0,-,9175,913425,4312789,4046,19
