new_rank,old_rank,ids,size,gross_removed,broken_support_jumps,original_priority,priority,expanded_ids,expanded_broken,expanded_gross,tested,extract_status,net_removed,insert_status,final_T,extract_ms,insert_ms
0,0,10 22 28 29 40 55 67 74,8,25,1,6.132031836366501,5.8891790903717878,10 22 28 29 40 55 67 74,1,25,1,ok,24,failed,-1,0.0079999999999999776,0.3030000000000001
1,3,55 58 67 74,4,10,1,4.4602063565930443,4.0250642730229913,55 58 67 74 90 92 96 103,5,14,1,ok,8,ok,145,0.0050000000000000131,0.23999999999999999
2,8,7 8 16 18 26 27,6,12,1,4.0538900469306505,3.7229602471812093,7 8 16 18 26 27 80,0,13,1,ok,11,ok,146,0.005999999999999929,0.29300000000000009
3,26,74,1,3,0,3.4722998364112994,3.4722998364112994,74,0,3,1,ok,3,ok,143,0.0040000000000000972,0.033999999999999961
4,5,5 7 8 16 18 26 27,7,16,3,4.1723021362437986,3.402030972629559,5 7 8 16 18 26 27 80,2,17,1,ok,12,failed,-1,0.0070000000000000617,0.27699999999999991
5,12,7 26 48 55 58 67 74,7,14,2,3.9310570441493962,3.3793297397073756,7 26 48 55 58 67 74,2,14,1,ok,9,failed,-1,0.0049999999999997963,0.17100000000000015
6,23,8 16 18 22 23 27,6,12,1,3.5346216940143944,3.2460811475642393,8 16 18 22 23 27 80,0,13,1,ok,11,ok,147,0.0040000000000000972,0.2080000000000003
7,7,5 7 8 16 18 24 26 27,8,17,4,4.0871103686479291,3.1393746309904382,5 7 8 16 18 24 26 27,4,17,1,ok,12,failed,-1,0.006999999999999628,0.27100000000000041
8,22,8 16 18 27,4,8,1,3.5658365595674555,3.1336139462865522,8 16 18 27 80,0,9,1,ok,7,ok,145,0.0029999999999999645,0.21000000000000013
9,27,8 16 18 22 27,5,9,1,3.4364869510671618,3.0649748482490908,8 16 18 22 27 80,0,10,1,ok,8,ok,146,0.0040000000000000972,0.17699999999999963
10,2,72 82 90 92 96 102 103 105,8,17,6,4.6911006391961267,3.0594134603452998,72 82 90 92 96 102 103 105,6,17,1,ok,7,failed,-1,0.010999999999999725,0.22199999999999998
11,6,8 16 27 46 53 79 102 107,8,15,4,4.0951858192471571,3.0210387191167549,8 16 27 46 53 79 102 107,4,15,1,ok,6,failed,-1,0.0079999999999997608,0.1290000000000002
12,4,87 88 96 102 103 105 106 107,8,15,5,4.3233610715438644,2.9058656382507944,87 88 96 102 103 105 106 107,5,15,1,ok,9,failed,-1,0.0080000000000001945,0.23700000000000024
13,21,10 12 29 45 80 87 88 106,8,14,3,3.6045675102508516,2.8457111923033036,10 12 29 45 80 87 88 106,3,14,1,ok,8,failed,-1,0.0080000000000001945,0.23499999999999996
14,47,55 67 74,3,6,0,2.8168635858580275,2.8168635858580275,55 67 74,0,6,1,ok,6,ok,143,0.0019999999999993981,0.20600000000000046
15,17,8 16 27 46 53 86 89,7,12,3,3.6905935872802353,2.7867747495789539,8 16 27 46 53 80 86 89,2,13,1,ok,6,failed,-1,0.0079999999999993271,0.20899999999999999
16,1,66 72 82 90 92 96 103 105,8,19,8,4.7324915999439172,2.7657418441230686,66 72 82 90 92 96 103 105,8,19,1,ok,0,failed,-1,0.014000000000000123,0.094000000000000333
17,34,8 16 18 22 23 27 30,7,12,2,3.2883538657124385,2.7514797651879586,8 16 18 22 23 27 30 80,1,13,1,ok,10,failed,-1,0.0050000000000006636,0.22399999999999937
18,52,18 23,2,4,0,2.6924623311865434,2.6924623311865434,18 23,0,4,1,ok,4,ok,143,0.0020000000000002655,0.069999999999999757
19,13,8 16 27 46 53 66,6,12,4,3.92503245314539,2.643389203138732,8 16 27 46 53 66 80,3,13,1,ok,5,failed,-1,0.0090000000000003272,0.17000000000000001
20,9,29 45 66 80 87 88 105 106,8,14,5,4.0364745124102477,2.6201676659505115,29 45 66 80 87 88 105 106,5,14,1,ok,7,failed,-1,0.012000000000000725,0.17499999999999982
21,32,8 16 27 46 53 79 80 107,8,13,3,3.3629336187962902,2.6015146862386396,8 16 27 46 53 79 80 107,3,13,1,ok,8,ok,147,0.0070000000000000617,0.2890000000000002
22,24,96 102 103 105 106 107,6,11,3,3.5077184667119288,2.5723268755887476,74 96 102 103 105 106 107,2,14,1,ok,7,failed,-1,0.0070000000000000617,0.17500000000000068
23,31,8 16 27 46 53 79 86 89,8,12,3,3.3962284296301815,2.5644990182921776,8 16 27 46 53 79 86 89,3,12,1,ok,3,failed,-1,0.005999999999999929,0.10699999999999946
24,58,67 74,2,4,0,2.5315981392978557,2.5315981392978557,67 74,0,4,1,ok,4,ok,143,0.0020000000000002655,0.11699999999999991
25,60,74 101 112,3,5,0,2.501975649342191,2.501975649342191,74 101 112,0,5,1,ok,5,ok,143,0.0029999999999995308,0.10399999999999993
26,11,45 66 80 87 88 105 106,7,13,5,3.9775994115679492,2.4766185015423083,45 66 80 87 88 102 105 106,4,15,1,ok,6,failed,-1,0.0099999999999995925,0.1429999999999999
27,16,5 8 16 18 24 27,6,11,4,3.8176308886034458,2.4602510170999983,5 8 16 18 24 27 80,3,12,1,ok,5,failed,-1,0.0070000000000000617,0.18199999999999988
28,62,58 74,2,4,0,2.4412969536197071,2.4412969536197071,58 74,0,4,1,ok,4,ok,143,0.0019999999999993981,0.076000000000000539
29,63,10,1,2,0,2.4199882145629052,2.4199882145629052,10,0,2,1,ok,2,ok,143,0.0030000000000003982,0.042999999999999636
30,64,102,1,2,0,2.3905448105379423,2.3905448105379423,102,0,2,1,ok,2,ok,143,0.0020000000000002655,0.031999999999999043
31,46,10 29 40 45 80 87 88 106,8,11,2,2.8498853092701157,2.3432390320665397,10 29 40 45 80 87 88 106,2,11,1,ok,8,failed,-1,0.0049999999999997963,0.20799999999999985
32,65,18,1,2,0,2.342415527617538,2.342415527617538,18,0,2,0,not_tested,0,not_tested,-1,0,0
33,25,8 16 27 46 53 79 107,7,11,4,3.4828613458155284,2.2445106450811183,8 16 27 46 53 79 80 107,3,13,1,ok,2,failed,-1,0.0070000000000000617,0.10600000000000019
34,33,8 16 27 46 53 86 87 88,8,12,4,3.3294565407171799,2.2422870580340191,8 16 27 46 53 86 87 88,4,12,0,not_tested,0,not_tested,-1,0,0
35,78,10 12,2,3,0,2.2373147613647277,2.2373147613647277,10 12,0,3,0,not_tested,0,not_tested,-1,0,0
36,37,5 18 23,3,6,2,3.1953528563215468,2.1728399422986517,5 18 23 24 72 82 102,6,11,0,not_tested,0,not_tested,-1,0,0
37,87,107,1,2,0,2.1537419641633031,2.1537419641633031,107,0,2,0,not_tested,0,not_tested,-1,0,0
38,61,8 16 27 53 79 80 107,7,8,1,2.4476486516857023,2.1509639666328901,8 16 27 53 79 80 107,1,8,0,not_tested,0,not_tested,-1,0,0
39,41,66,1,3,1,3.0608534123765292,2.1190523624145201,8 16 27 46 53 66 80,3,13,0,not_tested,0,not_tested,-1,0,0
40,90,112,1,2,0,2.0930303235045589,2.0930303235045589,112,0,2,0,not_tested,0,not_tested,-1,0,0
41,91,106 107,2,3,0,2.0890062819358319,2.0890062819358319,106 107,0,3,0,not_tested,0,not_tested,-1,0,0
42,92,18 27,2,3,0,2.0846493916130551,2.0846493916130551,18 27,0,3,0,not_tested,0,not_tested,-1,0,0
43,97,58 67,2,3,0,2.0545925105235217,2.0545925105235217,58 67,0,3,0,not_tested,0,not_tested,-1,0,0
44,55,102 103 105 106 107,5,8,2,2.610610816625861,1.9777354671408041,30 38 74 102 103 105 106 107,1,12,0,not_tested,0,not_tested,-1,0,0
45,35,8 16 27 46 53 86,6,10,4,3.2298311654952694,1.969409247253213,8 16 27 46 53 80 86 89,2,13,0,not_tested,0,not_tested,-1,0,0
46,38,5 12 18 23 45 58 80 87 88 106,10,13,5,3.1555974132858298,1.9648059365741959,5 12 18 23 45 58 80 87 88 106,5,13,0,not_tested,0,not_tested,-1,0,0
47,20,5 24 55 58 67 72 74 82,8,15,7,3.6122962415819724,1.9541930487246737,5 24 55 58 67 72 74 82,7,15,1,ok,2,failed,-1,0.0089999999999985925,0.13500000000000145
48,107,7 26,2,3,0,1.9499082184963592,1.9499082184963592,7 26,0,3,0,not_tested,0,not_tested,-1,0,0
49,109,10 12 23,3,4,0,1.9227431413608538,1.9227431413608538,10 12 23,0,4,0,not_tested,0,not_tested,-1,0,0
50,111,10 29 40,3,4,0,1.896414199989962,1.896414199989962,10 29 40,0,4,0,not_tested,0,not_tested,-1,0,0
51,113,8 18,2,3,0,1.8884362736968259,1.8884362736968259,8 18,0,3,0,not_tested,0,not_tested,-1,0,0
52,18,30 38 66 90 92 96 103 105,8,14,7,3.6423364771135094,1.8531185585314347,30 38 66 90 92 96 103 105,7,14,1,failed,0,not_tested,-1,0.0089999999999985925,0
53,84,22 28 55 67 74,5,6,1,2.1950831317997279,1.8438698307117714,8 16 22 27 28 55 67 74,1,10,0,not_tested,0,not_tested,-1,0,0
54,14,72 82 90 92 96 103 105,7,13,7,3.907486559014552,1.8431540372710149,72 82 90 92 96 102 103 105,6,17,1,ok,-2,failed,-1,0.011000000000000593,0.01899999999999992
55,10,30 38 72 82 90 92 96 103,8,14,8,4.0168429094546481,1.7617732059011613,30 38 72 82 90 92 96 103,8,14,1,failed,0,not_tested,-1,0.0090000000000003272,0
56,15,7 24 26 66 72 82 90 96,8,14,8,3.8205364278905174,1.6756738718818058,7 24 26 66 72 82 90 96,8,14,1,ok,-1,failed,-1,0.011000000000000593,0.1349999999999997
57,51,5 7 26,3,5,2,2.6939672605572578,1.6676940184402071,5 7 24 26 48 72 82 102,8,14,0,not_tested,0,not_tested,-1,0,0
58,36,38 72 82 90 92 96 103,7,12,6,3.2254905597357726,1.6456584488447819,38 72 82 90 92 96 102 103,6,15,0,not_tested,0,not_tested,-1,0,0
59,53,7 30 38 90 96 101 105 112,8,10,4,2.6790645115051439,1.6335759216494778,7 30 38 90 96 101 105 112,4,10,0,not_tested,0,not_tested,-1,0,0
60,48,96 102 103 105 107,5,7,3,2.7762607925860436,1.6274632232400945,30 38 74 96 102 103 105 107,3,11,0,not_tested,0,not_tested,-1,0,0
61,88,55 58 67,3,4,1,2.127464042134144,1.6268842675143456,55 58 67 90 92 96 102 103,6,11,0,not_tested,0,not_tested,-1,0,0
62,29,30 38 55 58 66 67 90 105,8,13,7,3.4240205348505581,1.6151040258729048,30 38 55 58 66 67 90 105,7,13,1,failed,0,not_tested,-1,0.0079999999999993271,0
63,50,5 18 23 24,4,7,3,2.7278475756831608,1.5990830616073701,5 18 23 24 72 82 102,6,11,0,not_tested,0,not_tested,-1,0,0
64,94,48 58 67,3,4,1,2.0649419774974742,1.5790732769098335,30 38 48 58 67 74 102 105,1,10,0,not_tested,0,not_tested,-1,0,0
65,127,55 58,2,2,0,1.5671961440410351,1.5671961440410351,55 58,0,2,0,not_tested,0,not_tested,-1,0,0
66,101,86 102 107,3,4,1,2.038906027479316,1.5591634327783008,72 74 82 86 90 92 102 107,4,11,0,not_tested,0,not_tested,-1,0,0
67,129,8 16 18,3,3,0,1.5447363941732559,1.5447363941732559,8 16 18,0,3,0,not_tested,0,not_tested,-1,0,0
68,131,80 109,2,2,0,1.538066174058756,1.538066174058756,80 109,0,2,0,not_tested,0,not_tested,-1,0,0
69,133,40 55,2,2,0,1.5236872663592993,1.5236872663592993,40 55,0,2,0,not_tested,0,not_tested,-1,0,0
70,134,40 55 67,3,3,0,1.5209132914222432,1.5209132914222432,40 55 67,0,3,0,not_tested,0,not_tested,-1,0,0
71,45,8 16 27 46 53,5,8,4,2.9397793291161216,1.5144317756052748,8 16 27 46 53 80 86 89,2,13,0,not_tested,0,not_tested,-1,0,0
72,136,101 112,2,2,0,1.462485180499995,1.462485180499995,101 112,0,2,0,not_tested,0,not_tested,-1,0,0
73,138,55 67,2,2,0,1.4582473945832297,1.4582473945832297,55 67,0,2,0,not_tested,0,not_tested,-1,0,0
74,139,10 22,2,2,0,1.4407992471618367,1.4407992471618367,10 22,0,2,0,not_tested,0,not_tested,-1,0,0
75,116,86 89 98 99 100 109,6,5,1,1.7766214900333377,1.4382173966936542,86 89 98 99 100 109,1,5,0,not_tested,0,not_tested,-1,0,0
76,30,72 82 90 92 96 103,6,10,6,3.4090488525020652,1.4135080607935395,72 74 82 90 92 96 102 103,5,16,1,ok,-2,failed,-1,0.0079999999999993271,0.02000000000000092
77,142,23 58,2,2,0,1.4004707322601013,1.4004707322601013,23 58,0,2,0,not_tested,0,not_tested,-1,0,0
78,102,48 112,2,3,1,2.0157129577976352,1.3954935861675934,30 38 48 74 102 105 112,1,9,0,not_tested,0,not_tested,-1,0,0
79,100,8 16 27 53 79 107,6,6,2,2.0508069171016539,1.3945487036291246,8 16 27 53 79 80 107,1,8,0,not_tested,0,not_tested,-1,0,0
80,148,26,1,1,0,1.374946356303379,1.374946356303379,26,0,1,0,not_tested,0,not_tested,-1,0,0
81,106,45 66,2,3,1,1.9746608053322685,1.3670728652300321,8 16 27 45 46 53 66 80,3,13,0,not_tested,0,not_tested,-1,0,0
82,149,67,1,1,0,1.3645814253094897,1.3645814253094897,67,0,1,0,not_tested,0,not_tested,-1,0,0
83,150,7,1,1,0,1.363680170140259,1.363680170140259,7,0,1,0,not_tested,0,not_tested,-1,0,0
84,151,80 88,2,2,0,1.3633096701541609,1.3633096701541609,80 88,0,2,0,not_tested,0,not_tested,-1,0,0
85,152,16 18,2,2,0,1.3608251075149331,1.3608251075149331,16 18,0,2,0,not_tested,0,not_tested,-1,0,0
86,153,10 29,2,2,0,1.358478936117343,1.358478936117343,10 29,0,2,0,not_tested,0,not_tested,-1,0,0
87,117,8 16 22 27,4,4,1,1.7689292251582727,1.3527105839445615,8 16 22 27 80,0,5,0,not_tested,0,not_tested,-1,0,0
88,157,23 40,2,2,0,1.3416885464351644,1.3416885464351644,23 40,0,2,0,not_tested,0,not_tested,-1,0,0
89,70,29 45 80 87 88 106,6,7,3,2.2799685912462486,1.3365333121098699,10 29 40 45 80 87 88 106,2,11,0,not_tested,0,not_tested,-1,0,0
90,158,109,1,1,0,1.3358250398740448,1.3358250398740448,109,0,1,0,not_tested,0,not_tested,-1,0,0
91,59,5 18,2,4,2,2.5019866544251457,1.3245811699897829,5 18 24 72 82 102,6,9,0,not_tested,0,not_tested,-1,0,0
92,159,40,1,1,0,1.3159112345732797,1.3159112345732797,40,0,1,0,not_tested,0,not_tested,-1,0,0
93,160,8,1,1,0,1.3127481112695916,1.3127481112695916,8,0,1,0,not_tested,0,not_tested,-1,0,0
94,93,80 87 88 106,4,5,2,2.0783573306497387,1.2866021570688859,10 29 40 80 87 88 106,2,9,0,not_tested,0,not_tested,-1,0,0
95,161,55,1,1,0,1.2816879676150792,1.2816879676150792,55,0,1,0,not_tested,0,not_tested,-1,0,0
96,162,58,1,1,0,1.2747555402888318,1.2747555402888318,58,0,1,0,not_tested,0,not_tested,-1,0,0
97,164,80,1,1,0,1.2513693575595641,1.2513693575595641,80,0,1,0,not_tested,0,not_tested,-1,0,0
98,122,8 16 22 27 28,5,4,1,1.6349362265752079,1.2502453497339825,8 16 22 27 28 80,0,5,0,not_tested,0,not_tested,-1,0,0
99,166,88,1,1,0,1.2083517579455736,1.2083517579455736,88,0,1,0,not_tested,0,not_tested,-1,0,0
100,74,5 7 23,3,4,2,2.2704966565839362,1.2020276417209075,5 7 23 24 48 72 82 102,7,10,0,not_tested,0,not_tested,-1,0,0
101,75,7 26 48,3,4,2,2.2698844714482149,1.2017035437078785,7 26 30 38 48 74 102 105,3,10,0,not_tested,0,not_tested,-1,0,0
102,119,89 106 107,3,3,1,1.7087813397264775,1.1830024659644844,72 82 89 90 92 102 106 107,5,9,0,not_tested,0,not_tested,-1,0,0
103,79,18 23 30,3,4,2,2.2277103805660126,1.1793760838290657,8 16 18 22 23 27 30 74,1,15,0,not_tested,0,not_tested,-1,0,0
104,171,23,1,1,0,1.1764347158647765,1.1764347158647765,23,0,1,0,not_tested,0,not_tested,-1,0,0
105,81,105 106 107,3,4,2,2.2103840516160314,1.1702033214437815,74 102 105 106 107,0,9,0,not_tested,0,not_tested,-1,0,0
106,19,7 24 26 48 66 72 82,7,13,9,3.6246128880683934,1.1626116810785414,7 24 26 48 66 72 82 102,8,15,1,ok,-3,failed,-1,0.0099999999999995925,0.033999999999999309
107,174,22 40 55,3,2,0,1.1617651193968503,1.1617651193968503,22 40 55,0,2,0,not_tested,0,not_tested,-1,0,0
108,83,45 80 87 88 106,5,6,3,2.2068126616404919,1.1475425840530558,45 66 80 87 88 102 105 106,4,15,0,not_tested,0,not_tested,-1,0,0
109,178,27,1,1,0,1.1318757658457437,1.1318757658457437,27,0,1,0,not_tested,0,not_tested,-1,0,0
110,179,10 22 29,3,2,0,1.1162411860894925,1.1162411860894925,10 22 29,0,2,0,not_tested,0,not_tested,-1,0,0
111,124,8 16 27,3,3,1,1.60255722241882,1.1094626924437985,8 16 27 80,0,4,0,not_tested,0,not_tested,-1,0,0
112,54,46 72 82 86 89 90 92 100,8,10,6,2.6655707839540415,1.1052366665175295,46 72 82 86 89 90 92 100,6,10,0,not_tested,0,not_tested,-1,0,0
113,39,30 38 66 90 105,5,9,6,3.1153489640461673,1.0945820684486534,30 38 66 74 90 102 105 112,3,16,0,not_tested,0,not_tested,-1,0,0
114,95,5 23 58,3,4,2,2.0620449983788691,1.0916708814946956,5 23 24 58 72 82 102,6,9,0,not_tested,0,not_tested,-1,0,0
115,121,30 38 74 92 103 105,6,5,2,1.6372611267803103,1.0135426022925731,30 38 74 92 102 103 105 107,1,10,0,not_tested,0,not_tested,-1,0,0
116,140,46 86 89 100,4,3,1,1.4341834017425124,0.99289620120635469,46 72 82 86 89 90 92 100,6,10,0,not_tested,0,not_tested,-1,0,0
117,155,86 89 98 100,4,3,1,1.3517699693828527,0.93584074803428252,72 82 86 89 90 92 98 100,6,9,0,not_tested,0,not_tested,-1,0,0
118,66,7 30 38 90 96 101 105,7,8,5,2.3276861215991027,0.91696726002388873,7 30 38 90 96 101 102 105,5,10,0,not_tested,0,not_tested,-1,0,0
119,57,30 38 66 105,4,6,4,2.532746680359053,0.91178880492925918,18 23 30 38 66 74 102 105,2,15,0,not_tested,0,not_tested,-1,0,0
120,28,5 24 30 38 66 90 105,7,12,9,3.432260598497622,0.91059975062181819,5 24 30 38 66 90 102 105,8,14,1,failed,0,not_tested,-1,0.0080000000000010618,0
121,42,66 105,2,4,3,2.9743311451862562,0.8748032779959577,66 74 102 105,1,9,0,not_tested,0,not_tested,-1,0,0
122,73,5 7,2,3,2,2.2711801725085183,0.87353083558019939,5 7 24 48 72 82 102,7,9,0,not_tested,0,not_tested,-1,0,0
123,181,8 16,2,1,0,0.87183435399008047,0.87183435399008047,8 16,0,1,0,not_tested,0,not_tested,-1,0,0
124,182,80 99,2,1,0,0.87023326403285084,0.87023326403285084,80 99,0,1,0,not_tested,0,not_tested,-1,0,0
125,183,16 27,2,1,0,0.86814518819144182,0.86814518819144182,16 27,0,1,0,not_tested,0,not_tested,-1,0,0
126,187,22 23,2,1,0,0.84737254580970733,0.84737254580970733,22 23,0,1,0,not_tested,0,not_tested,-1,0,0
127,191,12 23,2,1,0,0.82732802868064859,0.82732802868064859,12 23,0,1,0,not_tested,0,not_tested,-1,0,0
128,137,86 102,2,2,1,1.4606430518253106,0.81146836212517259,72 74 82 86 90 92 102,4,9,0,not_tested,0,not_tested,-1,0,0
129,98,5 23,2,3,2,2.0533857420007053,0.78976374692334816,5 23 24 72 82 102,6,8,0,not_tested,0,not_tested,-1,0,0
130,99,102 103,2,3,2,2.0522544553975859,0.7893286366913792,30 38 74 102 103 105 107,1,9,0,not_tested,0,not_tested,-1,0,0
131,196,79 80,2,1,0,0.7768477099603418,0.7768477099603418,79 80,0,1,0,not_tested,0,not_tested,-1,0,0
132,143,89 107,2,2,1,1.3946999890762348,0.77483332726457499,72 74 82 89 90 92 102 107,4,11,0,not_tested,0,not_tested,-1,0,0
133,144,48 58,2,2,1,1.3922063236651381,0.77344795759174345,30 38 48 58 74 102 105,1,8,0,not_tested,0,not_tested,-1,0,0
134,145,87 88,2,2,1,1.3849597836337761,0.76942210201876449,8 16 27 46 53 86 87 88,4,12,0,not_tested,0,not_tested,-1,0,0
135,201,88 106,2,1,0,0.7538653755147211,0.7538653755147211,88 106,0,1,0,not_tested,0,not_tested,-1,0,0
136,202,80 98,2,1,0,0.72686792758087981,0.72686792758087981,80 98,0,1,0,not_tested,0,not_tested,-1,0,0
137,204,99 109,2,1,0,0.72233491164148556,0.72233491164148556,99 109,0,1,0,not_tested,0,not_tested,-1,0,0
138,56,72 82 90 92 102 105,6,8,6,2.5964716385504456,0.70812862869557613,72 74 82 90 92 102 105,5,11,0,not_tested,0,not_tested,-1,0,0
139,168,86 89 100,3,2,1,1.1953980154635218,0.66411000859084535,72 82 86 89 90 92 100 102,5,10,0,not_tested,0,not_tested,-1,0,0
140,170,79 89 107,3,2,1,1.1850246072067936,0.65834700400377411,72 79 82 89 90 92 102 107,5,8,0,not_tested,0,not_tested,-1,0,0
141,175,80 82 88,3,2,1,1.157785976651885,0.6432144314732694,80 82 88 102,0,4,0,not_tested,0,not_tested,-1,0,0
142,120,7 24 26,3,3,2,1.6713690340029064,0.64283424384727161,7 24 26 90 96 102,2,7,0,not_tested,0,not_tested,-1,0,0
143,67,30 38 90 92 96 103 105,7,8,6,2.3243283149107397,0.63390772224838354,30 38 90 92 96 102 103 105,5,12,0,not_tested,0,not_tested,-1,0,0
144,123,5 12 23,3,3,2,1.6193202528798822,0.62281548187687774,5 12 23 24 72 82 102,6,8,0,not_tested,0,not_tested,-1,0,0
145,125,24 48 112,3,3,2,1.591589933274304,0.61214997433627072,24 30 38 48 74 102 105 112,2,9,0,not_tested,0,not_tested,-1,0,0
146,126,87 88 106,3,3,2,1.5891854515980135,0.61122517369154361,10 29 40 87 88 106,1,7,0,not_tested,0,not_tested,-1,0,0
147,128,38 45 66,3,3,2,1.5642388222197112,0.6016303162383505,38 45 66 74,1,6,0,not_tested,0,not_tested,-1,0,0
148,213,98 99 109,3,1,0,0.59530806136956094,0.59530806136956094,98 99 109,0,1,0,not_tested,0,not_tested,-1,0,0
149,130,80 87 88,3,3,2,1.5436928626158963,0.59372802408303704,10 29 40 80 87 88,1,7,0,not_tested,0,not_tested,-1,0,0
150,85,55 58 67 90 92 96 103,7,8,6,2.1757812709875495,0.5933948920875135,55 58 67 90 92 96 102 103,6,11,0,not_tested,0,not_tested,-1,0,0
151,132,7 90 96,3,3,2,1.5272810626301021,0.58741579331926996,7 90 96 102,1,5,0,not_tested,0,not_tested,-1,0,0
152,217,12 23 45,3,1,0,0.58475766534050966,0.58475766534050966,12 23 45,0,1,0,not_tested,0,not_tested,-1,0,0
153,68,55 58 67 90,4,5,4,2.3037444988274531,0.5485105949589173,55 58 67 90 92 96 102 103,6,11,0,not_tested,0,not_tested,-1,0,0
154,72,96 102 103 105,4,5,4,2.2723758686956685,0.54104187349896871,30 38 74 96 102 103 105 107,3,11,0,not_tested,0,not_tested,-1,0,0
155,82,72 80 82 87 88 90 92 106,8,9,7,2.2079955236550681,0.53707999224042202,72 80 82 87 88 90 92 106,7,9,0,not_tested,0,not_tested,-1,0,0
156,115,8 16 27 46,4,4,3,1.7938010793515196,0.52758855275044692,8 16 27 46 80 86 89 100,1,8,0,not_tested,0,not_tested,-1,0,0
157,169,8 16 27 53 79,5,3,2,1.1943603851023106,0.459369378885504,8 16 27 53 79 80,1,4,0,not_tested,0,not_tested,-1,0,0
158,40,24 26 66 72 82 112,6,9,8,3.0964614077753363,0.41844073078045091,24 26 48 66 72 82 102 112,7,12,0,not_tested,0,not_tested,-1,0,0
159,43,7 24 26 48 72 82,6,9,8,2.9701967209179756,0.40137793525918591,7 24 26 48 72 82 102,7,11,0,not_tested,0,not_tested,-1,0,0
160,49,7 24 26 66 72 82,6,9,8,2.7478434849491347,0.37133020066880201,7 24 26 48 66 72 82 102,8,15,0,not_tested,0,not_tested,-1,0,0
161,167,30 38 48 92 103 105,6,4,3,1.2031527409233778,0.35386845321275817,30 38 48 74 92 102 103 105,2,10,0,not_tested,0,not_tested,-1,0,0
162,108,46 72 82 86 89 92 100,7,7,6,1.943644220331787,0.3351110724709977,46 72 82 86 89 92 100 102,5,9,0,not_tested,0,not_tested,-1,0,0
163,221,22,1,0,0,0.27452566221964747,0.27452566221964747,22,0,0,0,not_tested,0,not_tested,-1,0,0
164,223,101,1,0,0,0.27236008818819502,0.27236008818819502,101,0,0,0,not_tested,0,not_tested,-1,0,0
165,80,24 26 48 66 72 82 92 103 112,9,10,9,2.2248676991652974,0.27132532916649971,24 26 48 66 72 82 92 103 112,9,10,0,not_tested,0,not_tested,-1,0,0
166,154,48,1,1,1,1.3531536955809313,0.27063073911618629,18 23 30 38 48 74 102 105,1,11,0,not_tested,0,not_tested,-1,0,0
167,224,106,1,0,0,0.26979409098700813,0.26979409098700813,106,0,0,0,not_tested,0,not_tested,-1,0,0
168,225,16,1,0,0,0.26774609502679481,0.26774609502679481,16,0,0,0,not_tested,0,not_tested,-1,0,0
169,227,87,1,0,0,0.26312005617243384,0.26312005617243384,87,0,0,0,not_tested,0,not_tested,-1,0,0
170,228,29,1,0,0,0.26165725990013938,0.26165725990013938,29,0,0,0,not_tested,0,not_tested,-1,0,0
171,229,12,1,0,0,0.26147528632995953,0.26147528632995953,12,0,0,0,not_tested,0,not_tested,-1,0,0
172,230,99,1,0,0,0.25984001802972073,0.25984001802972073,99,0,0,0,not_tested,0,not_tested,-1,0,0
173,71,5,1,2,2,2.2795100483168875,0.25327889425743194,5 7 24 72 82 90 96 102,7,10,0,not_tested,0,not_tested,-1,0,0
174,163,100,1,1,1,1.2528143850874076,0.25056287701748153,72 74 82 90 92 100 102,4,12,0,not_tested,0,not_tested,-1,0,0
175,231,28,1,0,0,0.25047837265719441,0.25047837265719441,28,0,0,0,not_tested,0,not_tested,-1,0,0
176,232,45,1,0,0,0.24929048369627696,0.24929048369627696,45,0,0,0,not_tested,0,not_tested,-1,0,0
177,165,72,1,1,1,1.2178418438809826,0.2435683687761965,72 102,0,3,0,not_tested,0,not_tested,-1,0,0
178,238,53,1,0,0,0.23617106077899944,0.23617106077899944,53,0,0,0,not_tested,0,not_tested,-1,0,0
179,242,98,1,0,0,0.23422395352545558,0.23422395352545558,98,0,0,0,not_tested,0,not_tested,-1,0,0
180,244,79,1,0,0,0.22834476474653226,0.22834476474653226,79,0,0,0,not_tested,0,not_tested,-1,0,0
181,77,5 24,2,3,3,2.2398669284154873,0.17229745603196056,5 7 24 72 82 90 96 102,7,10,0,not_tested,0,not_tested,-1,0,0
182,184,99 100,2,1,1,0.8553388398700067,0.17106776797400133,72 74 82 90 92 99 100 102,4,12,0,not_tested,0,not_tested,-1,0,0
183,186,23 24,2,1,1,0.84817891970103232,0.16963578394020645,23 24 30 38 66 90 102 105,6,12,0,not_tested,0,not_tested,-1,0,0
184,252,12 29,2,0,0,0.1654776469680285,0.1654776469680285,12 29,0,0,0,not_tested,0,not_tested,-1,0,0
185,253,28 29,2,0,0,0.16368009163861752,0.16368009163861752,28 29,0,0,0,not_tested,0,not_tested,-1,0,0
186,254,12 45,2,0,0,0.16245509466165303,0.16245509466165303,12 45,0,0,0,not_tested,0,not_tested,-1,0,0
187,194,80 82,2,1,1,0.79692435779567361,0.15938487155913472,80 82 102,0,3,0,not_tested,0,not_tested,-1,0,0
188,96,24 66,2,3,3,2.0563932512126994,0.1581840962471307,7 24 66 90 96 102,3,8,0,not_tested,0,not_tested,-1,0,0
189,257,12 28,2,0,0,0.15751589348512784,0.15751589348512784,12 28,0,0,0,not_tested,0,not_tested,-1,0,0
190,197,88 89,2,1,1,0.77372646215515928,0.15474529243103186,72 74 82 88 89 90 92 102,4,10,0,not_tested,0,not_tested,-1,0,0
191,261,45 53,2,0,0,0.15097649345522807,0.15097649345522807,45 53,0,0,0,not_tested,0,not_tested,-1,0,0
192,263,98 99,2,0,0,0.15032925172367528,0.15032925172367528,98 99,0,0,0,not_tested,0,not_tested,-1,0,0
193,264,22 29,2,0,0,0.14854355847068146,0.14854355847068146,22 29,0,0,0,not_tested,0,not_tested,-1,0,0
194,208,98 99 100,3,1,1,0.65302252186475995,0.13060450437295199,72 82 90 92 98 99 100 102,5,9,0,not_tested,0,not_tested,-1,0,0
195,173,23 24 26,3,2,2,1.1739882183883825,0.13044313537648694,7 23 24 26 90 96 102,2,8,0,not_tested,0,not_tested,-1,0,0
196,218,12 23 24,3,1,1,0.56379975122230475,0.11275995024446095,12 23 24 30 38 66 90 105,7,10,0,not_tested,0,not_tested,-1,0,0
197,110,24 48 66,3,4,4,1.9136515441116877,0.11256773788892281,7 24 48 66 90 96 102,4,9,0,not_tested,0,not_tested,-1,0,0
198,44,5 24 66 105,4,7,7,2.9670425230530526,0.10231181113976043,5 24 66 72 74 82 102 105,8,14,0,not_tested,0,not_tested,-1,0,0
199,103,72 82 90 92 105,5,6,6,2.0025996023235382,0.080103984092941519,72 74 82 90 92 102 105,5,11,0,not_tested,0,not_tested,-1,0,0
200,104,72 82 87 88 90 92 106,7,7,8,1.9810458145002661,-0.20493577391382059,72 82 87 88 90 92 102 106,7,9,0,not_tested,0,not_tested,-1,0,0
201,69,5 24 72 82 92 96 103,7,8,9,2.2843269977771703,-0.20766609070701544,5 24 72 82 92 96 102 103,9,11,0,not_tested,0,not_tested,-1,0,0
202,105,5 24 58 72 82,5,6,7,1.9777311269649225,-0.23732773523579065,5 24 58 72 82 102,6,8,0,not_tested,0,not_tested,-1,0,0
203,198,30 38 92 103 105,5,2,3,0.77202540073850923,-0.25734180024616971,30 38 74 92 102 103 105 107,1,10,0,not_tested,0,not_tested,-1,0,0
204,114,90 92 96 103,4,4,5,1.8177850295807763,-0.32078559345543112,74 90 92 96 102 103 107,3,12,0,not_tested,0,not_tested,-1,0,0
205,216,46 86 89,3,1,2,0.5871206366772399,-0.35227238200634392,46 72 82 86 89 90 92 100,6,10,0,not_tested,0,not_tested,-1,0,0
206,271,22 28 29,3,0,1,0.12514390520980384,-0.37543171562941152,8 16 22 27 28 29 80,0,5,0,not_tested,0,not_tested,-1,0,0
207,269,79 86 89,3,0,1,0.13019120628099409,-0.39057361884298225,72 79 82 86 89 90 92 102,5,6,0,not_tested,0,not_tested,-1,0,0
208,172,24 26 48,3,2,3,1.1758433734633078,-0.3919477911544359,7 24 26 48 90 96 102,4,8,0,not_tested,0,not_tested,-1,0,0
209,207,7 30 38,3,1,2,0.66942320166147173,-0.40165392099688307,7 18 23 30 38 74,1,8,0,not_tested,0,not_tested,-1,0,0
210,205,7 30,2,1,2,0.72066237710234415,-0.43239742626140648,7 18 23 30 74,1,8,0,not_tested,0,not_tested,-1,0,0
211,203,24 48,2,1,2,0.72355400671713799,-0.4341324040302828,24 30 38 48 74 102 105,2,7,0,not_tested,0,not_tested,-1,0,0
212,146,72 90,2,2,3,1.3787339701956647,-0.4595779900652216,72 80 87 88 90 102 106,3,9,0,not_tested,0,not_tested,-1,0,0
213,258,12 38,2,0,1,0.15726560388744446,-0.47179681166233339,12 38 74,0,3,0,not_tested,0,not_tested,-1,0,0
214,256,86 87,2,0,1,0.16053148405782214,-0.48159445217346647,72 74 82 86 87 90 92 102,4,9,0,not_tested,0,not_tested,-1,0,0
215,192,24 26,2,1,2,0.81833631506429039,-0.49100178903857428,7 24 26 90 96 102,2,7,0,not_tested,0,not_tested,-1,0,0
216,248,22 28,2,0,1,0.16890309845289461,-0.50670929535868381,8 16 22 27 28 80,0,5,0,not_tested,0,not_tested,-1,0,0
217,185,90 96,2,1,2,0.85420323735102499,-0.51252194241061499,30 38 90 92 96 102 103 105,5,12,0,not_tested,0,not_tested,-1,0,0
218,247,79 89,2,0,1,0.17103481093832032,-0.51310443281496099,72 74 79 82 89 90 92 102,4,9,0,not_tested,0,not_tested,-1,0,0
219,246,86 89,2,0,1,0.17137135923270841,-0.51411407769812523,72 74 82 86 89 90 92 102,4,9,0,not_tested,0,not_tested,-1,0,0
220,76,92 100,2,3,4,2.2506578319646029,-0.5193825766072161,72 74 82 90 92 100 102,4,12,0,not_tested,0,not_tested,-1,0,0
221,86,24 26 66 72 82,5,6,8,2.1653080491954566,-0.60628625377472778,24 26 48 66 72 82 102,7,9,0,not_tested,0,not_tested,-1,0,0
222,135,72 82 92 96 103,5,4,6,1.4975666983865124,-0.6166451111003286,72 74 82 92 96 102 103 107,4,12,0,not_tested,0,not_tested,-1,0,0
223,243,96,1,0,1,0.23204839164893223,-0.69614517494679673,30 38 74 92 96 102 103 105,3,11,0,not_tested,0,not_tested,-1,0,0
224,241,82,1,0,1,0.23476864887581847,-0.70430594662745538,82 102,0,2,0,not_tested,0,not_tested,-1,0,0
225,240,86,1,0,1,0.23513286277451897,-0.70539858832355695,72 74 82 86 90 92 102,4,9,0,not_tested,0,not_tested,-1,0,0
226,89,5 24 72 82,4,5,7,2.1232274421647181,-0.70774248072157275,5 7 24 72 82 90 96 102,7,10,0,not_tested,0,not_tested,-1,0,0
227,118,72 82 90 92,4,4,6,1.7569920498301386,-0.7234673146359395,7 72 74 82 90 92 96 102,3,11,0,not_tested,0,not_tested,-1,0,0
228,236,24,1,0,1,0.24399215769232385,-0.73197647307697156,24 30 38 66 74 90 102 105,5,14,0,not_tested,0,not_tested,-1,0,0
229,234,38,1,0,1,0.24872195359788379,-0.74616586079365144,38 74,0,3,0,not_tested,0,not_tested,-1,0,0
230,141,30 38 90 105,4,3,5,1.4160958561847636,-0.76251315333025738,30 38 74 90 102 105 112,2,10,0,not_tested,0,not_tested,-1,0,0
231,112,72 82 92 100,4,4,6,1.8942919603595163,-0.78000257191274214,72 74 82 90 92 100 102,4,12,0,not_tested,0,not_tested,-1,0,0
232,180,30 38 90,3,2,4,1.0166735187531133,-0.79074607014131038,18 23 30 38 74 90 102,2,11,0,not_tested,0,not_tested,-1,0,0
233,275,28 29 46,3,0,2,0.11328836021727526,-0.79301852152092689,28 29 46 86 89 100,1,3,0,not_tested,0,not_tested,-1,0,0
234,156,90,1,1,2,1.344938020767442,-0.80696281246046508,30 38 74 90 92 102 103 105,4,10,0,not_tested,0,not_tested,-1,0,0
235,222,89,1,0,1,0.27347634525666076,-0.82042903576998227,72 74 82 89 90 92 102,4,9,0,not_tested,0,not_tested,-1,0,0
236,214,48 92 103,3,1,3,0.59109421278278518,-0.82753189789589932,30 38 48 74 92 102 103 105,2,10,0,not_tested,0,not_tested,-1,0,0
237,274,28 46 53,3,0,2,0.11942770750812919,-0.83599395255690434,28 46 53 86 89 100,1,3,0,not_tested,0,not_tested,-1,0,0
238,273,12 30 38,3,0,2,0.12277639901604515,-0.85943479311231608,12 18 23 30 38 74,1,7,0,not_tested,0,not_tested,-1,0,0
239,212,90 96 105,3,1,3,0.62527288679147086,-0.87538204150805932,74 90 96 102 105 107,1,8,0,not_tested,0,not_tested,-1,0,0
240,270,30 38 101,3,0,2,0.12551027635248208,-0.87857193446737447,18 23 30 38 74 101,1,7,0,not_tested,0,not_tested,-1,0,0
241,177,92 96 103,3,2,4,1.1326307017323476,-0.88093499023627031,74 92 96 102 103 107,2,10,0,not_tested,0,not_tested,-1,0,0
242,210,30 38 105,3,1,3,0.64251589476891768,-0.89952225267648489,18 23 30 38 74 102 105,1,10,0,not_tested,0,not_tested,-1,0,0
243,268,45 46 53,3,0,2,0.13395711682332892,-0.93769981776330247,45 46 53 86 89 100,1,3,0,not_tested,0,not_tested,-1,0,0
244,267,30 38,2,0,2,0.14503546557379393,-1.0152482590165577,18 23 30 38 74,1,7,0,not_tested,0,not_tested,-1,0,0
245,266,46 53,2,0,2,0.14523781538321592,-1.0166647076825117,46 53 86 89 100,1,3,0,not_tested,0,not_tested,-1,0,0
246,200,38 90,2,1,3,0.7651674977896713,-1.0712344969055398,30 38 74 90 92 102 103 105,4,10,0,not_tested,0,not_tested,-1,0,0
247,219,30 38 101 105,4,1,4,0.50289569356148012,-1.1063705258352563,30 38 74 101 102 105 112,1,8,0,not_tested,0,not_tested,-1,0,0
248,255,105 106,2,0,2,0.16151062720083129,-1.1305743904058192,74 102 105 106,0,5,0,not_tested,0,not_tested,-1,0,0
249,193,72 82,2,1,3,0.80959078051112698,-1.1334270927155778,7 72 82 90 96 102,2,6,0,not_tested,0,not_tested,-1,0,0
250,190,96 103,2,1,3,0.82836346046027987,-1.1597088446443919,30 38 74 96 102 103 105 112,3,11,0,not_tested,0,not_tested,-1,0,0
251,251,30 101,2,0,2,0.16606286219772154,-1.1624400353840509,18 23 30 74 101,1,7,0,not_tested,0,not_tested,-1,0,0
252,189,90 105,2,1,3,0.83170044251506303,-1.1643806195210884,30 38 74 90 92 102 103 105,4,10,0,not_tested,0,not_tested,-1,0,0
253,188,82 90,2,1,3,0.83784481178433901,-1.1729827364980747,80 82 87 88 90 102 106,3,8,0,not_tested,0,not_tested,-1,0,0
254,245,45 46,2,0,2,0.17377076125409224,-1.216395328778646,45 46 86 89 100,1,3,0,not_tested,0,not_tested,-1,0,0
255,272,24 30 38,3,0,3,0.12425694898770603,-1.3668264388647664,18 23 24 30 38 74,2,7,0,not_tested,0,not_tested,-1,0,0
256,220,72 82 92 103,4,1,5,0.47125660228006538,-1.4137698068401963,72 74 82 92 102 103,3,7,0,not_tested,0,not_tested,-1,0,0
257,147,24 26 72 82,4,3,7,1.3775242663439073,-1.5894510765506622,24 26 48 72 82 102,6,6,0,not_tested,0,not_tested,-1,0,0
258,265,103 105,2,0,3,0.14691114654571821,-1.6160226120029006,30 38 74 102 103 105 107,1,9,0,not_tested,0,not_tested,-1,0,0
259,239,103,1,0,2,0.23550382879965057,-1.648526801597554,30 38 74 102 103 105 107,1,9,0,not_tested,0,not_tested,-1,0,0
260,262,24 30,2,0,3,0.15054009381621911,-1.6559410319784102,18 23 24 30 74,2,7,0,not_tested,0,not_tested,-1,0,0
261,237,46,1,0,2,0.24130039635935846,-1.6891027745155092,46 72 82 86 89 90 92 100,6,10,0,not_tested,0,not_tested,-1,0,0
262,259,82 103,2,0,3,0.15485345957435842,-1.7033880553179428,30 38 74 82 102 103 105 107,1,9,0,not_tested,0,not_tested,-1,0,0
263,235,30,1,0,2,0.24612638185756222,-1.7228846730029355,8 16 18 22 23 27 30 74,1,15,0,not_tested,0,not_tested,-1,0,0
264,215,72 82 103,3,1,5,0.59034131315906935,-1.771023939477208,7 72 74 82 90 96 102 103,4,11,0,not_tested,0,not_tested,-1,0,0
265,250,96 105,2,0,3,0.16630423821855247,-1.8293466204040776,74 96 102 105 107,1,7,0,not_tested,0,not_tested,-1,0,0
266,249,92 103,2,0,3,0.16745844936222493,-1.8420429429844745,30 38 74 92 102 103 105 107,1,10,0,not_tested,0,not_tested,-1,0,0
267,226,105,1,0,2,0.26687515114559085,-1.8681260580191359,74 102 105,0,5,0,not_tested,0,not_tested,-1,0,0
268,176,24 72 82,3,2,6,1.1424479599407327,-1.9040799332345544,7 24 48 72 82 90 96 102,6,8,0,not_tested,0,not_tested,-1,0,0
269,211,96 103 105,3,1,5,0.63788248190676144,-1.9136474457202846,30 38 74 96 102 103 105 107,3,11,0,not_tested,0,not_tested,-1,0,0
270,209,82 90 92,3,1,5,0.64464939393436915,-1.9339481818031075,30 38 74 82 90 92 102 105,4,8,0,not_tested,0,not_tested,-1,0,0
271,199,24 72 82 92 103,5,2,8,0.76587709980195273,-1.9572414772716569,24 72 74 82 92 96 102 103,7,11,0,not_tested,0,not_tested,-1,0,0
272,206,72 82 92,3,1,5,0.6710553553541021,-2.0131660660623063,7 72 74 82 90 92 96 102,3,11,0,not_tested,0,not_tested,-1,0,0
273,260,82 92,2,0,4,0.15314123811797994,-2.2971185717696994,30 38 74 82 92 102 105,2,6,0,not_tested,0,not_tested,-1,0,0
274,195,90 92,2,1,5,0.77899955960497935,-2.3369986788149379,30 38 74 90 92 102 105 112,3,10,0,not_tested,0,not_tested,-1,0,0
275,233,92,1,0,3,0.24897266048914657,-2.7386992653806121,18 23 30 38 74 92 102 105,1,10,0,not_tested,0,not_tested,-1,0,0
