case,kind,extract_calls,insert_calls,insert_success,parent_extract_ns,new_extract_ns,parent_insert_ns,new_insert_ns,equal,flexible_calls,flexible_success,paired_calls,paired_success,mask_checks,trial_moves,trial_restores
0000,0,63,167,164,343000,261000,4.688e+06,4.029e+06,1,51,49,64,57,13176,43,86
0000,1,17,116,116,90000,88000,2.973e+06,3.054e+06,1,51,49,64,57,13176,43,86
0001,0,158,403,351,1.499e+06,1.626e+06,2.5755e+07,2.7559e+07,1,115,75,64,25,29720,104,208
0001,1,95,504,439,879000,849000,3.5601e+07,3.5295e+07,1,115,75,64,25,29720,104,208
0002,0,208,540,512,1.434e+06,1.478e+06,2.6405e+07,2.7062e+07,1,130,119,64,50,27876,111,222
0002,1,62,305,273,418000,415000,1.6718e+07,1.6761e+07,1,130,119,64,50,27876,111,222
0003,0,179,307,239,3.132e+06,3.064e+06,2.1105e+07,1.9341e+07,1,120,49,64,13,92480,125,250
0003,1,144,766,670,1.779e+06,1.786e+06,8.2706e+07,7.9187e+07,1,120,49,64,13,92480,125,250
0004,0,549,1029,845,1.1161e+07,1.123e+07,1.29056e+08,1.23253e+08,1,365,213,64,16,79416,257,514
0004,1,426,1609,1267,9.75e+06,9.695e+06,2.72922e+08,2.65554e+08,1,365,213,64,16,79416,257,514
0005,0,952,1646,1380,3.7909e+07,3.7105e+07,5.20875e+08,4.85441e+08,1,784,352,64,22,133100,620,1240
0005,1,552,1675,1390,2.3862e+07,2.3504e+07,6.15898e+08,5.9751e+08,1,784,352,64,22,133100,620,1240
0006,0,267,540,460,2.501e+06,2.513e+06,2.6742e+07,2.6207e+07,1,161,98,64,29,19302,118,236
0006,1,157,711,561,1.7e+06,1.685e+06,4.729e+07,4.7541e+07,1,161,98,64,29,19302,118,236
0007,0,254,615,567,2.462e+06,2.408e+06,3.6395e+07,3.5564e+07,1,146,85,64,28,22047,121,242
0007,1,74,362,318,809000,790000,2.1567e+07,2.1589e+07,1,146,85,64,28,22047,121,242
0008,0,236,536,480,2.382e+06,2.395e+06,3.4548e+07,3.4417e+07,1,154,111,64,35,24045,125,250
0008,1,116,550,449,1.466e+06,1.42e+06,3.9728e+07,3.9669e+07,1,154,111,64,35,24045,125,250
0009,0,112,281,253,793000,793000,1.3431e+07,1.3582e+07,1,81,60,64,29,35206,84,168
0009,1,69,456,409,473000,478000,2.7028e+07,2.7645e+07,1,81,60,64,29,35206,84,168
0010,0,115,306,283,559000,576000,9.943e+06,1.0341e+07,1,65,46,64,40,12578,72,144
0010,1,45,230,198,223000,198000,8.508e+06,8.224e+06,1,65,46,64,40,12578,72,144
0011,0,363,662,563,5.138e+06,4.963e+06,5.2803e+07,5.0267e+07,1,219,120,64,18,49664,156,312
0011,1,229,1006,812,3.429e+06,3.429e+06,1.05963e+08,1.02541e+08,1,219,120,64,18,49664,156,312
0012,0,239,498,435,2.436e+06,2.396e+06,2.9793e+07,2.905e+07,1,171,107,64,19,24534,124,248
0012,1,143,574,472,1.695e+06,1.739e+06,3.981e+07,4.0186e+07,1,171,107,64,19,24534,124,248
0013,0,269,654,591,3.371e+06,3.351e+06,5.1797e+07,5.1692e+07,1,173,129,64,33,48314,186,372
0013,1,94,423,357,1.495e+06,1.316e+06,4.1545e+07,3.8658e+07,1,173,129,64,33,48314,186,372
0014,0,823,1731,1475,2.8213e+07,2.5303e+07,4.53198e+08,3.80273e+08,1,532,314,64,22,150981,381,762
0014,1,578,2777,2285,2.1723e+07,2.1013e+07,8.73808e+08,7.93859e+08,1,532,314,64,22,150981,381,762
0015,0,1004,2150,1817,4.0437e+07,6.2336e+07,6.00248e+08,7.62039e+08,1,747,428,64,27,186796,560,1120
0015,1,686,2576,2107,3.0987e+07,3.0423e+07,8.80545e+08,8.31368e+08,1,747,428,64,27,186796,560,1120
0016,0,262,619,534,3.153e+06,3.141e+06,4.6962e+07,4.5264e+07,1,171,114,64,30,42165,129,258
0016,1,182,940,813,2.352e+06,2.292e+06,9.2566e+07,8.9983e+07,1,171,114,64,30,42165,129,258
0017,0,554,1490,1385,7.927e+06,7.911e+06,1.49816e+08,1.41435e+08,1,302,245,64,38,55359,209,418
0017,1,256,1415,1245,3.72e+06,3.733e+06,1.56264e+08,1.49097e+08,1,302,245,64,38,55359,209,418
0018,0,108,255,220,747000,719000,1.1048e+07,1.0594e+07,1,72,50,64,33,15887,75,150
0018,1,93,524,462,648000,659000,2.649e+07,2.6876e+07,1,72,50,64,33,15887,75,150
0019,0,1412,2914,2521,6.8817e+07,7.0023e+07,1.23166e+09,1.11246e+09,1,898,520,64,21,302138,656,1312
0019,1,978,4966,4279,5.2959e+07,5.9306e+07,2.48286e+09,2.61049e+09,1,898,520,64,21,302138,656,1312
0020,0,381,870,796,4.774e+06,4.854e+06,7.582e+07,7.339e+07,1,195,140,64,38,36738,142,284
0020,1,222,1154,1013,3.083e+06,3.145e+06,1.23084e+08,1.18641e+08,1,195,140,64,38,36738,142,284
0021,0,116,300,275,707000,822000,1.2324e+07,1.3051e+07,1,60,42,64,38,27789,65,130
0021,1,78,377,348,450000,420000,2.0783e+07,2.0284e+07,1,60,42,64,38,27789,65,130
0022,0,89,222,200,653000,637000,8.359e+06,8.249e+06,1,56,40,64,26,23572,68,136
0022,1,67,375,324,369000,362000,1.7571e+07,1.7255e+07,1,56,40,64,26,23572,68,136
0023,0,137,302,260,1.262e+06,1.224e+06,1.474e+07,1.4201e+07,1,104,66,64,33,26287,83,166
0023,1,102,507,435,795000,795000,3.1378e+07,3.1183e+07,1,104,66,64,33,26287,83,166
0024,0,141,264,218,1.622e+06,1.664e+06,1.5483e+07,1.6108e+07,1,130,68,64,22,33228,119,238
0024,1,103,512,426,1.21e+06,1.236e+06,3.7669e+07,3.8441e+07,1,130,68,64,22,33228,119,238
0025,0,124,320,298,616000,596000,9.559e+06,9.281e+06,1,57,42,64,29,32901,59,118
0025,1,54,307,258,270000,273000,1.1217e+07,1.1391e+07,1,57,42,64,29,32901,59,118
0026,0,195,440,390,2.151e+06,2.135e+06,2.8903e+07,2.873e+07,1,138,88,64,25,63380,120,240
0026,1,121,664,606,1.143e+06,1.27e+06,5.6154e+07,6.0073e+07,1,138,88,64,25,63380,120,240
0027,0,268,468,404,3.36e+06,3.294e+06,2.7045e+07,2.7419e+07,1,182,90,64,18,22412,146,292
0027,1,182,606,487,2.494e+06,2.607e+06,4.1038e+07,4.2053e+07,1,182,90,64,18,22412,146,292
0028,0,444,1079,953,8.36e+06,8.454e+06,1.28668e+08,1.24232e+08,1,302,189,64,34,76626,262,524
0028,1,242,1243,1083,5.075e+06,4.7e+06,1.99022e+08,1.8315e+08,1,302,189,64,34,76626,262,524
0029,0,613,1353,1148,1.3836e+07,1.3701e+07,1.94194e+08,1.76892e+08,1,348,193,64,21,116808,258,516
0029,1,455,2251,1880,1.1423e+07,1.2392e+07,4.42676e+08,4.61754e+08,1,348,193,64,21,116808,258,516
0030,0,674,1417,1268,2.1952e+07,2.078e+07,2.21134e+08,2.02217e+08,1,511,338,64,29,126084,445,890
0030,1,276,1067,915,9.657e+06,9.5e+06,1.7962e+08,1.74086e+08,1,511,338,64,29,126084,445,890
0031,0,232,570,519,3.152e+06,2.704e+06,4.2868e+07,3.74e+07,1,139,107,64,37,32895,123,246
0031,1,146,713,626,2.074e+06,2.035e+06,6.3582e+07,6.1785e+07,1,139,107,64,37,32895,123,246
0032,0,294,405,318,6.26e+06,6.133e+06,3.4119e+07,3.2969e+07,1,188,99,64,14,52632,151,302
0032,1,254,895,714,6.981e+06,6.522e+06,1.16139e+08,1.08854e+08,1,188,99,64,14,52632,151,302
0033,0,350,724,639,1.4851e+07,4.92e+06,1.58741e+08,5.706e+07,1,180,111,64,26,47232,146,292
0033,1,244,1314,1163,4.024e+06,3.249e+06,1.66149e+08,1.37036e+08,1,180,111,64,26,47232,146,292
0034,0,657,1524,1352,2.0149e+07,2.1591e+07,2.66814e+08,4.12232e+08,1,491,320,64,29,139104,412,824
0034,1,326,1573,1357,1.0633e+07,1.0957e+07,3.24392e+08,3.215e+08,1,491,320,64,29,139104,412,824
0035,0,58,115,96,405000,396000,3.374e+06,3.407e+06,1,48,35,64,32,13492,65,130
0035,1,53,234,210,164000,157000,7.965e+06,7.623e+06,1,48,35,64,32,13492,65,130
0036,0,533,1234,1104,9.027e+06,9.371e+06,1.63358e+08,1.56397e+08,1,281,186,64,30,68784,209,418
0036,1,338,1894,1634,8.844e+06,6.178e+06,4.26679e+08,2.79188e+08,1,281,186,64,30,68784,209,418
0037,0,418,901,767,8.889e+06,8.935e+06,9.7402e+07,9.5124e+07,1,291,187,64,24,92106,250,500
0037,1,297,1258,1015,7.669e+06,8.182e+06,1.66467e+08,1.76446e+08,1,291,187,64,24,92106,250,500
0038,0,225,553,485,2.38e+06,2.338e+06,3.3944e+07,3.3332e+07,1,151,97,64,24,34487,129,258
0038,1,106,523,443,1.239e+06,1.252e+06,3.5723e+07,3.5875e+07,1,151,97,64,24,34487,129,258
0039,0,151,261,209,2.129e+06,2.136e+06,1.6588e+07,1.6076e+07,1,114,46,64,11,62424,114,228
0039,1,105,486,404,1.742e+06,1.733e+06,4.573e+07,4.525e+07,1,114,46,64,11,62424,114,228
0040,0,120,310,275,1.325e+06,1.364e+06,2.3296e+07,2.3869e+07,1,107,78,64,28,37869,137,274
0040,1,76,423,371,871000,781000,3.9739e+07,3.784e+07,1,107,78,64,28,37869,137,274
0041,0,239,608,546,1.993e+06,2.018e+06,3.4605e+07,3.2742e+07,1,119,79,64,26,36861,89,178
0041,1,133,698,599,1.096e+06,1.079e+06,4.8762e+07,4.7066e+07,1,119,79,64,26,36861,89,178
0042,0,685,1599,1383,1.8535e+07,1.85e+07,2.96766e+08,2.6412e+08,1,418,257,64,26,183216,328,656
0042,1,491,2668,2305,1.3488e+07,1.3322e+07,6.82485e+08,6.26725e+08,1,418,257,64,26,183216,328,656
0043,0,232,359,256,3.351e+06,3.376e+06,2.3284e+07,2.3054e+07,1,191,74,64,11,34840,168,336
0043,1,188,536,380,3.024e+06,2.985e+06,4.3481e+07,4.2671e+07,1,191,74,64,11,34840,168,336
0044,0,367,918,842,5.023e+06,5.066e+06,8.7118e+07,8.437e+07,1,224,165,64,27,54180,182,364
0044,1,219,1209,1055,3.467e+06,3.518e+06,1.40744e+08,1.39501e+08,1,224,165,64,27,54180,182,364
0045,0,469,1070,985,6.374e+06,6.286e+06,7.8764e+07,7.707e+07,1,285,189,64,35,47820,193,386
0045,1,210,925,759,3.261e+06,3.261e+06,7.8394e+07,7.7973e+07,1,285,189,64,35,47820,193,386
0046,0,327,795,699,3.708e+06,3.822e+06,5.2554e+07,5.3405e+07,1,214,143,64,24,26599,153,306
0046,1,191,841,672,2.871e+06,2.525e+06,7.4922e+07,6.3414e+07,1,214,143,64,24,26599,153,306
0047,0,647,1440,1263,1.6029e+07,1.5882e+07,2.4233e+08,2.2904e+08,1,414,259,64,29,98928,322,644
0047,1,392,1505,1196,1.1464e+07,1.1297e+07,2.90113e+08,2.77196e+08,1,414,259,64,29,98928,322,644
0048,0,602,1502,1376,9.795e+06,9.692e+06,1.70741e+08,1.62036e+08,1,335,241,64,38,58077,229,458
0048,1,280,1442,1244,4.915e+06,4.866e+06,1.89605e+08,1.81851e+08,1,335,241,64,38,58077,229,458
0049,0,490,1225,1120,7.563e+06,7.459e+06,1.37818e+08,1.28026e+08,1,266,197,64,31,59412,192,384
0049,1,295,1682,1476,5.012e+06,4.974e+06,2.29978e+08,2.17862e+08,1,266,197,64,31,59412,192,384
0050,0,226,380,327,2.75e+06,2.604e+06,2.4282e+07,2.3338e+07,1,160,90,64,19,23280,143,286
0050,1,138,438,345,1.91e+06,1.985e+06,3.5018e+07,3.5706e+07,1,160,90,64,19,23280,143,286
0051,0,238,512,468,2.323e+06,2.262e+06,3.1663e+07,3.0341e+07,1,155,107,64,23,32976,118,236
0051,1,142,583,489,1.573e+06,1.542e+06,4.4275e+07,4.3479e+07,1,155,107,64,23,32976,118,236
0052,0,376,899,756,5.81e+06,5.912e+06,8.0536e+07,8.0203e+07,1,247,144,64,22,59496,190,380
0052,1,288,1473,1246,4.624e+06,4.616e+06,1.71564e+08,1.69336e+08,1,247,144,64,22,59496,190,380
0053,0,235,603,537,2.263e+06,2.282e+06,3.5221e+07,3.4661e+07,1,151,113,64,32,33678,130,260
0053,1,127,685,605,1.25e+06,1.209e+06,4.7166e+07,4.5914e+07,1,151,113,64,32,33678,130,260
0054,0,535,1167,980,1.2113e+07,1.2062e+07,1.67276e+08,1.63581e+08,1,386,230,64,21,85360,290,580
0054,1,401,1761,1415,9.9e+06,9.793e+06,3.24916e+08,3.18663e+08,1,386,230,64,21,85360,290,580
0055,0,684,1441,1257,1.6841e+07,1.6438e+07,2.58759e+08,2.28543e+08,1,379,233,64,27,140862,289,578
0055,1,442,2108,1794,1.1187e+07,1.1209e+07,4.83121e+08,4.8723e+08,1,379,233,64,27,140862,289,578
0056,0,403,900,772,6.21e+06,6.166e+06,7.7691e+07,7.5922e+07,1,260,154,64,21,51140,192,384
0056,1,237,1177,971,4.096e+06,3.994e+06,1.27649e+08,1.24717e+08,1,260,154,64,21,51140,192,384
0057,0,522,1164,1063,9.426e+06,9.256e+06,1.23069e+08,1.18882e+08,1,339,232,64,32,78123,247,494
0057,1,318,1526,1349,6.349e+06,6.318e+06,1.87317e+08,1.83709e+08,1,339,232,64,32,78123,247,494
0058,0,441,1013,874,9.469e+06,9.3e+06,1.31759e+08,1.30485e+08,1,348,207,64,30,78858,292,584
0058,1,262,1094,901,6.291e+06,6.256e+06,1.77356e+08,1.76442e+08,1,348,207,64,30,78858,292,584
0059,0,106,238,207,848000,890000,9.202e+06,9.114e+06,1,68,42,64,23,38610,70,140
0059,1,81,517,458,579000,553000,2.6373e+07,2.5494e+07,1,68,42,64,23,38610,70,140
0060,0,198,379,317,2.869e+06,2.835e+06,2.8646e+07,2.8091e+07,1,149,80,64,20,42666,154,308
0060,1,151,729,613,2.139e+06,2.086e+06,7.3317e+07,7.31e+07,1,149,80,64,20,42666,154,308
0061,0,523,1264,1121,9.702e+06,9.606e+06,1.54551e+08,1.5112e+08,1,399,257,64,26,59445,295,590
0061,1,173,731,613,3.696e+06,3.61e+06,1.01189e+08,9.9478e+07,1,399,257,64,26,59445,295,590
0062,0,390,792,676,6.168e+06,6.165e+06,7.7139e+07,7.2725e+07,1,220,136,64,23,60900,172,344
0062,1,289,1446,1236,4.612e+06,4.512e+06,1.82295e+08,1.72917e+08,1,220,136,64,23,60900,172,344
0063,0,393,824,717,7.88e+06,7.821e+06,9.5857e+07,9.454e+07,1,286,152,64,21,73902,263,526
0063,1,292,1434,1190,6.362e+06,6.217e+06,2.17881e+08,2.16061e+08,1,286,152,64,21,73902,263,526
0064,0,297,669,615,4.074e+06,4.09e+06,4.298e+07,4.3164e+07,1,204,155,64,33,51753,193,386
0064,1,157,698,615,2.381e+06,2.346e+06,4.9743e+07,4.969e+07,1,204,155,64,33,51753,193,386
0065,0,179,435,366,1.951e+06,1.93e+06,2.526e+07,2.5038e+07,1,118,77,64,24,36041,125,250
0065,1,133,646,522,1.678e+06,1.703e+06,5.1983e+07,5.2943e+07,1,118,77,64,24,36041,125,250
0066,0,675,1217,1002,2.1021e+07,2.0829e+07,2.06821e+08,2.02489e+08,1,547,288,64,23,98102,420,840
0066,1,388,1491,1248,1.3068e+07,1.3053e+07,3.1194e+08,3.07378e+08,1,547,288,64,23,98102,420,840
0067,0,260,580,506,3.567e+06,3.507e+06,4.4548e+07,4.4392e+07,1,194,118,64,18,45556,198,396
0067,1,142,656,535,2.303e+06,2.25e+06,6.4201e+07,6.4031e+07,1,194,118,64,18,45556,198,396
0068,0,977,2456,2235,2.9333e+07,2.924e+07,5.29396e+08,5.00407e+08,1,597,401,64,25,176184,435,870
0068,1,587,2827,2515,1.8891e+07,1.8149e+07,7.71239e+08,7.20512e+08,1,597,401,64,25,176184,435,870
0069,0,224,536,475,1.931e+06,1.898e+06,2.7645e+07,2.7138e+07,1,156,104,64,31,20550,128,256
0069,1,133,641,567,1.252e+06,1.253e+06,3.7909e+07,3.8593e+07,1,156,104,64,31,20550,128,256
0070,0,698,1461,1222,2.3237e+07,2.3038e+07,3.24406e+08,3.02755e+08,1,526,304,64,26,169362,430,860
0070,1,528,2659,2242,1.9106e+07,1.9206e+07,8.14324e+08,7.85974e+08,1,526,304,64,26,169362,430,860
0071,0,723,1760,1560,1.8748e+07,1.882e+07,3.22184e+08,3.15039e+08,1,527,313,64,31,135120,406,812
0071,1,351,1672,1421,1.0801e+07,1.0757e+07,3.68587e+08,3.63508e+08,1,527,313,64,31,135120,406,812
0072,0,140,332,296,1.158e+06,1.139e+06,1.6148e+07,1.5864e+07,1,105,70,64,29,30780,89,178
0072,1,97,490,437,683000,683000,2.9849e+07,3.0756e+07,1,105,70,64,29,30780,89,178
0073,0,504,1265,1144,7.744e+06,7.607e+06,1.29594e+08,1.2407e+08,1,312,223,64,40,46782,226,452
0073,1,272,1463,1263,4.572e+06,4.488e+06,1.81099e+08,1.78066e+08,1,312,223,64,40,46782,226,452
0074,0,234,519,461,1.734e+06,1.749e+06,2.4981e+07,2.5219e+07,1,133,95,64,38,17116,98,196
0074,1,125,562,456,1.167e+06,1.142e+06,3.1291e+07,3.1133e+07,1,133,95,64,38,17116,98,196
0075,0,621,1418,1248,1.7076e+07,1.6741e+07,2.47687e+08,2.36759e+08,1,433,251,64,28,122798,368,736
0075,1,389,1776,1496,1.2956e+07,1.2224e+07,3.93396e+08,3.73632e+08,1,433,251,64,28,122798,368,736
0076,0,517,1057,924,1.0299e+07,1.0425e+07,1.2504e+08,1.25419e+08,1,360,234,64,26,64055,267,534
0076,1,299,1210,1001,7.044e+06,1.1553e+07,1.7984e+08,3.57774e+08,1,360,234,64,26,64055,267,534
0077,0,185,461,393,1.41e+06,1.443e+06,2.0339e+07,2.0743e+07,1,107,62,64,22,17910,83,166
0077,1,122,562,461,1.13e+06,1.126e+06,2.6273e+07,2.7203e+07,1,107,62,64,22,17910,83,166
0078,0,548,1201,1029,1.2384e+07,1.2008e+07,1.64731e+08,1.53917e+08,1,370,204,64,17,78096,274,548
0078,1,352,1585,1299,9.197e+06,8.866e+06,2.71412e+08,2.58513e+08,1,370,204,64,17,78096,274,548
0079,0,86,189,162,568000,580000,6.824e+06,6.894e+06,1,49,21,64,22,22586,71,142
0079,1,55,271,239,342000,332000,1.4005e+07,1.4213e+07,1,49,21,64,22,22586,71,142
0080,0,434,961,858,6.56e+06,6.465e+06,1.0638e+08,1.00391e+08,1,274,201,64,26,49137,181,362
0080,1,283,1147,935,5.831e+06,5.128e+06,1.61313e+08,1.38255e+08,1,274,201,64,26,49137,181,362
0081,0,833,1973,1758,2.3261e+07,2.3547e+07,4.5239e+08,4.29344e+08,1,518,352,64,28,126918,376,752
0081,1,556,2788,2355,1.6925e+07,1.6667e+07,7.90771e+08,7.48404e+08,1,518,352,64,28,126918,376,752
0082,0,672,1500,1334,1.6476e+07,1.6057e+07,2.41419e+08,2.27843e+08,1,427,268,64,33,91080,322,644
0082,1,413,1815,1515,1.1837e+07,1.1537e+07,3.43409e+08,3.29036e+08,1,427,268,64,33,91080,322,644
0083,0,359,893,779,4.206e+06,4.176e+06,6.7853e+07,6.7165e+07,1,215,147,64,30,29574,169,338
0083,1,225,857,647,2.943e+06,2.94e+06,7.4428e+07,7.4256e+07,1,215,147,64,30,29574,169,338
0084,0,719,1738,1509,1.6311e+07,1.6423e+07,2.62746e+08,2.51781e+08,1,442,280,64,22,84708,322,644
0084,1,499,2459,2089,1.2825e+07,1.2771e+07,4.45477e+08,4.27088e+08,1,442,280,64,22,84708,322,644
0085,0,299,683,618,5.119e+06,4.982e+06,6.0318e+07,5.7297e+07,1,202,142,64,29,65814,198,396
0085,1,165,775,658,3.089e+06,3.269e+06,8.339e+07,8.4747e+07,1,202,142,64,29,65814,198,396
0086,0,135,282,243,901000,934000,1.0945e+07,1.0595e+07,1,95,67,64,28,13932,97,194
0086,1,63,286,237,533000,497000,1.2474e+07,1.2732e+07,1,95,67,64,28,13932,97,194
0087,0,236,571,522,2.498e+06,2.52e+06,3.9991e+07,3.9097e+07,1,133,86,64,35,57770,113,226
0087,1,109,547,470,1.415e+06,1.405e+06,5.0798e+07,5.0122e+07,1,133,86,64,35,57770,113,226
0088,0,304,762,705,3.903e+06,3.79e+06,5.6896e+07,5.6103e+07,1,198,156,64,39,47617,149,298
0088,1,153,728,631,2.257e+06,2.3e+06,6.0856e+07,6.1499e+07,1,198,156,64,39,47617,149,298
0089,0,743,1315,1081,2.7025e+07,2.4867e+07,2.93347e+08,2.49881e+08,1,479,246,64,21,148246,366,732
0089,1,556,2263,1891,2.2748e+07,2.1364e+07,6.46842e+08,5.82551e+08,1,479,246,64,21,148246,366,732
0090,0,181,431,369,2.583e+06,2.277e+06,3.5573e+07,3.3265e+07,1,142,83,64,23,45567,155,310
0090,1,123,652,546,1.998e+06,1.858e+06,6.4717e+07,6.2881e+07,1,142,83,64,23,45567,155,310
0091,0,239,555,514,1.937e+06,1.903e+06,2.5877e+07,2.5234e+07,1,122,76,64,33,23505,103,206
0091,1,124,566,490,1.088e+06,1.113e+06,3.0003e+07,3.0274e+07,1,122,76,64,33,23505,103,206
0092,0,984,1737,1525,3.7876e+07,3.7578e+07,4.13109e+08,3.97625e+08,1,736,405,64,18,194430,566,1132
0092,1,617,1712,1422,2.6224e+07,2.6136e+07,4.88759e+08,4.74159e+08,1,736,405,64,18,194430,566,1132
0093,0,108,281,261,657000,646000,1.0907e+07,1.0898e+07,1,79,60,64,37,13740,82,164
0093,1,69,379,334,346000,337000,1.8059e+07,1.8159e+07,1,79,60,64,37,13740,82,164
0094,0,238,642,611,2.006e+06,2.003e+06,3.847e+07,3.6457e+07,1,123,96,64,50,67908,118,236
0094,1,99,560,523,735000,735000,4.0155e+07,3.8799e+07,1,123,96,64,50,67908,118,236
0095,0,579,1273,1094,1.1361e+07,1.1236e+07,1.56481e+08,1.48971e+08,1,352,226,64,28,62640,253,506
0095,1,379,1550,1319,8.949e+06,8.631e+06,2.31097e+08,2.20775e+08,1,352,226,64,28,62640,253,506
0096,0,195,514,490,1.217e+06,1.231e+06,2.4701e+07,2.3105e+07,1,102,87,64,51,33806,84,168
0096,1,92,536,502,537000,531000,2.9484e+07,2.8184e+07,1,102,87,64,51,33806,84,168
0097,0,777,1482,1212,3.3062e+07,3.2986e+07,3.77739e+08,3.66417e+08,1,645,356,64,22,178753,567,1134
0097,1,534,2159,1730,2.6698e+07,2.5599e+07,8.75068e+08,6.76443e+08,1,645,356,64,22,178753,567,1134
0098,0,238,621,573,2.266e+06,2.215e+06,3.7438e+07,3.6214e+07,1,134,106,64,43,33718,129,258
0098,1,130,815,748,1.236e+06,1.242e+06,6.0003e+07,5.8919e+07,1,134,106,64,43,33718,129,258
0099,0,376,699,588,6.922e+06,6.728e+06,7.8351e+07,7.1906e+07,1,245,142,64,25,86656,191,382
0099,1,255,1025,840,4.664e+06,4.538e+06,1.49701e+08,1.404e+08,1,245,142,64,25,86656,191,382
