attempt,begin,span,candidates,returned,saved,outside,elapsed_ms,completed,sets_tried,deadlines
0,269,16,32,1,0,1,1.571,53,7,1
1,419,32,32,0,0,0,1.54,0,7,1
2,340,64,32,0,0,0,1.546,0,1,1
3,234,16,32,1,0,0,1.548,39,3,1
4,450,32,32,0,0,0,1.541,0,5,1
5,115,64,32,1,0,0,1.539,16,5,1
6,1,16,32,1,0,0,0.934,49,32,0
7,23,32,32,1,0,0,1.536,57,16,1
8,319,64,32,0,0,0,1.54,4,1,1
9,285,16,32,0,0,0,1.532,20,4,1
10,223,32,32,1,0,0,1.529,17,3,1
11,229,64,32,1,0,0,1.547,1,2,1
12,459,16,32,1,0,0,1.535,24,6,1
13,502,32,32,1,0,0,1.532,43,10,1
14,242,64,32,0,0,0,1.538,0,1,1
15,224,16,32,1,0,0,1.536,12,6,1
16,455,32,32,1,0,0,1.537,12,3,1
17,435,64,32,0,0,0,1.541,0,1,1
18,218,16,32,1,0,0,1.536,56,7,1
19,156,32,32,1,0,0,1.55,29,8,1
20,148,64,32,1,0,0,1.541,9,4,1
21,359,16,32,0,0,0,1.536,42,3,1
22,346,32,32,1,0,0,1.531,19,3,1
23,285,64,32,0,0,0,1.536,0,1,1
24,245,16,32,1,0,0,1.534,52,10,1
25,350,32,32,1,0,0,1.533,19,3,1
26,139,64,32,1,0,0,1.536,16,5,1
27,130,16,32,1,0,0,1.536,36,8,1
28,249,32,32,1,0,0,1.54,31,7,1
29,305,64,32,0,0,0,1.535,5,1,1
30,266,16,32,0,0,0,1.537,44,7,1
31,389,32,32,1,0,0,1.538,24,5,1
32,481,64,32,0,0,0,1.537,1,4,1
33,31,16,32,1,0,0,1.537,63,9,1
34,350,32,32,0,0,0,1.534,18,3,1
35,166,64,32,1,0,0,1.538,10,8,1
36,433,16,32,0,0,0,1.537,0,4,1
37,130,32,32,1,0,0,1.53,13,11,1
38,353,64,32,0,0,0,1.537,4,1,1
39,107,16,32,1,0,0,1.534,36,14,1
40,56,32,32,0,0,0,1.531,6,4,1
41,251,64,32,0,0,0,1.533,0,1,1
42,355,16,32,0,0,0,1.537,30,3,1
43,439,32,32,1,0,0,1.534,12,7,1
44,462,64,32,0,0,0,1.531,0,1,1
45,181,16,32,1,0,0,1.536,60,12,1
46,159,32,32,1,0,0,1.539,32,9,1
47,332,64,32,0,0,0,1.538,4,1,1
48,459,16,32,1,0,0,1.534,24,6,1
49,513,32,32,1,0,0,1.536,40,3,1
50,340,64,32,0,0,0,1.535,0,2,1
51,405,16,32,1,0,0,1.528,25,25,1
52,475,32,32,0,0,0,1.536,8,9,1
53,297,64,32,0,0,0,1.536,0,1,1
54,134,16,32,1,0,0,1.534,55,7,1
55,28,32,32,1,0,0,1.53,39,5,1
56,277,64,32,0,0,0,1.536,0,1,1
57,452,16,32,1,0,0,1.539,66,17,1
58,30,32,32,1,0,0,1.53,37,5,1
59,174,64,32,1,0,0,1.538,9,7,1
60,303,16,32,0,0,0,1.538,19,6,1
61,118,32,32,1,0,0,1.537,8,8,1
62,9,64,32,1,0,0,1.538,4,2,1
63,31,16,32,1,0,0,1.536,65,9,1
