case,v113_T,v115_T,difference,S,E,elapsed_ms,lns_attempts
0000.txt,43,43,0,43,0,1550,42516
0001.txt,100,96,-4,96,0,1567,18084
0002.txt,107,107,0,107,0,1592,14831
0003.txt,120,126,6,126,0,1599,13368
0004.txt,237,236,-1,236,0,1609,5576
0005.txt,592,623,31,623,0,1611,2455
0006.txt,115,116,1,116,0,1609,14152
0007.txt,109,109,0,109,0,1616,14069
0008.txt,121,122,1,122,0,1599,13575
0009.txt,83,82,-1,82,0,1609,17457
0010.txt,69,70,1,70,0,1608,24560
0011.txt,151,150,-1,150,0,1608,10070
0012.txt,123,123,0,123,0,1560,13939
0013.txt,176,176,0,176,0,1561,9470
0014.txt,340,332,-8,332,0,1570,3855
0015.txt,513,501,-12,501,0,1565,2510
0016.txt,126,120,-6,120,0,1561,14195
0017.txt,194,190,-4,190,0,1564,7739
0018.txt,74,74,0,74,0,1571,22207
0019.txt,581,567,-14,567,0,1582,1842
0020.txt,139,136,-3,136,0,1591,11413
0021.txt,66,65,-1,65,0,1585,21906
0022.txt,69,69,0,69,0,1586,29344
0023.txt,86,83,-3,83,0,1586,21067
0024.txt,119,117,-2,117,0,1557,14560
0025.txt,57,57,0,57,0,1557,32022
0026.txt,122,125,3,125,0,1569,12550
0027.txt,131,131,0,131,0,1573,14836
0028.txt,251,249,-2,249,0,1572,6848
0029.txt,239,236,-3,236,0,1567,6019
0030.txt,422,422,0,422,0,1561,4028
0031.txt,116,120,4,120,0,1559,13615
0032.txt,136,142,6,142,0,1563,11586
0033.txt,139,134,-5,134,0,1580,13455
0034.txt,402,399,-3,399,0,1580,3727
0035.txt,62,62,0,62,0,1580,39167
0036.txt,202,208,6,208,0,1559,7300
0037.txt,238,244,6,244,0,1557,6597
0038.txt,124,131,7,131,0,1561,12686
0039.txt,118,118,0,118,0,1577,13564
0040.txt,133,136,3,136,0,1582,15437
0041.txt,86,86,0,86,0,1587,19802
0042.txt,297,290,-7,290,0,1582,4957
0043.txt,160,163,3,163,0,1578,11180
0044.txt,178,177,-1,177,0,1562,10245
0045.txt,187,190,3,190,0,1561,9143
0046.txt,146,144,-2,144,0,1566,11063
0047.txt,304,297,-7,297,0,1566,4897
0048.txt,223,227,4,227,0,1552,6201
0049.txt,178,182,4,182,0,1558,9005
0050.txt,141,142,1,142,0,1558,13775
0051.txt,116,116,0,116,0,1559,14537
0052.txt,185,183,-2,183,0,1560,8024
0053.txt,120,126,6,126,0,1576,11882
0054.txt,286,289,3,289,0,1578,5438
0055.txt,275,275,0,275,0,1577,4824
0056.txt,190,185,-5,185,0,1571,7884
0057.txt,233,223,-10,223,0,1561,6734
0058.txt,292,284,-8,284,0,1564,5439
0059.txt,67,67,0,67,0,1564,29380
0060.txt,149,152,3,152,0,1557,11615
0061.txt,261,257,-4,257,0,1558,7521
0062.txt,164,167,3,167,0,1558,8431
0063.txt,250,243,-7,243,0,1560,6261
0064.txt,186,185,-1,185,0,1558,11741
0065.txt,129,128,-1,128,0,1559,15280
0066.txt,382,383,1,383,0,1572,4337
0067.txt,197,197,0,197,0,1576,8579
0068.txt,382,384,2,384,0,1573,3551
0069.txt,128,129,1,129,0,1572,15062
0070.txt,394,385,-9,385,0,1570,3371
0071.txt,384,374,-10,374,0,1570,3899
0072.txt,89,89,0,89,0,1557,16175
0073.txt,223,219,-4,219,0,1558,6250
0074.txt,96,92,-4,92,0,1559,21201
0075.txt,333,329,-4,329,0,1557,4778
0076.txt,252,257,5,257,0,1558,5359
0077.txt,81,84,3,84,0,1559,19469
0078.txt,247,247,0,247,0,1558,6058
0079.txt,67,65,-2,65,0,1560,27550
0080.txt,167,169,2,169,0,1562,8403
0081.txt,339,331,-8,331,0,1563,3704
0082.txt,301,293,-8,293,0,1565,5277
0083.txt,166,169,3,169,0,1564,11244
0084.txt,300,304,4,304,0,1560,4751
0085.txt,208,198,-10,198,0,1559,8328
0086.txt,94,96,2,96,0,1559,21294
0087.txt,111,108,-3,108,0,1558,14688
0088.txt,143,146,3,146,0,1558,11659
0089.txt,342,335,-7,335,0,1558,3838
0090.txt,154,154,0,154,0,1559,13032
0091.txt,98,100,2,100,0,1558,16668
0092.txt,500,509,9,509,0,1561,2653
0093.txt,82,83,1,83,0,1562,19840
0094.txt,118,116,-2,116,0,1562,14183
0095.txt,231,224,-7,224,0,1560,6716
0096.txt,84,83,-1,83,0,1557,17662
0097.txt,534,523,-11,523,0,1557,3078
0098.txt,124,126,2,126,0,1557,12785
0099.txt,176,179,3,179,0,1557,9613
