case,floors,variant,tower_capacity,other_capacity,board_bytes,identity_bytes,dist_bytes,geometry_bytes,lns_bytes
0000.txt,104,original,400,400,1600,7200,320000,363952,10416
0000.txt,104,full,400,400,1600,7200,320000,361736,10416
0000.txt,104,tower,128,400,512,7200,320000,360648,10416
0000.txt,104,other,400,128,1600,2304,32768,47304,3888
0000.txt,104,compact,128,128,512,2304,32768,46216,3888
0001.txt,152,original,400,400,1600,7200,320000,363952,10416
0001.txt,152,full,400,400,1600,7200,320000,361736,10416
0001.txt,152,tower,160,400,640,7200,320000,360776,10416
0001.txt,152,other,400,160,1600,2880,51200,68936,4656
0001.txt,152,compact,160,160,640,2880,51200,67976,4656
0002.txt,150,original,400,400,1600,7200,320000,363952,10416
0002.txt,150,full,400,400,1600,7200,320000,361736,10416
0002.txt,150,tower,160,400,640,7200,320000,360776,10416
0002.txt,150,other,400,160,1600,2880,51200,68936,4656
0002.txt,150,compact,160,160,640,2880,51200,67976,4656
0003.txt,284,original,400,400,1600,7200,320000,363952,10416
0003.txt,284,full,400,400,1600,7200,320000,361736,10416
0003.txt,284,tower,288,400,1152,7200,320000,361288,10416
0003.txt,284,other,400,288,1600,5184,165888,196424,7728
0003.txt,284,compact,288,288,1152,5184,165888,195976,7728
0004.txt,216,original,400,400,1600,7200,320000,363952,10416
0004.txt,216,full,400,400,1600,7200,320000,361736,10416
0004.txt,216,tower,224,400,896,7200,320000,361032,10416
0004.txt,216,other,400,224,1600,4032,100352,124488,6192
0004.txt,216,compact,224,224,896,4032,100352,123784,6192
0005.txt,197,original,400,400,1600,7200,320000,363952,10416
0005.txt,197,full,400,400,1600,7200,320000,361736,10416
0005.txt,197,tower,224,400,896,7200,320000,361032,10416
0005.txt,197,other,400,224,1600,4032,100352,124488,6192
0005.txt,197,compact,224,224,896,4032,100352,123784,6192
0006.txt,104,original,400,400,1600,7200,320000,363952,10416
0006.txt,104,full,400,400,1600,7200,320000,361736,10416
0006.txt,104,tower,128,400,512,7200,320000,360648,10416
0006.txt,104,other,400,128,1600,2304,32768,47304,3888
0006.txt,104,compact,128,128,512,2304,32768,46216,3888
0007.txt,121,original,400,400,1600,7200,320000,363952,10416
0007.txt,121,full,400,400,1600,7200,320000,361736,10416
0007.txt,121,tower,128,400,512,7200,320000,360648,10416
0007.txt,121,other,400,128,1600,2304,32768,47304,3888
0007.txt,121,compact,128,128,512,2304,32768,46216,3888
0008.txt,123,original,400,400,1600,7200,320000,363952,10416
0008.txt,123,full,400,400,1600,7200,320000,361736,10416
0008.txt,123,tower,128,400,512,7200,320000,360648,10416
0008.txt,123,other,400,128,1600,2304,32768,47304,3888
0008.txt,123,compact,128,128,512,2304,32768,46216,3888
0009.txt,185,original,400,400,1600,7200,320000,363952,10416
0009.txt,185,full,400,400,1600,7200,320000,361736,10416
0009.txt,185,tower,192,400,768,7200,320000,360904,10416
0009.txt,185,other,400,192,1600,3456,73728,94664,5424
0009.txt,185,compact,192,192,768,3456,73728,93832,5424
0010.txt,97,original,400,400,1600,7200,320000,363952,10416
0010.txt,97,full,400,400,1600,7200,320000,361736,10416
0010.txt,97,tower,128,400,512,7200,320000,360648,10416
0010.txt,97,other,400,128,1600,2304,32768,47304,3888
0010.txt,97,compact,128,128,512,2304,32768,46216,3888
0011.txt,175,original,400,400,1600,7200,320000,363952,10416
0011.txt,175,full,400,400,1600,7200,320000,361736,10416
0011.txt,175,tower,192,400,768,7200,320000,360904,10416
0011.txt,175,other,400,192,1600,3456,73728,94664,5424
0011.txt,175,compact,192,192,768,3456,73728,93832,5424
0012.txt,134,original,400,400,1600,7200,320000,363952,10416
0012.txt,134,full,400,400,1600,7200,320000,361736,10416
0012.txt,134,tower,160,400,640,7200,320000,360776,10416
0012.txt,134,other,400,160,1600,2880,51200,68936,4656
0012.txt,134,compact,160,160,640,2880,51200,67976,4656
0013.txt,196,original,400,400,1600,7200,320000,363952,10416
0013.txt,196,full,400,400,1600,7200,320000,361736,10416
0013.txt,196,tower,224,400,896,7200,320000,361032,10416
0013.txt,196,other,400,224,1600,4032,100352,124488,6192
0013.txt,196,compact,224,224,896,4032,100352,123784,6192
0014.txt,273,original,400,400,1600,7200,320000,363952,10416
0014.txt,273,full,400,400,1600,7200,320000,361736,10416
0014.txt,273,tower,288,400,1152,7200,320000,361288,10416
0014.txt,273,other,400,288,1600,5184,165888,196424,7728
0014.txt,273,compact,288,288,1152,5184,165888,195976,7728
0015.txt,286,original,400,400,1600,7200,320000,363952,10416
0015.txt,286,full,400,400,1600,7200,320000,361736,10416
0015.txt,286,tower,288,400,1152,7200,320000,361288,10416
0015.txt,286,other,400,288,1600,5184,165888,196424,7728
0015.txt,286,compact,288,288,1152,5184,165888,195976,7728
0016.txt,171,original,400,400,1600,7200,320000,363952,10416
0016.txt,171,full,400,400,1600,7200,320000,361736,10416
0016.txt,171,tower,192,400,768,7200,320000,360904,10416
0016.txt,171,other,400,192,1600,3456,73728,94664,5424
0016.txt,171,compact,192,192,768,3456,73728,93832,5424
0017.txt,171,original,400,400,1600,7200,320000,363952,10416
0017.txt,171,full,400,400,1600,7200,320000,361736,10416
0017.txt,171,tower,192,400,768,7200,320000,360904,10416
0017.txt,171,other,400,192,1600,3456,73728,94664,5424
0017.txt,171,compact,192,192,768,3456,73728,93832,5424
0018.txt,103,original,400,400,1600,7200,320000,363952,10416
0018.txt,103,full,400,400,1600,7200,320000,361736,10416
0018.txt,103,tower,128,400,512,7200,320000,360648,10416
0018.txt,103,other,400,128,1600,2304,32768,47304,3888
0018.txt,103,compact,128,128,512,2304,32768,46216,3888
0019.txt,368,original,400,400,1600,7200,320000,363952,10416
0019.txt,368,full,400,400,1600,7200,320000,361736,10416
0019.txt,368,tower,384,400,1536,7200,320000,361672,10416
0019.txt,368,other,400,384,1600,6912,294912,335048,10032
0019.txt,368,compact,384,384,1536,6912,294912,334984,10032
0020.txt,133,original,400,400,1600,7200,320000,363952,10416
0020.txt,133,full,400,400,1600,7200,320000,361736,10416
0020.txt,133,tower,160,400,640,7200,320000,360776,10416
0020.txt,133,other,400,160,1600,2880,51200,68936,4656
0020.txt,133,compact,160,160,640,2880,51200,67976,4656
0021.txt,159,original,400,400,1600,7200,320000,363952,10416
0021.txt,159,full,400,400,1600,7200,320000,361736,10416
0021.txt,159,tower,160,400,640,7200,320000,360776,10416
0021.txt,159,other,400,160,1600,2880,51200,68936,4656
0021.txt,159,compact,160,160,640,2880,51200,67976,4656
0022.txt,139,original,400,400,1600,7200,320000,363952,10416
0022.txt,139,full,400,400,1600,7200,320000,361736,10416
0022.txt,139,tower,160,400,640,7200,320000,360776,10416
0022.txt,139,other,400,160,1600,2880,51200,68936,4656
0022.txt,139,compact,160,160,640,2880,51200,67976,4656
0023.txt,139,original,400,400,1600,7200,320000,363952,10416
0023.txt,139,full,400,400,1600,7200,320000,361736,10416
0023.txt,139,tower,160,400,640,7200,320000,360776,10416
0023.txt,139,other,400,160,1600,2880,51200,68936,4656
0023.txt,139,compact,160,160,640,2880,51200,67976,4656
0024.txt,180,original,400,400,1600,7200,320000,363952,10416
0024.txt,180,full,400,400,1600,7200,320000,361736,10416
0024.txt,180,tower,192,400,768,7200,320000,360904,10416
0024.txt,180,other,400,192,1600,3456,73728,94664,5424
0024.txt,180,compact,192,192,768,3456,73728,93832,5424
0025.txt,177,original,400,400,1600,7200,320000,363952,10416
0025.txt,177,full,400,400,1600,7200,320000,361736,10416
0025.txt,177,tower,192,400,768,7200,320000,360904,10416
0025.txt,177,other,400,192,1600,3456,73728,94664,5424
0025.txt,177,compact,192,192,768,3456,73728,93832,5424
0026.txt,256,original,400,400,1600,7200,320000,363952,10416
0026.txt,256,full,400,400,1600,7200,320000,361736,10416
0026.txt,256,tower,256,400,1024,7200,320000,361160,10416
0026.txt,256,other,400,256,1600,4608,131072,158408,6960
0026.txt,256,compact,256,256,1024,4608,131072,157832,6960
0027.txt,113,original,400,400,1600,7200,320000,363952,10416
0027.txt,113,full,400,400,1600,7200,320000,361736,10416
0027.txt,113,tower,128,400,512,7200,320000,360648,10416
0027.txt,113,other,400,128,1600,2304,32768,47304,3888
0027.txt,113,compact,128,128,512,2304,32768,46216,3888
0028.txt,234,original,400,400,1600,7200,320000,363952,10416
0028.txt,234,full,400,400,1600,7200,320000,361736,10416
0028.txt,234,tower,256,400,1024,7200,320000,361160,10416
0028.txt,234,other,400,256,1600,4608,131072,158408,6960
0028.txt,234,compact,256,256,1024,4608,131072,157832,6960
0029.txt,273,original,400,400,1600,7200,320000,363952,10416
0029.txt,273,full,400,400,1600,7200,320000,361736,10416
0029.txt,273,tower,288,400,1152,7200,320000,361288,10416
0029.txt,273,other,400,288,1600,5184,165888,196424,7728
0029.txt,273,compact,288,288,1152,5184,165888,195976,7728
0030.txt,248,original,400,400,1600,7200,320000,363952,10416
0030.txt,248,full,400,400,1600,7200,320000,361736,10416
0030.txt,248,tower,256,400,1024,7200,320000,361160,10416
0030.txt,248,other,400,256,1600,4608,131072,158408,6960
0030.txt,248,compact,256,256,1024,4608,131072,157832,6960
0031.txt,153,original,400,400,1600,7200,320000,363952,10416
0031.txt,153,full,400,400,1600,7200,320000,361736,10416
0031.txt,153,tower,160,400,640,7200,320000,360776,10416
0031.txt,153,other,400,160,1600,2880,51200,68936,4656
0031.txt,153,compact,160,160,640,2880,51200,67976,4656
0032.txt,210,original,400,400,1600,7200,320000,363952,10416
0032.txt,210,full,400,400,1600,7200,320000,361736,10416
0032.txt,210,tower,224,400,896,7200,320000,361032,10416
0032.txt,210,other,400,224,1600,4032,100352,124488,6192
0032.txt,210,compact,224,224,896,4032,100352,123784,6192
0033.txt,144,original,400,400,1600,7200,320000,363952,10416
0033.txt,144,full,400,400,1600,7200,320000,361736,10416
0033.txt,144,tower,160,400,640,7200,320000,360776,10416
0033.txt,144,other,400,160,1600,2880,51200,68936,4656
0033.txt,144,compact,160,160,640,2880,51200,67976,4656
0034.txt,285,original,400,400,1600,7200,320000,363952,10416
0034.txt,285,full,400,400,1600,7200,320000,361736,10416
0034.txt,285,tower,288,400,1152,7200,320000,361288,10416
0034.txt,285,other,400,288,1600,5184,165888,196424,7728
0034.txt,285,compact,288,288,1152,5184,165888,195976,7728
0035.txt,106,original,400,400,1600,7200,320000,363952,10416
0035.txt,106,full,400,400,1600,7200,320000,361736,10416
0035.txt,106,tower,128,400,512,7200,320000,360648,10416
0035.txt,106,other,400,128,1600,2304,32768,47304,3888
0035.txt,106,compact,128,128,512,2304,32768,46216,3888
0036.txt,186,original,400,400,1600,7200,320000,363952,10416
0036.txt,186,full,400,400,1600,7200,320000,361736,10416
0036.txt,186,tower,192,400,768,7200,320000,360904,10416
0036.txt,186,other,400,192,1600,3456,73728,94664,5424
0036.txt,186,compact,192,192,768,3456,73728,93832,5424
0037.txt,276,original,400,400,1600,7200,320000,363952,10416
0037.txt,276,full,400,400,1600,7200,320000,361736,10416
0037.txt,276,tower,288,400,1152,7200,320000,361288,10416
0037.txt,276,other,400,288,1600,5184,165888,196424,7728
0037.txt,276,compact,288,288,1152,5184,165888,195976,7728
0038.txt,169,original,400,400,1600,7200,320000,363952,10416
0038.txt,169,full,400,400,1600,7200,320000,361736,10416
0038.txt,169,tower,192,400,768,7200,320000,360904,10416
0038.txt,169,other,400,192,1600,3456,73728,94664,5424
0038.txt,169,compact,192,192,768,3456,73728,93832,5424
0039.txt,252,original,400,400,1600,7200,320000,363952,10416
0039.txt,252,full,400,400,1600,7200,320000,361736,10416
0039.txt,252,tower,256,400,1024,7200,320000,361160,10416
0039.txt,252,other,400,256,1600,4608,131072,158408,6960
0039.txt,252,compact,256,256,1024,4608,131072,157832,6960
0040.txt,195,original,400,400,1600,7200,320000,363952,10416
0040.txt,195,full,400,400,1600,7200,320000,361736,10416
0040.txt,195,tower,224,400,896,7200,320000,361032,10416
0040.txt,195,other,400,224,1600,4032,100352,124488,6192
0040.txt,195,compact,224,224,896,4032,100352,123784,6192
0041.txt,141,original,400,400,1600,7200,320000,363952,10416
0041.txt,141,full,400,400,1600,7200,320000,361736,10416
0041.txt,141,tower,160,400,640,7200,320000,360776,10416
0041.txt,141,other,400,160,1600,2880,51200,68936,4656
0041.txt,141,compact,160,160,640,2880,51200,67976,4656
0042.txt,350,original,400,400,1600,7200,320000,363952,10416
0042.txt,350,full,400,400,1600,7200,320000,361736,10416
0042.txt,350,tower,352,400,1408,7200,320000,361544,10416
0042.txt,350,other,400,352,1600,6336,247808,284744,9264
0042.txt,350,compact,352,352,1408,6336,247808,284552,9264
0043.txt,152,original,400,400,1600,7200,320000,363952,10416
0043.txt,152,full,400,400,1600,7200,320000,361736,10416
0043.txt,152,tower,160,400,640,7200,320000,360776,10416
0043.txt,152,other,400,160,1600,2880,51200,68936,4656
0043.txt,152,compact,160,160,640,2880,51200,67976,4656
0044.txt,189,original,400,400,1600,7200,320000,363952,10416
0044.txt,189,full,400,400,1600,7200,320000,361736,10416
0044.txt,189,tower,192,400,768,7200,320000,360904,10416
0044.txt,189,other,400,192,1600,3456,73728,94664,5424
0044.txt,189,compact,192,192,768,3456,73728,93832,5424
0045.txt,182,original,400,400,1600,7200,320000,363952,10416
0045.txt,182,full,400,400,1600,7200,320000,361736,10416
0045.txt,182,tower,192,400,768,7200,320000,360904,10416
0045.txt,182,other,400,192,1600,3456,73728,94664,5424
0045.txt,182,compact,192,192,768,3456,73728,93832,5424
0046.txt,119,original,400,400,1600,7200,320000,363952,10416
0046.txt,119,full,400,400,1600,7200,320000,361736,10416
0046.txt,119,tower,128,400,512,7200,320000,360648,10416
0046.txt,119,other,400,128,1600,2304,32768,47304,3888
0046.txt,119,compact,128,128,512,2304,32768,46216,3888
0047.txt,234,original,400,400,1600,7200,320000,363952,10416
0047.txt,234,full,400,400,1600,7200,320000,361736,10416
0047.txt,234,tower,256,400,1024,7200,320000,361160,10416
0047.txt,234,other,400,256,1600,4608,131072,158408,6960
0047.txt,234,compact,256,256,1024,4608,131072,157832,6960
0048.txt,171,original,400,400,1600,7200,320000,363952,10416
0048.txt,171,full,400,400,1600,7200,320000,361736,10416
0048.txt,171,tower,192,400,768,7200,320000,360904,10416
0048.txt,171,other,400,192,1600,3456,73728,94664,5424
0048.txt,171,compact,192,192,768,3456,73728,93832,5424
0049.txt,177,original,400,400,1600,7200,320000,363952,10416
0049.txt,177,full,400,400,1600,7200,320000,361736,10416
0049.txt,177,tower,192,400,768,7200,320000,360904,10416
0049.txt,177,other,400,192,1600,3456,73728,94664,5424
0049.txt,177,compact,192,192,768,3456,73728,93832,5424
0050.txt,114,original,400,400,1600,7200,320000,363952,10416
0050.txt,114,full,400,400,1600,7200,320000,361736,10416
0050.txt,114,tower,128,400,512,7200,320000,360648,10416
0050.txt,114,other,400,128,1600,2304,32768,47304,3888
0050.txt,114,compact,128,128,512,2304,32768,46216,3888
0051.txt,156,original,400,400,1600,7200,320000,363952,10416
0051.txt,156,full,400,400,1600,7200,320000,361736,10416
0051.txt,156,tower,160,400,640,7200,320000,360776,10416
0051.txt,156,other,400,160,1600,2880,51200,68936,4656
0051.txt,156,compact,160,160,640,2880,51200,67976,4656
0052.txt,224,original,400,400,1600,7200,320000,363952,10416
0052.txt,224,full,400,400,1600,7200,320000,361736,10416
0052.txt,224,tower,224,400,896,7200,320000,361032,10416
0052.txt,224,other,400,224,1600,4032,100352,124488,6192
0052.txt,224,compact,224,224,896,4032,100352,123784,6192
0053.txt,162,original,400,400,1600,7200,320000,363952,10416
0053.txt,162,full,400,400,1600,7200,320000,361736,10416
0053.txt,162,tower,192,400,768,7200,320000,360904,10416
0053.txt,162,other,400,192,1600,3456,73728,94664,5424
0053.txt,162,compact,192,192,768,3456,73728,93832,5424
0054.txt,235,original,400,400,1600,7200,320000,363952,10416
0054.txt,235,full,400,400,1600,7200,320000,361736,10416
0054.txt,235,tower,256,400,1024,7200,320000,361160,10416
0054.txt,235,other,400,256,1600,4608,131072,158408,6960
0054.txt,235,compact,256,256,1024,4608,131072,157832,6960
0055.txt,286,original,400,400,1600,7200,320000,363952,10416
0055.txt,286,full,400,400,1600,7200,320000,361736,10416
0055.txt,286,tower,288,400,1152,7200,320000,361288,10416
0055.txt,286,other,400,288,1600,5184,165888,196424,7728
0055.txt,286,compact,288,288,1152,5184,165888,195976,7728
0056.txt,193,original,400,400,1600,7200,320000,363952,10416
0056.txt,193,full,400,400,1600,7200,320000,361736,10416
0056.txt,193,tower,224,400,896,7200,320000,361032,10416
0056.txt,193,other,400,224,1600,4032,100352,124488,6192
0056.txt,193,compact,224,224,896,4032,100352,123784,6192
0057.txt,239,original,400,400,1600,7200,320000,363952,10416
0057.txt,239,full,400,400,1600,7200,320000,361736,10416
0057.txt,239,tower,256,400,1024,7200,320000,361160,10416
0057.txt,239,other,400,256,1600,4608,131072,158408,6960
0057.txt,239,compact,256,256,1024,4608,131072,157832,6960
0058.txt,225,original,400,400,1600,7200,320000,363952,10416
0058.txt,225,full,400,400,1600,7200,320000,361736,10416
0058.txt,225,tower,256,400,1024,7200,320000,361160,10416
0058.txt,225,other,400,256,1600,4608,131072,158408,6960
0058.txt,225,compact,256,256,1024,4608,131072,157832,6960
0059.txt,179,original,400,400,1600,7200,320000,363952,10416
0059.txt,179,full,400,400,1600,7200,320000,361736,10416
0059.txt,179,tower,192,400,768,7200,320000,360904,10416
0059.txt,179,other,400,192,1600,3456,73728,94664,5424
0059.txt,179,compact,192,192,768,3456,73728,93832,5424
0060.txt,197,original,400,400,1600,7200,320000,363952,10416
0060.txt,197,full,400,400,1600,7200,320000,361736,10416
0060.txt,197,tower,224,400,896,7200,320000,361032,10416
0060.txt,197,other,400,224,1600,4032,100352,124488,6192
0060.txt,197,compact,224,224,896,4032,100352,123784,6192
0061.txt,171,original,400,400,1600,7200,320000,363952,10416
0061.txt,171,full,400,400,1600,7200,320000,361736,10416
0061.txt,171,tower,192,400,768,7200,320000,360904,10416
0061.txt,171,other,400,192,1600,3456,73728,94664,5424
0061.txt,171,compact,192,192,768,3456,73728,93832,5424
0062.txt,197,original,400,400,1600,7200,320000,363952,10416
0062.txt,197,full,400,400,1600,7200,320000,361736,10416
0062.txt,197,tower,224,400,896,7200,320000,361032,10416
0062.txt,197,other,400,224,1600,4032,100352,124488,6192
0062.txt,197,compact,224,224,896,4032,100352,123784,6192
0063.txt,228,original,400,400,1600,7200,320000,363952,10416
0063.txt,228,full,400,400,1600,7200,320000,361736,10416
0063.txt,228,tower,256,400,1024,7200,320000,361160,10416
0063.txt,228,other,400,256,1600,4608,131072,158408,6960
0063.txt,228,compact,256,256,1024,4608,131072,157832,6960
0064.txt,203,original,400,400,1600,7200,320000,363952,10416
0064.txt,203,full,400,400,1600,7200,320000,361736,10416
0064.txt,203,tower,224,400,896,7200,320000,361032,10416
0064.txt,203,other,400,224,1600,4032,100352,124488,6192
0064.txt,203,compact,224,224,896,4032,100352,123784,6192
0065.txt,185,original,400,400,1600,7200,320000,363952,10416
0065.txt,185,full,400,400,1600,7200,320000,361736,10416
0065.txt,185,tower,192,400,768,7200,320000,360904,10416
0065.txt,185,other,400,192,1600,3456,73728,94664,5424
0065.txt,185,compact,192,192,768,3456,73728,93832,5424
0066.txt,205,original,400,400,1600,7200,320000,363952,10416
0066.txt,205,full,400,400,1600,7200,320000,361736,10416
0066.txt,205,tower,224,400,896,7200,320000,361032,10416
0066.txt,205,other,400,224,1600,4032,100352,124488,6192
0066.txt,205,compact,224,224,896,4032,100352,123784,6192
0067.txt,179,original,400,400,1600,7200,320000,363952,10416
0067.txt,179,full,400,400,1600,7200,320000,361736,10416
0067.txt,179,tower,192,400,768,7200,320000,360904,10416
0067.txt,179,other,400,192,1600,3456,73728,94664,5424
0067.txt,179,compact,192,192,768,3456,73728,93832,5424
0068.txt,324,original,400,400,1600,7200,320000,363952,10416
0068.txt,324,full,400,400,1600,7200,320000,361736,10416
0068.txt,324,tower,352,400,1408,7200,320000,361544,10416
0068.txt,324,other,400,352,1600,6336,247808,284744,9264
0068.txt,324,compact,352,352,1408,6336,247808,284552,9264
0069.txt,111,original,400,400,1600,7200,320000,363952,10416
0069.txt,111,full,400,400,1600,7200,320000,361736,10416
0069.txt,111,tower,128,400,512,7200,320000,360648,10416
0069.txt,111,other,400,128,1600,2304,32768,47304,3888
0069.txt,111,compact,128,128,512,2304,32768,46216,3888
0070.txt,311,original,400,400,1600,7200,320000,363952,10416
0070.txt,311,full,400,400,1600,7200,320000,361736,10416
0070.txt,311,tower,320,400,1280,7200,320000,361416,10416
0070.txt,311,other,400,320,1600,5760,204800,238536,8496
0070.txt,311,compact,320,320,1280,5760,204800,238216,8496
0071.txt,283,original,400,400,1600,7200,320000,363952,10416
0071.txt,283,full,400,400,1600,7200,320000,361736,10416
0071.txt,283,tower,288,400,1152,7200,320000,361288,10416
0071.txt,283,other,400,288,1600,5184,165888,196424,7728
0071.txt,283,compact,288,288,1152,5184,165888,195976,7728
0072.txt,180,original,400,400,1600,7200,320000,363952,10416
0072.txt,180,full,400,400,1600,7200,320000,361736,10416
0072.txt,180,tower,192,400,768,7200,320000,360904,10416
0072.txt,180,other,400,192,1600,3456,73728,94664,5424
0072.txt,180,compact,192,192,768,3456,73728,93832,5424
0073.txt,159,original,400,400,1600,7200,320000,363952,10416
0073.txt,159,full,400,400,1600,7200,320000,361736,10416
0073.txt,159,tower,160,400,640,7200,320000,360776,10416
0073.txt,159,other,400,160,1600,2880,51200,68936,4656
0073.txt,159,compact,160,160,640,2880,51200,67976,4656
0074.txt,106,original,400,400,1600,7200,320000,363952,10416
0074.txt,106,full,400,400,1600,7200,320000,361736,10416
0074.txt,106,tower,128,400,512,7200,320000,360648,10416
0074.txt,106,other,400,128,1600,2304,32768,47304,3888
0074.txt,106,compact,128,128,512,2304,32768,46216,3888
0075.txt,272,original,400,400,1600,7200,320000,363952,10416
0075.txt,272,full,400,400,1600,7200,320000,361736,10416
0075.txt,272,tower,288,400,1152,7200,320000,361288,10416
0075.txt,272,other,400,288,1600,5184,165888,196424,7728
0075.txt,272,compact,288,288,1152,5184,165888,195976,7728
0076.txt,187,original,400,400,1600,7200,320000,363952,10416
0076.txt,187,full,400,400,1600,7200,320000,361736,10416
0076.txt,187,tower,192,400,768,7200,320000,360904,10416
0076.txt,187,other,400,192,1600,3456,73728,94664,5424
0076.txt,187,compact,192,192,768,3456,73728,93832,5424
0077.txt,108,original,400,400,1600,7200,320000,363952,10416
0077.txt,108,full,400,400,1600,7200,320000,361736,10416
0077.txt,108,tower,128,400,512,7200,320000,360648,10416
0077.txt,108,other,400,128,1600,2304,32768,47304,3888
0077.txt,108,compact,128,128,512,2304,32768,46216,3888
0078.txt,218,original,400,400,1600,7200,320000,363952,10416
0078.txt,218,full,400,400,1600,7200,320000,361736,10416
0078.txt,218,tower,224,400,896,7200,320000,361032,10416
0078.txt,218,other,400,224,1600,4032,100352,124488,6192
0078.txt,218,compact,224,224,896,4032,100352,123784,6192
0079.txt,140,original,400,400,1600,7200,320000,363952,10416
0079.txt,140,full,400,400,1600,7200,320000,361736,10416
0079.txt,140,tower,160,400,640,7200,320000,360776,10416
0079.txt,140,other,400,160,1600,2880,51200,68936,4656
0079.txt,140,compact,160,160,640,2880,51200,67976,4656
0080.txt,167,original,400,400,1600,7200,320000,363952,10416
0080.txt,167,full,400,400,1600,7200,320000,361736,10416
0080.txt,167,tower,192,400,768,7200,320000,360904,10416
0080.txt,167,other,400,192,1600,3456,73728,94664,5424
0080.txt,167,compact,192,192,768,3456,73728,93832,5424
0081.txt,251,original,400,400,1600,7200,320000,363952,10416
0081.txt,251,full,400,400,1600,7200,320000,361736,10416
0081.txt,251,tower,256,400,1024,7200,320000,361160,10416
0081.txt,251,other,400,256,1600,4608,131072,158408,6960
0081.txt,251,compact,256,256,1024,4608,131072,157832,6960
0082.txt,223,original,400,400,1600,7200,320000,363952,10416
0082.txt,223,full,400,400,1600,7200,320000,361736,10416
0082.txt,223,tower,224,400,896,7200,320000,361032,10416
0082.txt,223,other,400,224,1600,4032,100352,124488,6192
0082.txt,223,compact,224,224,896,4032,100352,123784,6192
0083.txt,130,original,400,400,1600,7200,320000,363952,10416
0083.txt,130,full,400,400,1600,7200,320000,361736,10416
0083.txt,130,tower,160,400,640,7200,320000,360776,10416
0083.txt,130,other,400,160,1600,2880,51200,68936,4656
0083.txt,130,compact,160,160,640,2880,51200,67976,4656
0084.txt,202,original,400,400,1600,7200,320000,363952,10416
0084.txt,202,full,400,400,1600,7200,320000,361736,10416
0084.txt,202,tower,224,400,896,7200,320000,361032,10416
0084.txt,202,other,400,224,1600,4032,100352,124488,6192
0084.txt,202,compact,224,224,896,4032,100352,123784,6192
0085.txt,246,original,400,400,1600,7200,320000,363952,10416
0085.txt,246,full,400,400,1600,7200,320000,361736,10416
0085.txt,246,tower,256,400,1024,7200,320000,361160,10416
0085.txt,246,other,400,256,1600,4608,131072,158408,6960
0085.txt,246,compact,256,256,1024,4608,131072,157832,6960
0086.txt,96,original,400,400,1600,7200,320000,363952,10416
0086.txt,96,full,400,400,1600,7200,320000,361736,10416
0086.txt,96,tower,96,400,384,7200,320000,360520,10416
0086.txt,96,other,400,96,1600,1728,18432,29768,3120
0086.txt,96,compact,96,96,384,1728,18432,28552,3120
0087.txt,212,original,400,400,1600,7200,320000,363952,10416
0087.txt,212,full,400,400,1600,7200,320000,361736,10416
0087.txt,212,tower,224,400,896,7200,320000,361032,10416
0087.txt,212,other,400,224,1600,4032,100352,124488,6192
0087.txt,212,compact,224,224,896,4032,100352,123784,6192
0088.txt,199,original,400,400,1600,7200,320000,363952,10416
0088.txt,199,full,400,400,1600,7200,320000,361736,10416
0088.txt,199,tower,224,400,896,7200,320000,361032,10416
0088.txt,199,other,400,224,1600,4032,100352,124488,6192
0088.txt,199,compact,224,224,896,4032,100352,123784,6192
0089.txt,290,original,400,400,1600,7200,320000,363952,10416
0089.txt,290,full,400,400,1600,7200,320000,361736,10416
0089.txt,290,tower,320,400,1280,7200,320000,361416,10416
0089.txt,290,other,400,320,1600,5760,204800,238536,8496
0089.txt,290,compact,320,320,1280,5760,204800,238216,8496
0090.txt,207,original,400,400,1600,7200,320000,363952,10416
0090.txt,207,full,400,400,1600,7200,320000,361736,10416
0090.txt,207,tower,224,400,896,7200,320000,361032,10416
0090.txt,207,other,400,224,1600,4032,100352,124488,6192
0090.txt,207,compact,224,224,896,4032,100352,123784,6192
0091.txt,127,original,400,400,1600,7200,320000,363952,10416
0091.txt,127,full,400,400,1600,7200,320000,361736,10416
0091.txt,127,tower,128,400,512,7200,320000,360648,10416
0091.txt,127,other,400,128,1600,2304,32768,47304,3888
0091.txt,127,compact,128,128,512,2304,32768,46216,3888
0092.txt,300,original,400,400,1600,7200,320000,363952,10416
0092.txt,300,full,400,400,1600,7200,320000,361736,10416
0092.txt,300,tower,320,400,1280,7200,320000,361416,10416
0092.txt,300,other,400,320,1600,5760,204800,238536,8496
0092.txt,300,compact,320,320,1280,5760,204800,238216,8496
0093.txt,101,original,400,400,1600,7200,320000,363952,10416
0093.txt,101,full,400,400,1600,7200,320000,361736,10416
0093.txt,101,tower,128,400,512,7200,320000,360648,10416
0093.txt,101,other,400,128,1600,2304,32768,47304,3888
0093.txt,101,compact,128,128,512,2304,32768,46216,3888
0094.txt,259,original,400,400,1600,7200,320000,363952,10416
0094.txt,259,full,400,400,1600,7200,320000,361736,10416
0094.txt,259,tower,288,400,1152,7200,320000,361288,10416
0094.txt,259,other,400,288,1600,5184,165888,196424,7728
0094.txt,259,compact,288,288,1152,5184,165888,195976,7728
0095.txt,180,original,400,400,1600,7200,320000,363952,10416
0095.txt,180,full,400,400,1600,7200,320000,361736,10416
0095.txt,180,tower,192,400,768,7200,320000,360904,10416
0095.txt,180,other,400,192,1600,3456,73728,94664,5424
0095.txt,180,compact,192,192,768,3456,73728,93832,5424
0096.txt,139,original,400,400,1600,7200,320000,363952,10416
0096.txt,139,full,400,400,1600,7200,320000,361736,10416
0096.txt,139,tower,160,400,640,7200,320000,360776,10416
0096.txt,139,other,400,160,1600,2880,51200,68936,4656
0096.txt,139,compact,160,160,640,2880,51200,67976,4656
0097.txt,281,original,400,400,1600,7200,320000,363952,10416
0097.txt,281,full,400,400,1600,7200,320000,361736,10416
0097.txt,281,tower,288,400,1152,7200,320000,361288,10416
0097.txt,281,other,400,288,1600,5184,165888,196424,7728
0097.txt,281,compact,288,288,1152,5184,165888,195976,7728
0098.txt,152,original,400,400,1600,7200,320000,363952,10416
0098.txt,152,full,400,400,1600,7200,320000,361736,10416
0098.txt,152,tower,160,400,640,7200,320000,360776,10416
0098.txt,152,other,400,160,1600,2880,51200,68936,4656
0098.txt,152,compact,160,160,640,2880,51200,67976,4656
0099.txt,244,original,400,400,1600,7200,320000,363952,10416
0099.txt,244,full,400,400,1600,7200,320000,361736,10416
0099.txt,244,tower,256,400,1024,7200,320000,361160,10416
0099.txt,244,other,400,256,1600,4608,131072,158408,6960
0099.txt,244,compact,256,256,1024,4608,131072,157832,6960
