case,v026_T,v028_T,v031_T,delta_vs_v026,pre_lns_delta,attempts,paired_attempts,related_selected,related_completed,related_accepted,related_best_saved,mark_ms,elapsed_ms
0000.txt,43,43,43,0,0,31279,2128,203,157,30,0,0.168,1540
0001.txt,106,102,108,2,0,10690,677,121,49,7,0,0.163,1540
0002.txt,111,111,109,-2,0,8202,562,36,26,4,0,0.1,1532
0003.txt,132,126,132,0,0,6432,410,71,26,10,0,0.105,1533
0004.txt,255,266,264,9,0,2687,170,39,5,1,0,0.079,1533
0005.txt,572,594,603,31,0,1524,102,8,2,1,0,0.083,1533
0006.txt,114,113,114,0,0,10553,679,112,20,3,0,0.208,1534
0007.txt,119,121,116,-3,0,9048,607,57,18,5,0,0.115,1533
0008.txt,124,131,128,4,0,9292,595,110,36,8,0,0.147,1534
0009.txt,83,83,84,1,0,10646,682,117,28,3,0,0.092,1534
0010.txt,71,71,72,1,0,15666,1071,75,38,5,0,0.164,1534
0011.txt,162,152,161,-1,0,4595,295,44,17,5,1,0.078,1535
0012.txt,126,125,125,-1,0,7615,497,49,5,3,0,0.152,1534
0013.txt,183,182,178,-5,0,4990,329,42,27,5,0,0.077,1534
0014.txt,383,394,376,-7,0,1728,112,26,6,5,1,0.076,1534
0015.txt,550,568,554,4,0,943,61,10,1,1,1,0.061,1535
0016.txt,127,129,130,3,0,7544,478,103,18,10,0,0.133,1535
0017.txt,211,207,208,-3,0,3707,246,28,7,1,0,0.085,1534
0018.txt,74,72,71,-3,0,12769,813,159,57,14,0,0.144,1533
0019.txt,678,661,659,-19,0,763,50,13,7,6,3,0.059,1534
0020.txt,150,146,153,3,0,5339,341,74,20,3,0,0.126,1534
0021.txt,65,66,67,2,0,13474,867,155,97,16,0,0.164,1533
0022.txt,68,68,67,-1,0,16578,1054,279,137,50,0,0.14,1533
0023.txt,84,81,81,-3,0,13410,828,251,48,13,1,0.18,1533
0024.txt,118,120,121,3,0,8928,587,119,36,5,0,0.104,1532
0025.txt,58,59,57,-1,0,19670,1260,135,56,15,0,0.17,1533
0026.txt,121,120,126,5,0,7150,457,68,10,2,0,0.099,1533
0027.txt,152,148,149,-3,0,8879,578,68,29,8,0,0.118,1533
0028.txt,263,264,258,-5,0,3765,246,30,5,3,2,0.098,1534
0029.txt,261,267,259,-2,0,3127,197,41,8,2,0,0.098,1535
0030.txt,458,448,456,-2,0,3259,221,18,2,1,1,0.117,1534
0031.txt,121,123,122,1,0,8759,564,78,20,2,0,0.162,1534
0032.txt,142,147,152,10,0,4933,307,82,14,7,0,0.109,1535
0033.txt,141,144,140,-1,0,6035,387,104,23,6,0,0.115,1534
0034.txt,446,418,424,-22,0,2133,140,13,2,1,0,0.064,1535
0035.txt,63,62,63,0,0,23259,1459,337,70,3,0,0.184,1534
0036.txt,207,203,208,1,0,3399,219,43,9,5,1,0.102,1536
0037.txt,245,249,254,9,0,4541,288,66,7,5,0,0.124,1534
0038.txt,131,135,128,-3,0,7615,502,47,9,4,0,0.12,1533
0039.txt,117,115,117,0,0,9980,622,219,61,5,0,0.176,1533
0040.txt,137,142,136,-1,0,6699,424,82,19,2,0,0.091,1534
0041.txt,92,89,88,-4,0,9050,585,142,54,13,0,0.139,1534
0042.txt,324,331,335,11,0,2532,164,42,7,3,1,0.083,1534
0043.txt,169,170,172,3,0,7646,489,66,11,1,0,0.125,1532
0044.txt,182,189,187,5,0,4268,270,76,18,12,0,0.088,1534
0045.txt,204,194,204,0,0,7007,462,26,10,3,0,0.16,1534
0046.txt,149,153,158,9,0,6752,446,28,7,3,1,0.14,1534
0047.txt,337,329,346,9,0,2016,131,29,6,5,1,0.064,1535
0048.txt,229,229,224,-5,0,3007,200,26,6,1,0,0.081,1534
0049.txt,190,191,195,5,0,3786,244,38,14,4,1,0.081,1533
0050.txt,140,136,138,-2,0,10640,679,131,15,2,0,0.177,1534
0051.txt,119,118,123,4,0,8719,561,77,34,6,0,0.118,1534
0052.txt,197,193,192,-5,0,4080,263,53,7,2,0,0.09,1535
0053.txt,131,130,131,0,0,8523,564,71,23,8,0,0.139,1533
0054.txt,307,297,321,14,0,1920,123,15,6,2,0,0.058,1535
0055.txt,297,289,283,-14,0,2025,130,21,5,2,0,0.077,1534
0056.txt,198,192,193,-5,2,4563,288,56,13,4,0,0.099,1534
0057.txt,257,248,246,-11,0,3491,224,27,8,5,1,0.089,1533
0058.txt,313,301,324,11,0,1858,119,14,0,0,0,0.061,1549
0059.txt,68,69,69,1,0,12126,783,219,102,13,0,0.146,1546
0060.txt,156,161,159,3,0,5991,373,81,22,4,0,0.137,1535
0061.txt,292,297,293,1,0,3628,244,30,8,4,0,0.147,1535
0062.txt,168,180,174,6,0,4131,260,46,16,6,0,0.15,1536
0063.txt,257,263,248,-9,0,2312,149,25,8,4,0,0.089,1536
0064.txt,195,192,200,5,0,5469,357,51,16,4,0,0.127,1535
0065.txt,122,125,125,3,0,7042,448,101,31,4,0,0.14,1535
0066.txt,415,423,413,-2,0,2578,169,19,4,2,0,0.094,1534
0067.txt,198,198,196,-2,0,5060,335,33,13,5,1,0.086,1534
0068.txt,420,413,415,-5,0,1521,101,21,8,3,2,0.06,1535
0069.txt,133,127,134,1,0,9103,591,77,33,8,0,0.128,1534
0070.txt,424,428,420,-4,0,1600,102,25,3,1,0,0.06,1535
0071.txt,408,419,421,13,0,1489,97,16,4,0,0,0.06,1534
0072.txt,88,90,93,5,0,9146,567,103,32,8,0,0.109,1533
0073.txt,236,232,229,-7,0,3626,237,27,6,1,0,0.09,1534
0074.txt,96,96,100,4,0,11716,749,86,28,2,0,0.187,1533
0075.txt,370,371,367,-3,0,2054,131,31,3,3,0,0.076,1533
0076.txt,271,261,266,-5,-5,3253,208,46,13,5,1,0.098,1534
0077.txt,84,86,87,3,0,11345,721,158,48,8,0,0.194,1533
0078.txt,263,271,264,1,0,3284,211,25,3,1,0,0.085,1534
0079.txt,67,68,69,2,0,14146,915,209,50,14,0,0.136,1534
0080.txt,181,186,178,-3,0,3809,245,22,8,3,0,0.098,1534
0081.txt,374,385,379,5,0,1436,94,19,6,3,1,0.064,1536
0082.txt,320,328,331,11,0,2111,138,21,4,2,0,0.076,1534
0083.txt,172,168,175,3,0,5125,330,40,7,0,0,0.127,1534
0084.txt,321,312,332,11,0,2415,155,32,4,1,0,0.08,1534
0085.txt,203,199,208,5,0,5054,330,34,5,1,0,0.087,1534
0086.txt,97,96,99,2,0,16480,1054,158,20,5,0,0.2,1534
0087.txt,114,114,114,0,0,6662,446,48,29,9,0,0.093,1534
0088.txt,155,150,153,-2,0,5976,389,46,25,5,0,0.114,1533
0089.txt,385,374,362,-23,0,1619,106,23,8,4,1,0.068,1534
0090.txt,153,155,155,2,0,7500,478,58,9,4,2,0.106,1533
0091.txt,98,103,99,1,0,11744,760,70,17,5,0,0.17,1533
0092.txt,563,568,547,-16,0,1511,102,16,6,3,6,0.077,1534
0093.txt,84,82,85,1,0,12315,805,105,45,4,0,0.152,1533
0094.txt,122,118,118,-4,0,7338,494,41,28,11,0,0.098,1533
0095.txt,255,255,252,-3,0,2907,191,25,8,3,0,0.087,1533
0096.txt,85,84,83,-2,0,11123,726,64,21,5,0,0.172,1533
0097.txt,552,574,563,11,0,1632,108,13,3,0,0,0.062,1532
0098.txt,130,129,126,-4,0,7292,468,54,22,5,1,0.094,1534
0099.txt,198,189,183,-15,0,3820,245,47,13,5,0,0.092,1534
