case,candidates,completed,checksum
0000.txt,37,37,816204004610948454
0001.txt,64,47,9659342416910865731
0002.txt,64,62,13336614233393630273
0003.txt,64,37,9846154642387442228
0004.txt,64,39,5868743466089011035
0005.txt,64,26,10086671006629847274
0006.txt,64,46,507186591489129217
0007.txt,64,52,2674825041975378044
0008.txt,64,40,17920141965280989340
0009.txt,64,58,14208774129454741819
0010.txt,64,52,14723523622886612699
0011.txt,64,46,10525654128450725294
0012.txt,64,42,18228620964614505709
0013.txt,64,51,11658144250769295395
0014.txt,64,52,3633606904291868902
0015.txt,64,42,12057676038240002655
0016.txt,64,41,16263700429714567991
0017.txt,64,53,4847870249899229512
0018.txt,64,34,2591044257394328704
0019.txt,64,38,18413403235399141350
0020.txt,64,54,6655744353329306587
0021.txt,64,54,10139017720273762941
0022.txt,64,54,12367056253196356386
0023.txt,64,32,13661901359584633416
0024.txt,64,37,14100779623175012850
0025.txt,64,57,16693701477626876418
0026.txt,64,43,12399338981540513818
0027.txt,64,31,7331911850896128959
0028.txt,64,47,16501633472421096672
0029.txt,64,41,3006019691893062148
0030.txt,64,44,3998580007914902329
0031.txt,64,49,1277513514513811977
0032.txt,64,48,12827533860645535518
0033.txt,64,43,13693103595731326709
0034.txt,64,41,11851417704820801821
0035.txt,49,37,1966248127026479111
0036.txt,64,50,3582229042672705885
0037.txt,64,45,11367272562188583031
0038.txt,64,55,5000358612861532629
0039.txt,64,43,1713245602201241720
0040.txt,64,43,872385857505348709
0041.txt,64,56,10397856525299628427
0042.txt,64,36,12427270659438181611
0043.txt,64,27,17317113132050913222
0044.txt,64,35,14244673959848913933
0045.txt,64,42,11015969575620966037
0046.txt,64,43,2499980644579135674
0047.txt,64,42,10022142641444623082
0048.txt,64,47,3768764602654705949
0049.txt,64,46,5345024174446336161
0050.txt,64,37,12997574625261075627
0051.txt,64,50,12279836665363317183
0052.txt,64,49,9179596259479780699
0053.txt,64,60,2465353185479614519
0054.txt,64,50,1977551075025097523
0055.txt,64,39,1917009490484356854
0056.txt,64,39,6905413677133017825
0057.txt,64,54,10523818247767909617
0058.txt,64,47,8747116303198179067
0059.txt,64,47,8776027305845615921
0060.txt,64,40,9265774647566182347
0061.txt,64,47,9109783169076520820
0062.txt,64,51,6235176586112113050
0063.txt,64,43,2811221567898568818
0064.txt,64,44,6923825489153610959
0065.txt,64,43,17408032648247834609
0066.txt,64,29,8875708553305440087
0067.txt,64,37,1054547824349595996
0068.txt,64,36,16704674484913076321
0069.txt,64,55,10272637644074201381
0070.txt,64,43,6636878282639228694
0071.txt,64,34,5480489002906609640
0072.txt,64,53,3456405102086958663
0073.txt,64,45,7837691528528546932
0074.txt,64,40,11002935191480867671
0075.txt,64,30,2583345268107875064
0076.txt,64,52,14019256839176950374
0077.txt,64,55,17479160985738783937
0078.txt,64,44,14185763832882636607
0079.txt,64,48,18107065893375765734
0080.txt,64,48,7914294815535909058
0081.txt,64,48,12611955559657520540
0082.txt,64,43,15976384220259857970
0083.txt,64,45,2709579689513296368
0084.txt,64,29,8219160516625378647
0085.txt,64,52,9843680023606892368
0086.txt,64,41,1746008403728494063
0087.txt,64,56,6062298770127305429
0088.txt,64,51,1932990849624522106
0089.txt,64,37,6980722571508482437
0090.txt,64,36,17418676575136399411
0091.txt,64,49,6905654600788291276
0092.txt,64,34,17892104883127441197
0093.txt,63,60,9403735909905401337
0094.txt,64,59,15807896437645640352
0095.txt,64,40,14558885443859604524
0096.txt,64,62,9102786252669791947
0097.txt,64,36,2803104666536711401
0098.txt,64,55,9847453008769540877
0099.txt,64,38,446694983656461108
