case,capacity,total_ns_original,total_ns_full,total_ns_compact,total_ns_change_full/original,total_ns_change_compact/full,total_ns_change_compact/original,reconstruct_ns_original,reconstruct_ns_full,reconstruct_ns_compact,reconstruct_ns_change_full/original,reconstruct_ns_change_compact/full,reconstruct_ns_change_compact/original,smooth_ns_original,smooth_ns_full,smooth_ns_compact,smooth_ns_change_full/original,smooth_ns_change_compact/full,smooth_ns_change_compact/original
0000.txt,128,1503000,1446000,1585000,-3.792415169660679,9.612724757952984,5.45575515635397,1293000,1239000,1404000,-4.176334106728541,13.317191283292985,8.584686774941996,137000,139000,113000,1.4598540145985384,-18.705035971223015,-17.51824817518248
0001.txt,160,6694000,7391000,7520000,10.412309530923224,1.7453659856582426,12.339408425455623,6158000,6816000,7020000,10.685287430984092,2.992957746478875,13.998051315362137,379000,407000,321000,7.387862796833766,-21.130221130221127,-15.303430079155678
0002.txt,160,8717000,8939000,8967000,2.5467477343122713,0.3132341425215346,2.8679591602615684,7980000,8194000,8331000,2.6817042606516184,1.6719550890895718,4.398496240601513,515000,526000,401000,2.1359223300970953,-23.76425855513308,-22.13592233009709
0003.txt,288,9321000,9818000,9671000,5.332045917819972,-1.4972499490731317,3.7549619139577217,8717000,9219000,9103000,5.758861993805198,-1.258270962143404,4.428128943443843,386000,396000,361000,2.590673575129543,-8.838383838383834,-6.476683937823835
0004.txt,224,26828000,27106000,27425000,1.0362308036379941,1.1768612115398813,2.2252870135679226,25286000,25563000,26025000,1.09546784782093,1.8072996127215024,2.9225658467135984,747000,734000,625000,-1.7402945113788482,-14.85013623978202,-16.33199464524766
0005.txt,224,39420000,40061000,40508000,1.6260781329274554,1.1157984074286809,2.760020294266874,36468000,37179000,37694000,1.9496544916090874,1.3851905645660079,3.361851486234513,1478000,1453000,1338000,-1.691474966170503,-7.91465932553338,-9.472259810554807
0006.txt,128,6008000,6160000,6047000,2.5299600532623145,-1.834415584415583,0.6491344873502003,5393000,5541000,5546000,2.744298164287029,0.0902364194188765,2.837010940107554,347000,348000,244000,0.2881844380403509,-29.885057471264364,-29.68299711815562
0007.txt,128,8164000,8469000,8317000,3.735913767760901,-1.794780965875542,1.8740813326800554,7483000,7772000,7762000,3.862087398102365,-0.1286670097786935,3.728451155953505,426000,439000,302000,3.0516431924882736,-31.207289293849662,-29.107981220657276
0008.txt,128,8943000,9245000,9030000,3.376942860337695,-2.3255813953488413,0.9728279100972737,8313000,8601000,8506000,3.4644532659689586,-1.104522729915125,2.321664862263928,376000,366000,271000,-2.659574468085102,-25.95628415300546,-27.925531914893618
0009.txt,192,7297000,7543000,7486000,3.371248458270526,-0.7556675062972307,2.5901055228175984,6803000,7040000,7057000,3.4837571659561917,0.24147727272727515,3.7336469204762635,375000,383000,312000,2.1333333333333426,-18.537859007832903,-16.800000000000004
0010.txt,128,3605000,3707000,3651000,2.829403606102643,-1.5106555165902313,1.276005547850212,3224000,3334000,3341000,3.4119106699751933,0.20995800839831436,3.629032258064524,269000,260000,192000,-3.3457249070631967,-26.15384615384615,-28.624535315985135
0011.txt,192,11960000,12287000,12351000,2.734113712374575,0.5208757223081228,3.26923076923078,11080000,11390000,11571000,2.797833935018046,1.589113257243202,4.4314079422382635,460000,466000,365000,1.304347826086949,-21.673819742489275,-20.65217391304348
0012.txt,160,9878000,10175000,10287000,3.0066815144766057,1.1007371007371036,4.140514274144569,9266000,9573000,9749000,3.313187999136624,1.838504126188245,5.212605223397371,360000,358000,274000,-0.5555555555555536,-23.463687150837988,-23.888888888888893
0013.txt,224,11905000,11978000,11713000,0.6131877362452798,-2.212389380530977,-1.612767744645105,10868000,10981000,10796000,1.0397497239602593,-1.6847281668336267,-0.6624953993375038,704000,690000,598000,-1.9886363636363646,-13.33333333333333,-15.056818181818176
0014.txt,288,55593000,58235000,57444000,4.752396884499843,-1.3582896883317597,3.3295558793373203,52605000,55184000,54578000,4.902575800779396,-1.0981443896781684,3.7505940499952484,1426000,1442000,1305000,1.1220196353436185,-9.500693481276002,-8.485273492286115
0015.txt,288,53639000,54969000,54471000,2.4795391412964385,-0.9059651803743907,1.5511101996681598,49760000,51025000,50702000,2.542202572347274,-0.6330230279274818,1.8930868167202464,1838000,1850000,1710000,0.6528835690968515,-7.567567567567568,-6.964091403699668
0016.txt,192,10712000,11634000,10976000,8.607169529499625,-5.655836341756915,2.46452576549665,10020000,10911000,10387000,8.892215568862284,-4.802492897076349,3.662674650698605,381000,398000,307000,4.461942257217855,-22.864321608040207,-19.422572178477694
0017.txt,192,15723000,16341000,16316000,3.9305476054188215,-0.15298941313260928,3.7715448705717636,14181000,14785000,14906000,4.259220083209936,0.8183970240108307,5.112474437627812,689000,696000,532000,1.0159651669085612,-23.563218390804597,-22.786647314949203
0018.txt,128,4368000,4525000,4497000,3.5943223443223538,-0.6187845303867401,2.953296703296693,4086000,4248000,4259000,3.96475770925111,0.2589453860640356,4.233969652471847,177000,182000,136000,2.824858757062154,-25.274725274725274,-23.163841807909602
0019.txt,384,76201000,78004000,77659000,2.366110680962197,-0.44228501102507867,1.9133607170509492,70645000,72444000,72198000,2.54653549437327,-0.339572635414942,2.1983155212683236,1837000,1805000,1782000,-1.741970604246057,-1.2742382271468178,-2.9940119760479056
0020.txt,160,13253000,13617000,13271000,2.74654795140723,-2.5409414702210475,0.13581830528937022,12257000,12623000,12417000,2.986048788447415,-1.6319416937336628,1.3053765195398581,526000,521000,380000,-0.9505703422053258,-27.063339731285986,-27.756653992395442
0021.txt,160,5144000,5297000,5305000,2.974339035769824,0.1510288842741181,3.1298600311042035,4712000,4874000,4925000,3.4380305602716543,1.046368485843252,4.520373514431242,328000,321000,275000,-2.1341463414634165,-14.330218068535828,-16.15853658536586
0022.txt,160,5503000,5747000,5672000,4.433945120843186,-1.3050287106316394,3.07105215337089,5102000,5327000,5314000,4.410035280282232,-0.2440397972592434,4.15523324186593,323000,325000,259000,0.6191950464396356,-20.307692307692303,-19.814241486068106
0023.txt,160,4498000,4656000,4602000,3.5126722987994574,-1.1597938144329856,2.3121387283236983,4172000,4323000,4317000,3.619367209971247,-0.1387925052047212,3.4755512943432487,194000,202000,154000,4.123711340206193,-23.762376237623762,-20.618556701030933
0024.txt,192,6707000,6860000,6980000,2.281198747577151,1.7492711370262315,4.0703742358729755,6147000,6304000,6479000,2.554091426712213,2.7760152284263873,5.401008622092074,387000,387000,336000,0.0,-13.178294573643413,-13.178294573643413
0025.txt,192,3504000,3698000,3721000,5.5365296803652875,0.6219578150351568,6.192922374429233,3159000,3354000,3434000,6.172839506172845,2.3852116875372698,8.705286483064256,255000,250000,203000,-1.9607843137254943,-18.799999999999994,-20.392156862745104
0026.txt,256,7753000,8035000,8063000,3.637301689668515,0.3484754200373308,3.9984522120469546,7125000,7399000,7468000,3.845614035087719,0.9325584538451226,4.814035087719293,429000,428000,386000,-0.2331002331002363,-9.813084112149529,-10.023310023310028
0027.txt,128,6589000,6688000,6793000,1.5025041736226985,1.5699760765550241,3.0960692062528494,5982000,6066000,6262000,1.4042126379137487,3.2311242993735556,4.680708793045807,318000,314000,239000,-1.2578616352201255,-23.885350318471332,-24.84276729559748
0028.txt,256,19827000,20525000,20175000,3.520451909012956,-1.705237515225333,1.7551823271296785,18208000,18912000,18671000,3.866432337434089,-1.274323181049064,2.5428383128295318,997000,1000000,893000,0.30090270812437314,-10.7,-10.431293881644931
0029.txt,288,25369000,26276000,26059000,3.5752296109424986,-0.8258486832090073,2.7198549410698103,23776000,24642000,24543000,3.6423283983849197,-0.40175310445580426,3.2259421265141253,736000,747000,660000,1.4945652173913082,-11.646586345381527,-10.32608695652174
0030.txt,256,22593000,23316000,23037000,3.200106227592614,-1.1966031909418473,1.9652104634178658,19907000,20661000,20503000,3.787612397649065,-0.7647258119161671,2.9939217360727355,1507000,1503000,1380000,-0.2654280026542777,-8.183632734530944,-8.427339084273388
0031.txt,160,11671000,11956000,11881000,2.441950132807813,-0.6273001003680112,1.7993316768057488,10999000,11285000,11300000,2.6002363851259203,0.13291980505094614,2.7366124193108465,451000,453000,356000,0.44345898004434225,-21.41280353200883,-21.064301552106436
0032.txt,224,13447000,13994000,13870000,4.067821818993078,-0.8860940403029871,3.1456830519818624,12639000,13186000,13155000,4.327874040667767,-0.23509783103291548,4.082601471635416,490000,502000,417000,2.448979591836742,-16.93227091633466,-14.897959183673471
0033.txt,160,11488000,11777000,11596000,2.515668523676884,-1.5368939458266118,0.9401114206128103,10637000,10943000,10885000,2.876750963617569,-0.5300191903499951,2.3314844411018054,435000,438000,326000,0.6896551724137945,-25.570776255707763,-25.057471264367813
0034.txt,288,29606000,30449000,29296000,2.8473957981490328,-3.786659660415781,-1.047085050327634,27089000,27849000,26889000,2.8055668352467755,-3.447161477970484,-0.7383070619070509,1349000,1394000,1238000,3.3358042994811044,-11.190817790530849,-8.228317272053376
0035.txt,128,2673000,2768000,2697000,3.55405910961466,-2.565028901734101,0.8978675645342271,2393000,2508000,2463000,4.80568324279147,-1.7942583732057371,2.9251984956121913,203000,202000,163000,-0.49261083743842304,-19.3069306930693,-19.704433497536943
0036.txt,192,18823000,19439000,19510000,3.272592041651179,0.36524512577806867,3.649790150347987,17430000,18045000,18281000,3.528399311531838,1.3078415073427552,4.882386689615603,668000,666000,521000,-0.29940119760478723,-21.771771771771775,-22.005988023952096
0037.txt,288,17296000,17411000,17659000,0.6648936170212671,1.4243868818562877,2.098751156336731,15873000,16042000,16346000,1.064701064701068,1.895025557910479,2.979902979902982,824000,800000,743000,-2.9126213592232997,-7.1250000000000036,-9.830097087378642
0038.txt,192,8823000,9095000,8801000,3.0828516377649384,-3.2325453545904326,-0.2493482942309888,8037000,8278000,8126000,2.9986313300983003,-1.836192316984775,1.1073783750155552,536000,552000,430000,2.9850746268656803,-22.101449275362317,-19.77611940298507
0039.txt,256,8040000,8639000,8655000,7.4502487562189135,0.18520662113670205,7.649253731343286,7481000,8093000,8154000,8.180724502071923,0.7537377980971316,8.996123512899334,363000,367000,325000,1.1019283746556363,-11.4441416893733,-10.468319559228645
0040.txt,224,9481000,9379000,9446000,-1.0758358822908987,0.7143618722678324,-0.36915937137432797,8737000,8659000,8788000,-0.8927549502117382,1.4897794202563874,0.5837243905230549,586000,568000,513000,-3.0716723549488067,-9.6830985915493,-12.457337883959042
0041.txt,160,7694000,7989000,7859000,3.8341564855731702,-1.627237451495811,2.1445282037951596,7110000,7395000,7372000,4.008438818565407,-0.31102096010817704,3.684950773558371,363000,369000,281000,1.6528925619834656,-23.848238482384822,-22.589531680440768
0042.txt,352,32697000,33714000,33895000,3.110377098816408,0.5368689565165896,3.6639447044071405,30641000,31671000,31826000,3.3615090891289556,0.48940671276562764,3.8673672530269876,920000,912000,877000,-0.8695652173912993,-3.837719298245612,-4.673913043478262
0043.txt,160,8410000,8378000,8351000,-0.38049940546968086,-0.3222726187634306,-0.7015457788347224,7753000,7743000,7790000,-0.12898232942086807,0.6069998708510882,0.4772346188572252,383000,374000,310000,-2.3498694516971286,-17.112299465240643,-19.060052219321143
0044.txt,192,13606000,14316000,13941000,5.2182860502719475,-2.6194467728415716,2.4621490518888622,12694000,13394000,13139000,5.514416259650234,-1.903837539196651,3.505593193634793,456000,461000,360000,1.0964912280701844,-21.908893709327547,-21.052631578947366
0045.txt,192,10330000,10604000,10544000,2.6524685382381508,-0.5658242172765005,2.07163601161664,9162000,9442000,9484000,3.056101287928392,0.44482101249734285,3.514516481117669,541000,540000,424000,-0.1848428835489857,-21.48148148148148,-21.62661737523105
0046.txt,128,11157000,11387000,11310000,2.061486062561624,-0.6762097128304223,1.371336380747512,10337000,10575000,10622000,2.3024088226758277,0.4444444444444473,2.757086195221059,423000,428000,307000,1.1820330969267046,-28.27102803738317,-27.42316784869976
0047.txt,256,28407000,29168000,29148000,2.678917168303596,-0.06856829402084319,2.608511986482198,26353000,27133000,27199000,2.9598148218419107,0.24324623152618408,3.210260691382394,943000,936000,842000,-0.7423117709437932,-10.04273504273504,-10.710498409331915
0048.txt,192,16372000,17136000,16722000,4.666503786953324,-2.4159663865546244,2.1377962374786286,14748000,15466000,15267000,4.868456739896931,-1.2866933919565504,3.519121236777867,700000,726000,544000,3.7142857142857144,-25.068870523415974,-22.285714285714285
0049.txt,192,14713000,15298000,15123000,3.976075579419569,-1.1439403843639728,2.7866512607897853,13448000,14015000,13968000,4.216240333135035,-0.3353549768105646,3.8667459845330265,578000,589000,461000,1.903114186851207,-21.731748726655354,-20.242214532871973
0050.txt,128,6642000,6759000,6622000,1.7615176151761558,-2.0269270602160105,-0.3011141222523328,5987000,6091000,6065000,1.73709704359446,-0.4268593006074517,1.302822782695845,417000,420000,318000,0.7194244604316502,-24.28571428571429,-23.741007194244602
0051.txt,160,8195000,8454000,8329000,3.160463697376459,-1.4785900165602106,1.6351433801098159,7514000,7763000,7748000,3.3138142134681914,-0.193224268968184,3.114186851211076,438000,443000,340000,1.1415525114155223,-23.250564334085777,-22.374429223744297
0052.txt,224,14565000,15240000,15047000,4.63439752832131,-1.2664041994750685,3.309303123927232,13453000,14108000,14040000,4.86880249758419,-0.48199603062092367,4.363339032186131,655000,669000,553000,2.1374045801526798,-17.33931240657698,-15.57251908396946
0053.txt,192,8697000,8937000,8817000,2.7595722662987265,-1.3427324605572388,1.3797861331493522,7908000,8150000,8143000,3.060192210419821,-0.08588957055214452,2.971674253920087,542000,554000,440000,2.2140221402213944,-20.57761732851986,-18.81918819188192
0054.txt,256,23356000,23903000,24048000,2.3420106182565403,0.6066184160983923,2.9628361020722638,21535000,22105000,22370000,2.646853958671924,1.1988237955213643,3.8774088692825615,1074000,1063000,946000,-1.0242085661080091,-11.0065851364064,-11.918063314711357
0055.txt,288,27179000,27967000,28017000,2.8992972515545112,0.17878213608897298,3.0832628132013706,25214000,25992000,26115000,3.085587372094878,0.47322253000923187,3.573411596731968,728000,736000,654000,1.098901098901095,-11.141304347826086,-10.164835164835162
0056.txt,224,12706000,12877000,12752000,1.3458208720289688,-0.970722994486295,0.36203368487328635,11698000,11877000,11848000,1.530176098478364,-0.24416940304791135,1.282270473585223,538000,539000,449000,0.18587360594795044,-16.69758812615956,-16.542750929368033
0057.txt,256,20842000,21345000,21344000,2.4133960272526567,-0.004684937924570587,2.4085980232223303,19062000,19590000,19669000,2.7699087189172245,0.40326697294537084,3.1843458189067197,974000,956000,866000,-1.848049281314168,-9.414225941422593,-11.088295687885008
0058.txt,256,23039000,24763000,23983000,7.482963670298193,-3.1498606792391914,4.097400060766532,21397000,23048000,22463000,7.7160349581717025,-2.538181187087818,4.982006823386453,1012000,1062000,898000,4.940711462450587,-15.442561205273064,-11.264822134387353
0059.txt,192,5422000,5585000,5515000,3.0062707488011764,-1.25335720680394,1.7152342309111113,5036000,5229000,5213000,3.8324066719618743,-0.3059858481545219,3.5146942017474148,247000,255000,198000,3.238866396761142,-22.352941176470587,-19.83805668016194
0060.txt,224,12142000,12215000,12425000,0.6012189095700782,1.7191977077363862,2.330752759018284,11403000,11479000,11743000,0.6664912742260887,2.2998519034759024,2.9816714899587815,510000,511000,464000,0.19607843137254832,-9.197651663405093,-9.019607843137257
0061.txt,192,19975000,19976000,19910000,0.005006257822270932,-0.3303964757709221,-0.32540675844805467,18281000,18329000,18459000,0.26256769323340645,0.7092585520213968,0.9736885290739128,977000,954000,759000,-2.3541453428863823,-20.44025157232704,-22.313203684749226
0062.txt,224,17425000,18249000,17871000,4.728837876614067,-2.0713463751438455,2.559540889526546,16275000,17019000,16850000,4.571428571428582,-0.9930078147952326,3.533026113671278,656000,670000,544000,2.1341463414634054,-18.80597014925374,-17.07317073170732
0063.txt,256,17952000,18719000,19429000,4.272504456327986,3.792937656926121,8.227495543672013,16504000,17282000,18084000,4.714008725157548,4.640666589515097,9.573436742607843,857000,887000,802000,3.5005834305717576,-9.582863585118373,-6.417736289381559
0064.txt,224,7877000,8051000,7962000,2.208962803097636,-1.1054527387902136,1.0790910245017216,6824000,7032000,7046000,3.0480656506447934,0.19908987485779406,3.2532239155920184,618000,616000,515000,-0.3236245954692518,-16.3961038961039,-16.666666666666664
0065.txt,192,9027000,9567000,9145000,5.982053838484536,-4.410996132538935,1.3071895424836555,8305000,8845000,8505000,6.502107164358817,-3.843979649519502,2.408187838651421,515000,531000,450000,3.106796116504862,-15.254237288135597,-12.621359223300976
0066.txt,224,24711000,25990000,25152000,5.175832625146692,-3.224317045017311,1.7846303265752095,22816000,24082000,23377000,5.548737727910247,-2.927497716136529,2.45880084151473,976000,976000,847000,0.0,-13.2172131147541,-13.2172131147541
0067.txt,192,11851000,12387000,11916000,4.522825078052484,-3.802373456042629,0.5484769217787511,10958000,11501000,11101000,4.95528381091439,-3.4779584383966666,1.3049826610695314,568000,578000,478000,1.760563380281699,-17.301038062283737,-15.845070422535212
0068.txt,352,32332000,32546000,32711000,0.6618829642459412,0.5069747434400584,1.1722132871458513,29343000,29627000,29865000,0.96786286337458,0.8033212947649027,1.778959206625097,1065000,1038000,1000000,-2.5352112676056304,-3.6608863198458574,-6.103286384976525
0069.txt,128,8919000,9249000,8921000,3.699966363942142,-3.546329332900855,0.02242403856933528,8157000,8484000,8300000,4.008826774549457,-2.1687883074021697,1.753095500796853,512000,519000,369000,1.3671875,-28.90173410404624,-27.9296875
0070.txt,320,48385000,48522000,48930000,0.28314560297613145,0.8408556943242163,1.1263821432262011,45560000,45837000,46307000,0.6079894644424932,1.025372515653289,1.6395961369622514,1502000,1460000,1428000,-2.79627163781625,-2.1917808219178103,-4.9267643142476665
0071.txt,288,33020000,33939000,33581000,2.7831617201695913,-1.0548336721765472,1.6989703210175566,30704000,31603000,31370000,2.927957269411152,-0.7372717779957627,2.1690984887962506,1084000,1068000,966000,-1.4760147601476037,-9.55056179775281,-10.885608856088558
0072.txt,192,8265000,8292000,8128000,0.32667876588021727,-1.9778099372889546,-1.6575922565033263,7711000,7746000,7658000,0.4538970302165657,-1.1360702297960268,-0.6873297886136664,411000,403000,334000,-1.9464720194647178,-17.121588089330018,-18.734793187347933
0073.txt,160,16430000,17526000,16570000,6.670724284844787,-5.454752938491381,0.8520998174071925,14934000,16022000,15224000,7.285389045131918,-4.980651604044439,1.941877594750241,734000,741000,561000,0.95367847411445,-24.2914979757085,-23.569482288828336
0074.txt,128,5454000,5639000,5588000,3.3920058672533893,-0.9044156765383948,2.456912357902463,4965000,5149000,5194000,3.7059415911379734,0.8739561079821323,4.612286002014088,268000,274000,206000,2.238805970149249,-24.817518248175187,-23.134328358208954
0075.txt,288,32307000,31115000,30950000,-3.68960287244251,-0.5302908565000819,-4.200328102268857,30254000,29188000,29014000,-3.5235010246578935,-0.5961353981088102,-4.0986315859059985,958000,910000,838000,-5.0104384133611735,-7.912087912087918,-12.526096033402922
0076.txt,192,21252000,22266000,21726000,4.771315640880869,-2.425222312045272,2.2303783173348357,19538000,20527000,20161000,5.061930596785746,-1.783017489160621,3.1886579997952635,960000,989000,785000,3.0208333333333393,-20.626895854398384,-18.229166666666664
0077.txt,128,6950000,7118000,7151000,2.41726618705036,0.46361337454341456,2.8920863309352507,6440000,6613000,6736000,2.686335403726714,1.8599727808861433,4.596273291925468,342000,334000,240000,-2.3391812865497075,-28.143712574850298,-29.824561403508774
0078.txt,224,16403000,16788000,17434000,2.347131622264209,3.84798665713606,6.2854355910504145,14828000,15194000,15981000,2.4683032101429747,5.179676187968929,7.775829511734567,863000,877000,758000,1.6222479721900385,-13.56898517673888,-12.166859791425255
0079.txt,160,4681000,4630000,4607000,-1.089510788293102,-0.49676025917926303,-1.580858790856654,4309000,4273000,4297000,-0.8354606637270834,0.5616662766206426,-0.2784868879090241,284000,277000,224000,-2.464788732394363,-19.133574007220222,-21.126760563380287
0080.txt,192,15880000,15851000,16155000,-0.18261964735516445,1.9178600719197636,1.731738035264474,14715000,14724000,15147000,0.06116207951070152,2.872860635696828,2.9357798165137616,640000,619000,498000,-3.281250000000002,-19.547657512116313,-22.187500000000004
0081.txt,256,47670000,50036000,48775000,4.963289280469896,-2.520185466464142,2.3180197189007767,44765000,47162000,46058000,5.3546297330503645,-2.340867647682454,2.8884172902937655,1187000,1232000,1031000,3.7910699241785917,-16.314935064935064,-13.14237573715249
0082.txt,224,24515000,25016000,24777000,2.04364674688966,-0.9553885513271521,1.0687334285131467,22308000,22743000,22673000,1.949973103819258,-0.3077870113881165,1.6361843284920186,1109000,1122000,941000,1.1722272317403082,-16.1319073083779,-15.1487826871055
0083.txt,160,11526000,11770000,11879000,2.116952975880615,0.9260832625318516,3.0626409855977865,10578000,10818000,11031000,2.2688598979013097,1.9689406544647792,4.282473057288705,534000,533000,415000,-0.1872659176029967,-22.13883677298312,-22.284644194756552
0084.txt,224,17838000,17933000,17857000,0.5325709160219683,-0.423799698879157,0.1065141832043981,16021000,16128000,16148000,0.667873416141318,0.12400793650793052,0.7927095686910857,644000,631000,532000,-2.018633540372672,-15.689381933438984,-17.391304347826086
0085.txt,256,11017000,11062000,11775000,0.40845965326314904,6.4454890616524985,6.880275937187985,9870000,9949000,10727000,0.8004052684903673,7.819881395115091,8.682877406281664,739000,726000,659000,-1.7591339648173165,-9.228650137741045,-10.825439783491209
0086.txt,96,4979000,4918000,4803000,-1.22514561156859,-2.33834892232615,-3.5348463546896913,4528000,4480000,4437000,-1.0600706713780883,-0.9598214285714279,-2.0097173144876357,317000,310000,233000,-2.208201892744477,-24.838709677419356,-26.498422712933756
0087.txt,224,8865000,9382000,9188000,5.831923293852226,-2.067789383926666,3.6435420191765377,8072000,8612000,8527000,6.689791873141715,-0.9869948908499793,5.636769078295334,489000,506000,422000,3.476482617586907,-16.600790513833996,-13.70143149284253
0088.txt,224,10842000,10892000,10963000,0.4611695259177262,0.6518545721630575,1.1160302527208898,9901000,9955000,10109000,0.5453994546005481,1.5469613259668558,2.1007978992021004,558000,567000,464000,1.6129032258064502,-18.165784832451504,-16.84587813620072
0089.txt,320,42762000,43743000,42311000,2.2940928862073884,-3.2736666438058615,-1.0546747111921828,40379000,41447000,39915000,2.6449392010698736,-3.696286824136852,-1.1491121622625666,1160000,1097000,1020000,-5.431034482758623,-7.0191431175934405,-12.06896551724138
0090.txt,224,9529000,9384000,9685000,-1.5216706894742416,3.207587382779198,1.6371077762619368,8764000,8669000,8993000,-1.0839799178457343,3.7374553004960287,2.612962117754458,520000,496000,453000,-4.61538461538461,-8.669354838709676,-12.884615384615383
0091.txt,128,6175000,6790000,6732000,9.959514170040485,-0.8541973490427068,9.02024291497976,5561000,6139000,6235000,10.39381406221902,1.5637726014008813,12.120122280165436,337000,357000,251000,5.934718100890213,-29.691876750700285,-25.519287833827896
0092.txt,320,47354000,47731000,49821000,0.7961312666300735,4.378705662986326,5.209697174473127,43256000,43732000,45894000,1.1004253745145132,4.943748285008698,6.098575920103566,1733000,1659000,1728000,-4.270051933064057,4.159132007233279,-0.288517022504331
0093.txt,128,5943000,6001000,5896000,0.9759380784115868,-1.7497083819363435,-0.7908463738852456,5394000,5450000,5438000,1.0381905821282844,-0.22018348623853434,0.8157211716722346,433000,433000,334000,0.0,-22.863741339491916,-22.863741339491916
0094.txt,288,9052000,9351000,9603000,3.3031374281926595,2.6948989412896918,6.087052585064079,8258000,8547000,8858000,3.499636715911847,3.638703638703644,7.265681763138776,538000,546000,488000,1.486988847583648,-10.622710622710619,-9.293680297397767
0095.txt,192,20958000,21792000,22148000,3.979387346120822,1.6336270190895785,5.678022712090858,19423000,20198000,20723000,3.9901148123358876,2.5992672541835793,6.693095814240846,696000,720000,580000,3.4482758620689724,-19.444444444444443,-16.666666666666664
0096.txt,160,7235000,7626000,7598000,5.404284727021413,-0.3671649619721995,5.017277125086395,6649000,7061000,7119000,6.196420514363066,0.821413397535764,7.068732140171452,373000,378000,284000,1.3404825737265424,-24.86772486772487,-23.860589812332446
0097.txt,288,47354000,49528000,48332000,4.5909532457659274,-2.4147956711355167,2.065295434387804,44324000,46276000,45397000,4.403934662936559,-1.8994727288443203,2.420810396173634,1696000,1721000,1592000,1.474056603773577,-7.4956420685647895,-6.132075471698117
0098.txt,160,8847000,8706000,8536000,-1.5937605968124768,-1.9526763151849313,-3.515315926302698,7931000,7834000,7775000,-1.2230487958643343,-0.753127393413322,-1.9669650737611954,629000,605000,481000,-3.8155802861685184,-20.495867768595044,-23.529411764705888
0099.txt,256,14593000,15078000,14804000,3.3235112725279237,-1.8172171375513968,1.4458987185636873,13324000,14036000,13786000,5.343740618432902,-1.7811342262752938,3.467427199039319,526000,534000,483000,1.520912547528508,-9.55056179775281,-8.174904942965778
